Wrote 1 TRM rows to C:\projects\Hermes Skills\data\primehub_trm_autoresearch\cycle_01\stage\qwen35_27b_aime2024_q0016.trm.jsonl
{"exact_positive": 0, "near_miss": 0, "weak_positive": 0, "negative": 1}
Wrote 1 TRM rows to C:\projects\Hermes Skills\data\primehub_trm_autoresearch\cycle_01\stage\qwen35_27b_aime2025_q0017.trm.jsonl
{"exact_positive": 0, "near_miss": 0, "weak_positive": 0, "negative": 1}
Wrote 1 TRM rows to C:\projects\Hermes Skills\data\primehub_trm_autoresearch\cycle_01\stage\qwen35_27b_aime2026_q0018.trm.jsonl
{"exact_positive": 0, "near_miss": 0, "weak_positive": 0, "negative": 1}
Wrote 1 TRM rows to C:\projects\Hermes Skills\data\primehub_trm_autoresearch\cycle_01\stage\qwen35_27b_clbench_q0019.trm.jsonl
{"exact_positive": 0, "near_miss": 0, "weak_positive": 0, "negative": 1}
Wrote 1 TRM rows to C:\projects\Hermes Skills\data\primehub_trm_autoresearch\cycle_01\stage\qwen35_27b_if_summarize_judge_q0020.trm.jsonl
{"exact_positive": 0, "near_miss": 0, "weak_positive": 0, "negative": 1}
Wrote 1 TRM rows to C:\projects\Hermes Skills\data\primehub_trm_autoresearch\cycle_01\stage\qwen35_27b_lisanbench_q0013.trm.jsonl
{"exact_positive": 0, "near_miss": 0, "weak_positive": 0, "negative": 1}
Wrote 1 TRM rows to C:\projects\Hermes Skills\data\primehub_trm_autoresearch\cycle_01\stage\qwen35_27b_logic_env_q0021.trm.jsonl
{"exact_positive": 0, "near_miss": 0, "weak_positive": 0, "negative": 1}
Wrote 1 TRM rows to C:\projects\Hermes Skills\data\primehub_trm_autoresearch\cycle_01\stage\qwen35_27b_math500_q0022.trm.jsonl
{"exact_positive": 0, "near_miss": 0, "weak_positive": 0, "negative": 1}
Wrote 1 TRM rows to C:\projects\Hermes Skills\data\primehub_trm_autoresearch\cycle_01\stage\qwen35_27b_math_env_q0023.trm.jsonl
{"exact_positive": 0, "near_miss": 0, "weak_positive": 0, "negative": 1}
Wrote 1 TRM rows to C:\projects\Hermes Skills\data\primehub_trm_autoresearch\cycle_01\stage\qwen35_27b_misguided_attn_q0014.trm.jsonl
{"exact_positive": 0, "near_miss": 0, "weak_positive": 0, "negative": 1}
Wrote 1 TRM rows to C:\projects\Hermes Skills\data\primehub_trm_autoresearch\cycle_01\stage\qwen35_27b_mmlu_pro_q0024.trm.jsonl
{"exact_positive": 0, "near_miss": 0, "weak_positive": 0, "negative": 1}
Wrote 1 TRM rows to C:\projects\Hermes Skills\data\primehub_trm_autoresearch\cycle_01\stage\qwen35_27b_psycho_bench_q0015.trm.jsonl
{"exact_positive": 0, "near_miss": 0, "weak_positive": 0, "negative": 1}
Wrote 1 TRM rows to C:\projects\Hermes Skills\data\primehub_trm_autoresearch\cycle_01\stage\qwen35_9b_aime2024_q0004.trm.jsonl
{"exact_positive": 0, "near_miss": 0, "weak_positive": 0, "negative": 1}
Wrote 1 TRM rows to C:\projects\Hermes Skills\data\primehub_trm_autoresearch\cycle_01\stage\qwen35_9b_aime2025_q0005.trm.jsonl
{"exact_positive": 0, "near_miss": 0, "weak_positive": 0, "negative": 1}
Wrote 1 TRM rows to C:\projects\Hermes Skills\data\primehub_trm_autoresearch\cycle_01\stage\qwen35_9b_aime2026_q0006.trm.jsonl
{"exact_positive": 0, "near_miss": 0, "weak_positive": 0, "negative": 1}
Wrote 1 TRM rows to C:\projects\Hermes Skills\data\primehub_trm_autoresearch\cycle_01\stage\qwen35_9b_clbench_q0007.trm.jsonl
{"exact_positive": 0, "near_miss": 0, "weak_positive": 0, "negative": 1}
Wrote 1 TRM rows to C:\projects\Hermes Skills\data\primehub_trm_autoresearch\cycle_01\stage\qwen35_9b_if_summarize_judge_q0008.trm.jsonl
{"exact_positive": 0, "near_miss": 0, "weak_positive": 0, "negative": 1}
Wrote 1 TRM rows to C:\projects\Hermes Skills\data\primehub_trm_autoresearch\cycle_01\stage\qwen35_9b_lisanbench_q0001.trm.jsonl
{"exact_positive": 1, "near_miss": 0, "weak_positive": 0, "negative": 0}
Wrote 1 TRM rows to C:\projects\Hermes Skills\data\primehub_trm_autoresearch\cycle_01\stage\qwen35_9b_logic_env_q0009.trm.jsonl
{"exact_positive": 0, "near_miss": 0, "weak_positive": 0, "negative": 1}
Wrote 1 TRM rows to C:\projects\Hermes Skills\data\primehub_trm_autoresearch\cycle_01\stage\qwen35_9b_math500_q0010.trm.jsonl
{"exact_positive": 0, "near_miss": 0, "weak_positive": 0, "negative": 1}
Wrote 1 TRM rows to C:\projects\Hermes Skills\data\primehub_trm_autoresearch\cycle_01\stage\qwen35_9b_math_env_q0011.trm.jsonl
{"exact_positive": 1, "near_miss": 0, "weak_positive": 0, "negative": 0}
Wrote 1 TRM rows to C:\projects\Hermes Skills\data\primehub_trm_autoresearch\cycle_01\stage\qwen35_9b_misguided_attn_q0002.trm.jsonl
{"exact_positive": 0, "near_miss": 0, "weak_positive": 0, "negative": 1}
Wrote 1 TRM rows to C:\projects\Hermes Skills\data\primehub_trm_autoresearch\cycle_01\stage\qwen35_9b_mmlu_pro_q0012.trm.jsonl
{"exact_positive": 0, "near_miss": 0, "weak_positive": 0, "negative": 1}
Wrote 1 TRM rows to C:\projects\Hermes Skills\data\primehub_trm_autoresearch\cycle_01\stage\qwen35_9b_psycho_bench_q0003.trm.jsonl
{"exact_positive": 1, "near_miss": 0, "weak_positive": 0, "negative": 0}
Wrote 1 TRM rows to C:\projects\Hermes Skills\data\primehub_trm_autoresearch\cycle_01\stage\qwen35_27b_math_env_q0001.trm.jsonl
{"exact_positive": 0, "near_miss": 0, "weak_positive": 0, "negative": 1}
Wrote 1 TRM rows to C:\projects\Hermes Skills\data\primehub_trm_autoresearch\cycle_01\stage\qwen35_27b_mmlu_pro_q0002.trm.jsonl
{"exact_positive": 0, "near_miss": 0, "weak_positive": 0, "negative": 1}
Wrote 1 TRM rows to C:\projects\Hermes Skills\data\primehub_trm_autoresearch\cycle_01\stage\qwen35_27b_agency_bench_q0029.trm.jsonl
{"exact_positive": 0, "near_miss": 0, "weak_positive": 0, "negative": 1}
Wrote 1 TRM rows to C:\projects\Hermes Skills\data\primehub_trm_autoresearch\cycle_01\stage\qwen35_27b_aime2024_q0009.trm.jsonl
{"exact_positive": 0, "near_miss": 0, "weak_positive": 0, "negative": 1}
Wrote 1 TRM rows to C:\projects\Hermes Skills\data\primehub_trm_autoresearch\cycle_01\stage\qwen35_27b_aime2025_q0010.trm.jsonl
{"exact_positive": 0, "near_miss": 0, "weak_positive": 0, "negative": 1}
Wrote 1 TRM rows to C:\projects\Hermes Skills\data\primehub_trm_autoresearch\cycle_01\stage\qwen35_27b_aime2026_q0011.trm.jsonl
{"exact_positive": 0, "near_miss": 0, "weak_positive": 0, "negative": 1}
Wrote 1 TRM rows to C:\projects\Hermes Skills\data\primehub_trm_autoresearch\cycle_01\stage\qwen35_27b_allenai_ifeval_q0030.trm.jsonl
{"exact_positive": 0, "near_miss": 0, "weak_positive": 0, "negative": 1}
Wrote 1 TRM rows to C:\projects\Hermes Skills\data\primehub_trm_autoresearch\cycle_01\stage\qwen35_27b_antislop_q0031.trm.jsonl
{"exact_positive": 1, "near_miss": 0, "weak_positive": 0, "negative": 0}
Wrote 1 TRM rows to C:\projects\Hermes Skills\data\primehub_trm_autoresearch\cycle_01\stage\qwen35_27b_arc_q0032.trm.jsonl
{"exact_positive": 0, "near_miss": 0, "weak_positive": 0, "negative": 1}
Wrote 1 TRM rows to C:\projects\Hermes Skills\data\primehub_trm_autoresearch\cycle_01\stage\qwen35_27b_ascii_tree_q0033.trm.jsonl
{"exact_positive": 0, "near_miss": 0, "weak_positive": 0, "negative": 1}
Wrote 1 TRM rows to C:\projects\Hermes Skills\data\primehub_trm_autoresearch\cycle_01\stage\qwen35_27b_bixbench_q0034.trm.jsonl
{"exact_positive": 0, "near_miss": 0, "weak_positive": 0, "negative": 1}
Wrote 1 TRM rows to C:\projects\Hermes Skills\data\primehub_trm_autoresearch\cycle_01\stage\qwen35_27b_boolq_q0035.trm.jsonl
{"exact_positive": 0, "near_miss": 0, "weak_positive": 0, "negative": 1}
Wrote 1 TRM rows to C:\projects\Hermes Skills\data\primehub_trm_autoresearch\cycle_01\stage\qwen35_27b_clbench_q0012.trm.jsonl
{"exact_positive": 0, "near_miss": 0, "weak_positive": 0, "negative": 1}
Wrote 1 TRM rows to C:\projects\Hermes Skills\data\primehub_trm_autoresearch\cycle_01\stage\qwen35_27b_coconot_q0036.trm.jsonl
{"exact_positive": 0, "near_miss": 0, "weak_positive": 0, "negative": 1}
Wrote 1 TRM rows to C:\projects\Hermes Skills\data\primehub_trm_autoresearch\cycle_01\stage\qwen35_27b_colf_q0037.trm.jsonl
{"exact_positive": 0, "near_miss": 0, "weak_positive": 0, "negative": 1}
Wrote 1 TRM rows to C:\projects\Hermes Skills\data\primehub_trm_autoresearch\cycle_01\stage\qwen35_27b_deep_consult_q0038.trm.jsonl
{"exact_positive": 0, "near_miss": 0, "weak_positive": 0, "negative": 1}
Wrote 1 TRM rows to C:\projects\Hermes Skills\data\primehub_trm_autoresearch\cycle_01\stage\qwen35_27b_gauss_q0039.trm.jsonl
{"exact_positive": 0, "near_miss": 0, "weak_positive": 0, "negative": 1}
Wrote 1 TRM rows to C:\projects\Hermes Skills\data\primehub_trm_autoresearch\cycle_01\stage\qwen35_27b_hellaswag_q0040.trm.jsonl
{"exact_positive": 0, "near_miss": 0, "weak_positive": 0, "negative": 1}
Wrote 1 TRM rows to C:\projects\Hermes Skills\data\primehub_trm_autoresearch\cycle_01\stage\qwen35_27b_if_summarize_judge_q0013.trm.jsonl
{"exact_positive": 0, "near_miss": 0, "weak_positive": 0, "negative": 1}
Wrote 1 TRM rows to C:\projects\Hermes Skills\data\primehub_trm_autoresearch\cycle_01\stage\qwen35_27b_jailbreak_bench_q0041.trm.jsonl
{"exact_positive": 0, "near_miss": 0, "weak_positive": 0, "negative": 1}
Wrote 1 TRM rows to C:\projects\Hermes Skills\data\primehub_trm_autoresearch\cycle_01\stage\qwen35_27b_lisanbench_q0042.trm.jsonl
{"exact_positive": 0, "near_miss": 0, "weak_positive": 0, "negative": 1}
Wrote 1 TRM rows to C:\projects\Hermes Skills\data\primehub_trm_autoresearch\cycle_01\stage\qwen35_27b_llm_writing_detection_q0043.trm.jsonl
{"exact_positive": 0, "near_miss": 0, "weak_positive": 0, "negative": 1}
Wrote 1 TRM rows to C:\projects\Hermes Skills\data\primehub_trm_autoresearch\cycle_01\stage\qwen35_27b_logic_env_q0014.trm.jsonl
{"exact_positive": 0, "near_miss": 0, "weak_positive": 0, "negative": 1}
Wrote 1 TRM rows to C:\projects\Hermes Skills\data\primehub_trm_autoresearch\cycle_01\stage\qwen35_27b_longbench_v2_q0044.trm.jsonl
{"exact_positive": 0, "near_miss": 0, "weak_positive": 0, "negative": 1}
Wrote 1 TRM rows to C:\projects\Hermes Skills\data\primehub_trm_autoresearch\cycle_01\stage\qwen35_27b_math500_q0015.trm.jsonl
{"exact_positive": 0, "near_miss": 0, "weak_positive": 0, "negative": 1}
Wrote 1 TRM rows to C:\projects\Hermes Skills\data\primehub_trm_autoresearch\cycle_01\stage\qwen35_27b_math_env_q0016.trm.jsonl
{"exact_positive": 0, "near_miss": 0, "weak_positive": 0, "negative": 1}
Wrote 1 TRM rows to C:\projects\Hermes Skills\data\primehub_trm_autoresearch\cycle_01\stage\qwen35_27b_medsafetybench_q0045.trm.jsonl
{"exact_positive": 0, "near_miss": 0, "weak_positive": 0, "negative": 1}
Wrote 1 TRM rows to C:\projects\Hermes Skills\data\primehub_trm_autoresearch\cycle_01\stage\qwen35_27b_misguided_attn_q0046.trm.jsonl
{"exact_positive": 0, "near_miss": 0, "weak_positive": 0, "negative": 1}
Wrote 1 TRM rows to C:\projects\Hermes Skills\data\primehub_trm_autoresearch\cycle_01\stage\qwen35_27b_mmlu_pro_q0017.trm.jsonl
{"exact_positive": 0, "near_miss": 0, "weak_positive": 0, "negative": 1}
Wrote 1 TRM rows to C:\projects\Hermes Skills\data\primehub_trm_autoresearch\cycle_01\stage\qwen35_27b_mmlu_q0047.trm.jsonl
{"exact_positive": 0, "near_miss": 0, "weak_positive": 0, "negative": 1}
Wrote 1 TRM rows to C:\projects\Hermes Skills\data\primehub_trm_autoresearch\cycle_01\stage\qwen35_27b_passthrough_q0018.trm.jsonl
{"exact_positive": 0, "near_miss": 0, "weak_positive": 0, "negative": 1}
Wrote 1 TRM rows to C:\projects\Hermes Skills\data\primehub_trm_autoresearch\cycle_01\stage\qwen35_27b_psycho_bench_q0048.trm.jsonl
{"exact_positive": 0, "near_miss": 0, "weak_positive": 0, "negative": 1}
Wrote 1 TRM rows to C:\projects\Hermes Skills\data\primehub_trm_autoresearch\cycle_01\stage\qwen35_27b_pydantic_adherence_q0049.trm.jsonl
{"exact_positive": 0, "near_miss": 0, "weak_positive": 0, "negative": 1}
Wrote 1 TRM rows to C:\projects\Hermes Skills\data\primehub_trm_autoresearch\cycle_01\stage\qwen35_27b_reward_bench_q0050.trm.jsonl
{"exact_positive": 0, "near_miss": 0, "weak_positive": 1, "negative": 0}
Wrote 1 TRM rows to C:\projects\Hermes Skills\data\primehub_trm_autoresearch\cycle_01\stage\qwen35_27b_rust_cargo_q0051.trm.jsonl
{"exact_positive": 0, "near_miss": 0, "weak_positive": 0, "negative": 1}
Wrote 1 TRM rows to C:\projects\Hermes Skills\data\primehub_trm_autoresearch\cycle_01\stage\qwen35_27b_science_env_q0019.trm.jsonl
{"exact_positive": 0, "near_miss": 0, "weak_positive": 0, "negative": 1}
Wrote 1 TRM rows to C:\projects\Hermes Skills\data\primehub_trm_autoresearch\cycle_01\stage\qwen35_27b_simple_bench_q0052.trm.jsonl
{"exact_positive": 0, "near_miss": 0, "weak_positive": 0, "negative": 1}
Wrote 1 TRM rows to C:\projects\Hermes Skills\data\primehub_trm_autoresearch\cycle_01\stage\qwen35_27b_simpleqa_q0020.trm.jsonl
{"exact_positive": 0, "near_miss": 0, "weak_positive": 0, "negative": 1}
Wrote 1 TRM rows to C:\projects\Hermes Skills\data\primehub_trm_autoresearch\cycle_01\stage\qwen35_27b_simpleqa_verified_2_q0053.trm.jsonl
{"exact_positive": 0, "near_miss": 0, "weak_positive": 0, "negative": 1}
Wrote 1 TRM rows to C:\projects\Hermes Skills\data\primehub_trm_autoresearch\cycle_01\stage\qwen35_27b_simpleqa_verified_q0021.trm.jsonl
{"exact_positive": 0, "near_miss": 0, "weak_positive": 0, "negative": 1}
Wrote 1 TRM rows to C:\projects\Hermes Skills\data\primehub_trm_autoresearch\cycle_01\stage\qwen35_27b_truthfulqa_q0002.trm.jsonl
{"exact_positive": 0, "near_miss": 0, "weak_positive": 0, "negative": 1}
Wrote 1 TRM rows to C:\projects\Hermes Skills\data\primehub_trm_autoresearch\cycle_01\stage\qwen35_27b_truthfulqa_q0054.trm.jsonl
{"exact_positive": 0, "near_miss": 0, "weak_positive": 0, "negative": 1}
Wrote 1 TRM rows to C:\projects\Hermes Skills\data\primehub_trm_autoresearch\cycle_01\stage\qwen35_27b_unscramble_q0022.trm.jsonl
{"exact_positive": 0, "near_miss": 0, "weak_positive": 0, "negative": 1}
Wrote 1 TRM rows to C:\projects\Hermes Skills\data\primehub_trm_autoresearch\cycle_01\stage\qwen35_27b_uq_project_q0004.trm.jsonl
{"exact_positive": 0, "near_miss": 0, "weak_positive": 0, "negative": 1}
Wrote 1 TRM rows to C:\projects\Hermes Skills\data\primehub_trm_autoresearch\cycle_01\stage\qwen35_27b_uq_q0003.trm.jsonl
{"exact_positive": 0, "near_miss": 0, "weak_positive": 0, "negative": 1}
Wrote 1 TRM rows to C:\projects\Hermes Skills\data\primehub_trm_autoresearch\cycle_01\stage\qwen35_27b_verbatim_copy_q0023.trm.jsonl
{"exact_positive": 0, "near_miss": 0, "weak_positive": 0, "negative": 1}
Wrote 1 TRM rows to C:\projects\Hermes Skills\data\primehub_trm_autoresearch\cycle_01\stage\qwen35_27b_vpct_1_q0005.trm.jsonl
{"exact_positive": 0, "near_miss": 0, "weak_positive": 0, "negative": 1}
Wrote 1 TRM rows to C:\projects\Hermes Skills\data\primehub_trm_autoresearch\cycle_01\stage\qwen35_27b_winogrande_q0006.trm.jsonl
{"exact_positive": 1, "near_miss": 0, "weak_positive": 0, "negative": 0}
Wrote 1 TRM rows to C:\projects\Hermes Skills\data\primehub_trm_autoresearch\cycle_01\stage\qwen35_27b_wmdp_q0007.trm.jsonl
{"exact_positive": 0, "near_miss": 0, "weak_positive": 0, "negative": 1}
Wrote 1 TRM rows to C:\projects\Hermes Skills\data\primehub_trm_autoresearch\cycle_01\stage\qwen35_27b_writing_bench_q0008.trm.jsonl
{"exact_positive": 0, "near_miss": 0, "weak_positive": 0, "negative": 1}
Wrote 1 TRM rows to C:\projects\Hermes Skills\data\primehub_trm_autoresearch\cycle_01\stage\qwen35_9b_agency_bench_q0001.trm.jsonl
{"exact_positive": 0, "near_miss": 0, "weak_positive": 0, "negative": 1}
Wrote 1 TRM rows to C:\projects\Hermes Skills\data\primehub_trm_autoresearch\cycle_01\stage\qwen35_9b_aime2024_q0014.trm.jsonl
{"exact_positive": 0, "near_miss": 0, "weak_positive": 0, "negative": 1}
Wrote 1 TRM rows to C:\projects\Hermes Skills\data\primehub_trm_autoresearch\cycle_01\stage\qwen35_9b_aime2025_q0015.trm.jsonl
{"exact_positive": 0, "near_miss": 0, "weak_positive": 0, "negative": 1}
Wrote 1 TRM rows to C:\projects\Hermes Skills\data\primehub_trm_autoresearch\cycle_01\stage\qwen35_9b_aime2026_q0016.trm.jsonl
{"exact_positive": 0, "near_miss": 0, "weak_positive": 0, "negative": 1}
Wrote 1 TRM rows to C:\projects\Hermes Skills\data\primehub_trm_autoresearch\cycle_01\stage\qwen35_9b_allenai_ifeval_q0002.trm.jsonl
{"exact_positive": 0, "near_miss": 0, "weak_positive": 0, "negative": 1}
Wrote 1 TRM rows to C:\projects\Hermes Skills\data\primehub_trm_autoresearch\cycle_01\stage\qwen35_9b_antislop_q0003.trm.jsonl
{"exact_positive": 1, "near_miss": 0, "weak_positive": 0, "negative": 0}
Wrote 1 TRM rows to C:\projects\Hermes Skills\data\primehub_trm_autoresearch\cycle_01\stage\qwen35_9b_arc_q0004.trm.jsonl
{"exact_positive": 1, "near_miss": 0, "weak_positive": 0, "negative": 0}
Wrote 1 TRM rows to C:\projects\Hermes Skills\data\primehub_trm_autoresearch\cycle_01\stage\qwen35_9b_ascii_tree_q0005.trm.jsonl
{"exact_positive": 0, "near_miss": 0, "weak_positive": 1, "negative": 0}
Wrote 1 TRM rows to C:\projects\Hermes Skills\data\primehub_trm_autoresearch\cycle_01\stage\qwen35_9b_bixbench_q0006.trm.jsonl
{"exact_positive": 0, "near_miss": 0, "weak_positive": 0, "negative": 1}
Wrote 1 TRM rows to C:\projects\Hermes Skills\data\primehub_trm_autoresearch\cycle_01\stage\qwen35_9b_boolq_q0007.trm.jsonl
{"exact_positive": 1, "near_miss": 0, "weak_positive": 0, "negative": 0}
Wrote 1 TRM rows to C:\projects\Hermes Skills\data\primehub_trm_autoresearch\cycle_01\stage\qwen35_9b_clbench_q0017.trm.jsonl
{"exact_positive": 0, "near_miss": 0, "weak_positive": 0, "negative": 1}
Wrote 1 TRM rows to C:\projects\Hermes Skills\data\primehub_trm_autoresearch\cycle_01\stage\qwen35_9b_coconot_q0008.trm.jsonl
{"exact_positive": 0, "near_miss": 0, "weak_positive": 0, "negative": 1}
Wrote 1 TRM rows to C:\projects\Hermes Skills\data\primehub_trm_autoresearch\cycle_01\stage\qwen35_9b_colf_q0009.trm.jsonl
{"exact_positive": 0, "near_miss": 0, "weak_positive": 0, "negative": 1}
Wrote 1 TRM rows to C:\projects\Hermes Skills\data\primehub_trm_autoresearch\cycle_01\stage\qwen35_9b_deep_consult_q0010.trm.jsonl
{"exact_positive": 0, "near_miss": 0, "weak_positive": 0, "negative": 1}
Wrote 1 TRM rows to C:\projects\Hermes Skills\data\primehub_trm_autoresearch\cycle_01\stage\qwen35_9b_gauss_q0011.trm.jsonl
{"exact_positive": 0, "near_miss": 0, "weak_positive": 0, "negative": 1}
Wrote 1 TRM rows to C:\projects\Hermes Skills\data\primehub_trm_autoresearch\cycle_01\stage\qwen35_9b_hellaswag_q0012.trm.jsonl
{"exact_positive": 1, "near_miss": 0, "weak_positive": 0, "negative": 0}
Wrote 1 TRM rows to C:\projects\Hermes Skills\data\primehub_trm_autoresearch\cycle_01\stage\qwen35_9b_if_summarize_judge_q0018.trm.jsonl
{"exact_positive": 0, "near_miss": 0, "weak_positive": 0, "negative": 1}
Wrote 1 TRM rows to C:\projects\Hermes Skills\data\primehub_trm_autoresearch\cycle_01\stage\qwen35_9b_jailbreak_bench_q0013.trm.jsonl
{"exact_positive": 0, "near_miss": 0, "weak_positive": 0, "negative": 1}
Wrote 1 TRM rows to C:\projects\Hermes Skills\data\primehub_trm_autoresearch\cycle_01\stage\qwen35_9b_lisanbench_q0014.trm.jsonl
{"exact_positive": 1, "near_miss": 0, "weak_positive": 0, "negative": 0}
Wrote 1 TRM rows to C:\projects\Hermes Skills\data\primehub_trm_autoresearch\cycle_01\stage\qwen35_9b_llm_writing_detection_q0015.trm.jsonl
{"exact_positive": 0, "near_miss": 0, "weak_positive": 0, "negative": 1}
Wrote 1 TRM rows to C:\projects\Hermes Skills\data\primehub_trm_autoresearch\cycle_01\stage\qwen35_9b_logic_env_q0019.trm.jsonl
{"exact_positive": 0, "near_miss": 0, "weak_positive": 0, "negative": 1}
Wrote 1 TRM rows to C:\projects\Hermes Skills\data\primehub_trm_autoresearch\cycle_01\stage\qwen35_9b_longbench_v2_q0016.trm.jsonl
{"exact_positive": 0, "near_miss": 0, "weak_positive": 0, "negative": 1}
Wrote 1 TRM rows to C:\projects\Hermes Skills\data\primehub_trm_autoresearch\cycle_01\stage\qwen35_9b_math500_q0020.trm.jsonl
{"exact_positive": 0, "near_miss": 0, "weak_positive": 0, "negative": 1}
Wrote 1 TRM rows to C:\projects\Hermes Skills\data\primehub_trm_autoresearch\cycle_01\stage\qwen35_9b_math_env_q0021.trm.jsonl
{"exact_positive": 1, "near_miss": 0, "weak_positive": 0, "negative": 0}
Wrote 1 TRM rows to C:\projects\Hermes Skills\data\primehub_trm_autoresearch\cycle_01\stage\qwen35_9b_medsafetybench_q0017.trm.jsonl
{"exact_positive": 0, "near_miss": 0, "weak_positive": 0, "negative": 1}
Wrote 1 TRM rows to C:\projects\Hermes Skills\data\primehub_trm_autoresearch\cycle_01\stage\qwen35_9b_misguided_attn_q0018.trm.jsonl
{"exact_positive": 0, "near_miss": 0, "weak_positive": 0, "negative": 1}
Wrote 1 TRM rows to C:\projects\Hermes Skills\data\primehub_trm_autoresearch\cycle_01\stage\qwen35_9b_mmlu_pro_q0022.trm.jsonl
{"exact_positive": 0, "near_miss": 0, "weak_positive": 0, "negative": 1}
Wrote 1 TRM rows to C:\projects\Hermes Skills\data\primehub_trm_autoresearch\cycle_01\stage\qwen35_9b_mmlu_q0019.trm.jsonl
{"exact_positive": 0, "near_miss": 0, "weak_positive": 0, "negative": 1}
Wrote 1 TRM rows to C:\projects\Hermes Skills\data\primehub_trm_autoresearch\cycle_01\stage\qwen35_9b_passthrough_q0001.trm.jsonl
{"exact_positive": 0, "near_miss": 0, "weak_positive": 0, "negative": 1}
Wrote 1 TRM rows to C:\projects\Hermes Skills\data\primehub_trm_autoresearch\cycle_01\stage\qwen35_9b_passthrough_q0023.trm.jsonl
{"exact_positive": 0, "near_miss": 0, "weak_positive": 0, "negative": 1}
Wrote 2 TRM rows to C:\projects\Hermes Skills\data\primehub_trm_autoresearch\cycle_01\stage\qwen35_9b_psycho_bench_q0001.trm.jsonl
{"exact_positive": 2, "near_miss": 0, "weak_positive": 0, "negative": 0}
Wrote 0 TRM rows to C:\projects\Hermes Skills\data\primehub_trm_autoresearch\cycle_01\stage\qwen35_9b_psycho_bench_q0020.trm.jsonl
{"exact_positive": 0, "near_miss": 0, "weak_positive": 0, "negative": 0}
Wrote 2 TRM rows to C:\projects\Hermes Skills\data\primehub_trm_autoresearch\cycle_01\stage\qwen35_9b_pydantic_adherence_q0002.trm.jsonl
{"exact_positive": 0, "near_miss": 0, "weak_positive": 0, "negative": 2}
Wrote 1 TRM rows to C:\projects\Hermes Skills\data\primehub_trm_autoresearch\cycle_01\stage\qwen35_9b_reward_bench_q0003.trm.jsonl
{"exact_positive": 0, "near_miss": 0, "weak_positive": 1, "negative": 0}
Wrote 1 TRM rows to C:\projects\Hermes Skills\data\primehub_trm_autoresearch\cycle_01\stage\qwen35_9b_rust_cargo_q0004.trm.jsonl
{"exact_positive": 0, "near_miss": 0, "weak_positive": 0, "negative": 1}
Wrote 1 TRM rows to C:\projects\Hermes Skills\data\primehub_trm_autoresearch\cycle_01\stage\qwen35_9b_science_env_q0024.trm.jsonl
{"exact_positive": 0, "near_miss": 0, "weak_positive": 0, "negative": 1}
Wrote 1 TRM rows to C:\projects\Hermes Skills\data\primehub_trm_autoresearch\cycle_01\stage\qwen35_9b_simple_bench_q0005.trm.jsonl
{"exact_positive": 1, "near_miss": 0, "weak_positive": 0, "negative": 0}
Wrote 1 TRM rows to C:\projects\Hermes Skills\data\primehub_trm_autoresearch\cycle_01\stage\qwen35_9b_simpleqa_q0025.trm.jsonl
{"exact_positive": 0, "near_miss": 0, "weak_positive": 0, "negative": 1}
Wrote 1 TRM rows to C:\projects\Hermes Skills\data\primehub_trm_autoresearch\cycle_01\stage\qwen35_9b_simpleqa_verified_2_q0006.trm.jsonl
{"exact_positive": 0, "near_miss": 0, "weak_positive": 0, "negative": 1}
Wrote 1 TRM rows to C:\projects\Hermes Skills\data\primehub_trm_autoresearch\cycle_01\stage\qwen35_9b_simpleqa_verified_q0026.trm.jsonl
{"exact_positive": 0, "near_miss": 0, "weak_positive": 0, "negative": 1}
Wrote 1 TRM rows to C:\projects\Hermes Skills\data\primehub_trm_autoresearch\cycle_01\stage\qwen35_9b_truthfulqa_q0007.trm.jsonl
{"exact_positive": 1, "near_miss": 0, "weak_positive": 0, "negative": 0}
Wrote 1 TRM rows to C:\projects\Hermes Skills\data\primehub_trm_autoresearch\cycle_01\stage\qwen35_9b_unscramble_q0027.trm.jsonl
{"exact_positive": 0, "near_miss": 0, "weak_positive": 0, "negative": 1}
Wrote 1 TRM rows to C:\projects\Hermes Skills\data\primehub_trm_autoresearch\cycle_01\stage\qwen35_9b_uq_project_q0009.trm.jsonl
{"exact_positive": 0, "near_miss": 0, "weak_positive": 0, "negative": 1}
Wrote 1 TRM rows to C:\projects\Hermes Skills\data\primehub_trm_autoresearch\cycle_01\stage\qwen35_9b_uq_q0008.trm.jsonl
{"exact_positive": 0, "near_miss": 0, "weak_positive": 0, "negative": 1}
Wrote 1 TRM rows to C:\projects\Hermes Skills\data\primehub_trm_autoresearch\cycle_01\stage\qwen35_9b_verbatim_copy_q0028.trm.jsonl
{"exact_positive": 0, "near_miss": 0, "weak_positive": 0, "negative": 1}
Wrote 1 TRM rows to C:\projects\Hermes Skills\data\primehub_trm_autoresearch\cycle_01\stage\qwen35_9b_vpct_1_q0010.trm.jsonl
{"exact_positive": 0, "near_miss": 0, "weak_positive": 0, "negative": 1}
Wrote 1 TRM rows to C:\projects\Hermes Skills\data\primehub_trm_autoresearch\cycle_01\stage\qwen35_9b_winogrande_q0011.trm.jsonl
{"exact_positive": 1, "near_miss": 0, "weak_positive": 0, "negative": 0}
Wrote 1 TRM rows to C:\projects\Hermes Skills\data\primehub_trm_autoresearch\cycle_01\stage\qwen35_9b_wmdp_q0012.trm.jsonl
{"exact_positive": 0, "near_miss": 0, "weak_positive": 0, "negative": 1}
Wrote 1 TRM rows to C:\projects\Hermes Skills\data\primehub_trm_autoresearch\cycle_01\stage\qwen35_9b_writing_bench_q0013.trm.jsonl
{"exact_positive": 0, "near_miss": 0, "weak_positive": 0, "negative": 1}
Wrote 124 merged TRM rows to C:\projects\Hermes Skills\data\primehub_trm_autoresearch\cycle_01\primehub_trm_merged.jsonl
{"negative": 105, "exact_positive": 16, "weak_positive": 3}
Wrote critic model with 124 examples to C:\projects\Hermes Skills\data\primehub_trm_autoresearch\cycle_01\models\trm_critic.json
{'negative': 105, 'exact_positive': 16, 'weak_positive': 3}
Wrote benchmark summary to C:\projects\Hermes Skills\data\primehub_trm_autoresearch\cycle_01\bench\trm_critic_bench.summary.json
{"eval_rows": 22, "bucket_accuracy": 0.7727, "per_family": {"primehub": {"rows": 22, "bucket_accuracy": 0.7727, "avg_bucket_abs_error": 0.6818, "visible_output_accuracy": 0.5, "avg_grid_cell_accuracy_abs_error": null}}}
Wrote retriever model with 16 examples to C:\projects\Hermes Skills\data\primehub_trm_autoresearch\cycle_01\models\trm_retriever.json
{"exact_positive": 16}
Wrote benchmark summary to C:\projects\Hermes Skills\data\primehub_trm_autoresearch\cycle_01\bench\trm_retriever_bench.summary.json
{"eval_rows": 22, "exact_match_rate": 0.0455, "per_family": {"primehub": {"rows": 22, "exact_match_rate": 0.0455, "nonempty_prediction_rate": 1.0, "avg_similarity": 0.3984, "avg_grid_cell_accuracy": null}}}
Wrote router benchmark summary to C:\projects\Hermes Skills\data\primehub_trm_autoresearch\cycle_01\bench\trm_router_bench.summary.json
{"eval_rows": 22, "retrieval_only": {"exact_match_rate": 0.0455, "nonempty_prediction_rate": 1.0, "avg_grid_cell_accuracy": null}, "critic_gated": {"exact_match_rate": 0.0, "nonempty_prediction_rate": 0.1364, "route_abstain_rate": 0.8636, "avg_grid_cell_accuracy": null}}
{
  "manifest": "C:\\projects\\Hermes Skills\\data\\primehub_trm_autoresearch\\cycle_01\\primehub_trm_rollup.manifest.json",
  "merged_rows": 124,
  "bucket_counts": {
    "negative": 105,
    "exact_positive": 16,
    "weak_positive": 3
  }
}
{
  "output_json": "C:\\projects\\Hermes Skills\\data\\primehub_trm_autoresearch\\cycle_01\\imprint\\primehub_skill_imprint.json",
  "output_md": "C:\\projects\\Hermes Skills\\data\\primehub_trm_autoresearch\\cycle_01\\imprint\\primehub_skill_imprint.md",
  "rows": 124
}
Wrote 1 TRM rows to C:\projects\Hermes Skills\data\primehub_trm_autoresearch\cycle_02\stage\qwen35_27b_aime2024_q0016.trm.jsonl
{"exact_positive": 0, "near_miss": 0, "weak_positive": 0, "negative": 1}
Wrote 1 TRM rows to C:\projects\Hermes Skills\data\primehub_trm_autoresearch\cycle_02\stage\qwen35_27b_aime2025_q0017.trm.jsonl
{"exact_positive": 0, "near_miss": 0, "weak_positive": 0, "negative": 1}
Wrote 1 TRM rows to C:\projects\Hermes Skills\data\primehub_trm_autoresearch\cycle_02\stage\qwen35_27b_aime2026_q0018.trm.jsonl
{"exact_positive": 0, "near_miss": 0, "weak_positive": 0, "negative": 1}
Wrote 1 TRM rows to C:\projects\Hermes Skills\data\primehub_trm_autoresearch\cycle_02\stage\qwen35_27b_clbench_q0019.trm.jsonl
{"exact_positive": 0, "near_miss": 0, "weak_positive": 0, "negative": 1}
Wrote 1 TRM rows to C:\projects\Hermes Skills\data\primehub_trm_autoresearch\cycle_02\stage\qwen35_27b_if_summarize_judge_q0020.trm.jsonl
{"exact_positive": 0, "near_miss": 0, "weak_positive": 0, "negative": 1}
Wrote 1 TRM rows to C:\projects\Hermes Skills\data\primehub_trm_autoresearch\cycle_02\stage\qwen35_27b_lisanbench_q0013.trm.jsonl
{"exact_positive": 0, "near_miss": 0, "weak_positive": 0, "negative": 1}
Wrote 1 TRM rows to C:\projects\Hermes Skills\data\primehub_trm_autoresearch\cycle_02\stage\qwen35_27b_logic_env_q0021.trm.jsonl
{"exact_positive": 0, "near_miss": 0, "weak_positive": 0, "negative": 1}
Wrote 1 TRM rows to C:\projects\Hermes Skills\data\primehub_trm_autoresearch\cycle_02\stage\qwen35_27b_math500_q0022.trm.jsonl
{"exact_positive": 0, "near_miss": 0, "weak_positive": 0, "negative": 1}
Wrote 1 TRM rows to C:\projects\Hermes Skills\data\primehub_trm_autoresearch\cycle_02\stage\qwen35_27b_math_env_q0023.trm.jsonl
{"exact_positive": 0, "near_miss": 0, "weak_positive": 0, "negative": 1}
Wrote 1 TRM rows to C:\projects\Hermes Skills\data\primehub_trm_autoresearch\cycle_02\stage\qwen35_27b_misguided_attn_q0014.trm.jsonl
{"exact_positive": 0, "near_miss": 0, "weak_positive": 0, "negative": 1}
Wrote 1 TRM rows to C:\projects\Hermes Skills\data\primehub_trm_autoresearch\cycle_02\stage\qwen35_27b_mmlu_pro_q0024.trm.jsonl
{"exact_positive": 0, "near_miss": 0, "weak_positive": 0, "negative": 1}
Wrote 1 TRM rows to C:\projects\Hermes Skills\data\primehub_trm_autoresearch\cycle_02\stage\qwen35_27b_psycho_bench_q0015.trm.jsonl
{"exact_positive": 0, "near_miss": 0, "weak_positive": 0, "negative": 1}
Wrote 1 TRM rows to C:\projects\Hermes Skills\data\primehub_trm_autoresearch\cycle_02\stage\qwen35_9b_aime2024_q0004.trm.jsonl
{"exact_positive": 0, "near_miss": 0, "weak_positive": 0, "negative": 1}
Wrote 1 TRM rows to C:\projects\Hermes Skills\data\primehub_trm_autoresearch\cycle_02\stage\qwen35_9b_aime2025_q0005.trm.jsonl
{"exact_positive": 0, "near_miss": 0, "weak_positive": 0, "negative": 1}
Wrote 1 TRM rows to C:\projects\Hermes Skills\data\primehub_trm_autoresearch\cycle_02\stage\qwen35_9b_aime2026_q0006.trm.jsonl
{"exact_positive": 0, "near_miss": 0, "weak_positive": 0, "negative": 1}
Wrote 1 TRM rows to C:\projects\Hermes Skills\data\primehub_trm_autoresearch\cycle_02\stage\qwen35_9b_clbench_q0007.trm.jsonl
{"exact_positive": 0, "near_miss": 0, "weak_positive": 0, "negative": 1}
Wrote 1 TRM rows to C:\projects\Hermes Skills\data\primehub_trm_autoresearch\cycle_02\stage\qwen35_9b_if_summarize_judge_q0008.trm.jsonl
{"exact_positive": 0, "near_miss": 0, "weak_positive": 0, "negative": 1}
Wrote 1 TRM rows to C:\projects\Hermes Skills\data\primehub_trm_autoresearch\cycle_02\stage\qwen35_9b_lisanbench_q0001.trm.jsonl
{"exact_positive": 1, "near_miss": 0, "weak_positive": 0, "negative": 0}
Wrote 1 TRM rows to C:\projects\Hermes Skills\data\primehub_trm_autoresearch\cycle_02\stage\qwen35_9b_logic_env_q0009.trm.jsonl
{"exact_positive": 0, "near_miss": 0, "weak_positive": 0, "negative": 1}
Wrote 1 TRM rows to C:\projects\Hermes Skills\data\primehub_trm_autoresearch\cycle_02\stage\qwen35_9b_math500_q0010.trm.jsonl
{"exact_positive": 0, "near_miss": 0, "weak_positive": 0, "negative": 1}
Wrote 1 TRM rows to C:\projects\Hermes Skills\data\primehub_trm_autoresearch\cycle_02\stage\qwen35_9b_math_env_q0011.trm.jsonl
{"exact_positive": 1, "near_miss": 0, "weak_positive": 0, "negative": 0}
Wrote 1 TRM rows to C:\projects\Hermes Skills\data\primehub_trm_autoresearch\cycle_02\stage\qwen35_9b_misguided_attn_q0002.trm.jsonl
{"exact_positive": 0, "near_miss": 0, "weak_positive": 0, "negative": 1}
Wrote 1 TRM rows to C:\projects\Hermes Skills\data\primehub_trm_autoresearch\cycle_02\stage\qwen35_9b_mmlu_pro_q0012.trm.jsonl
{"exact_positive": 0, "near_miss": 0, "weak_positive": 0, "negative": 1}
Wrote 1 TRM rows to C:\projects\Hermes Skills\data\primehub_trm_autoresearch\cycle_02\stage\qwen35_9b_psycho_bench_q0003.trm.jsonl
{"exact_positive": 1, "near_miss": 0, "weak_positive": 0, "negative": 0}
Wrote 1 TRM rows to C:\projects\Hermes Skills\data\primehub_trm_autoresearch\cycle_02\stage\qwen35_27b_math_env_q0001.trm.jsonl
{"exact_positive": 0, "near_miss": 0, "weak_positive": 0, "negative": 1}
Wrote 1 TRM rows to C:\projects\Hermes Skills\data\primehub_trm_autoresearch\cycle_02\stage\qwen35_27b_mmlu_pro_q0002.trm.jsonl
{"exact_positive": 0, "near_miss": 0, "weak_positive": 0, "negative": 1}
Wrote 1 TRM rows to C:\projects\Hermes Skills\data\primehub_trm_autoresearch\cycle_02\stage\qwen35_27b_agency_bench_q0029.trm.jsonl
{"exact_positive": 0, "near_miss": 0, "weak_positive": 0, "negative": 1}
Wrote 1 TRM rows to C:\projects\Hermes Skills\data\primehub_trm_autoresearch\cycle_02\stage\qwen35_27b_aime2024_q0009.trm.jsonl
{"exact_positive": 0, "near_miss": 0, "weak_positive": 0, "negative": 1}
Wrote 1 TRM rows to C:\projects\Hermes Skills\data\primehub_trm_autoresearch\cycle_02\stage\qwen35_27b_aime2025_q0010.trm.jsonl
{"exact_positive": 0, "near_miss": 0, "weak_positive": 0, "negative": 1}
Wrote 1 TRM rows to C:\projects\Hermes Skills\data\primehub_trm_autoresearch\cycle_02\stage\qwen35_27b_aime2026_q0011.trm.jsonl
{"exact_positive": 0, "near_miss": 0, "weak_positive": 0, "negative": 1}
Wrote 1 TRM rows to C:\projects\Hermes Skills\data\primehub_trm_autoresearch\cycle_02\stage\qwen35_27b_allenai_ifeval_q0030.trm.jsonl
{"exact_positive": 0, "near_miss": 0, "weak_positive": 0, "negative": 1}
Wrote 1 TRM rows to C:\projects\Hermes Skills\data\primehub_trm_autoresearch\cycle_02\stage\qwen35_27b_antislop_q0031.trm.jsonl
{"exact_positive": 1, "near_miss": 0, "weak_positive": 0, "negative": 0}
Wrote 1 TRM rows to C:\projects\Hermes Skills\data\primehub_trm_autoresearch\cycle_02\stage\qwen35_27b_arc_q0032.trm.jsonl
{"exact_positive": 0, "near_miss": 0, "weak_positive": 0, "negative": 1}
Wrote 1 TRM rows to C:\projects\Hermes Skills\data\primehub_trm_autoresearch\cycle_02\stage\qwen35_27b_ascii_tree_q0033.trm.jsonl
{"exact_positive": 0, "near_miss": 0, "weak_positive": 0, "negative": 1}
Wrote 1 TRM rows to C:\projects\Hermes Skills\data\primehub_trm_autoresearch\cycle_02\stage\qwen35_27b_bixbench_q0034.trm.jsonl
{"exact_positive": 0, "near_miss": 0, "weak_positive": 0, "negative": 1}
Wrote 1 TRM rows to C:\projects\Hermes Skills\data\primehub_trm_autoresearch\cycle_02\stage\qwen35_27b_boolq_q0035.trm.jsonl
{"exact_positive": 0, "near_miss": 0, "weak_positive": 0, "negative": 1}
Wrote 1 TRM rows to C:\projects\Hermes Skills\data\primehub_trm_autoresearch\cycle_02\stage\qwen35_27b_clbench_q0012.trm.jsonl
{"exact_positive": 0, "near_miss": 0, "weak_positive": 0, "negative": 1}
Wrote 1 TRM rows to C:\projects\Hermes Skills\data\primehub_trm_autoresearch\cycle_02\stage\qwen35_27b_coconot_q0036.trm.jsonl
{"exact_positive": 0, "near_miss": 0, "weak_positive": 0, "negative": 1}
Wrote 1 TRM rows to C:\projects\Hermes Skills\data\primehub_trm_autoresearch\cycle_02\stage\qwen35_27b_colf_q0037.trm.jsonl
{"exact_positive": 0, "near_miss": 0, "weak_positive": 0, "negative": 1}
Wrote 1 TRM rows to C:\projects\Hermes Skills\data\primehub_trm_autoresearch\cycle_02\stage\qwen35_27b_deep_consult_q0038.trm.jsonl
{"exact_positive": 0, "near_miss": 0, "weak_positive": 0, "negative": 1}
Wrote 1 TRM rows to C:\projects\Hermes Skills\data\primehub_trm_autoresearch\cycle_02\stage\qwen35_27b_gauss_q0039.trm.jsonl
{"exact_positive": 0, "near_miss": 0, "weak_positive": 0, "negative": 1}
Wrote 1 TRM rows to C:\projects\Hermes Skills\data\primehub_trm_autoresearch\cycle_02\stage\qwen35_27b_hellaswag_q0040.trm.jsonl
{"exact_positive": 0, "near_miss": 0, "weak_positive": 0, "negative": 1}
Wrote 1 TRM rows to C:\projects\Hermes Skills\data\primehub_trm_autoresearch\cycle_02\stage\qwen35_27b_if_summarize_judge_q0013.trm.jsonl
{"exact_positive": 0, "near_miss": 0, "weak_positive": 0, "negative": 1}
Wrote 1 TRM rows to C:\projects\Hermes Skills\data\primehub_trm_autoresearch\cycle_02\stage\qwen35_27b_jailbreak_bench_q0041.trm.jsonl
{"exact_positive": 0, "near_miss": 0, "weak_positive": 0, "negative": 1}
Wrote 1 TRM rows to C:\projects\Hermes Skills\data\primehub_trm_autoresearch\cycle_02\stage\qwen35_27b_lisanbench_q0042.trm.jsonl
{"exact_positive": 0, "near_miss": 0, "weak_positive": 0, "negative": 1}
Wrote 1 TRM rows to C:\projects\Hermes Skills\data\primehub_trm_autoresearch\cycle_02\stage\qwen35_27b_llm_writing_detection_q0043.trm.jsonl
{"exact_positive": 0, "near_miss": 0, "weak_positive": 0, "negative": 1}
Wrote 1 TRM rows to C:\projects\Hermes Skills\data\primehub_trm_autoresearch\cycle_02\stage\qwen35_27b_logic_env_q0014.trm.jsonl
{"exact_positive": 0, "near_miss": 0, "weak_positive": 0, "negative": 1}
Wrote 1 TRM rows to C:\projects\Hermes Skills\data\primehub_trm_autoresearch\cycle_02\stage\qwen35_27b_longbench_v2_q0044.trm.jsonl
{"exact_positive": 0, "near_miss": 0, "weak_positive": 0, "negative": 1}
Wrote 1 TRM rows to C:\projects\Hermes Skills\data\primehub_trm_autoresearch\cycle_02\stage\qwen35_27b_math500_q0015.trm.jsonl
{"exact_positive": 0, "near_miss": 0, "weak_positive": 0, "negative": 1}
Wrote 1 TRM rows to C:\projects\Hermes Skills\data\primehub_trm_autoresearch\cycle_02\stage\qwen35_27b_math_env_q0016.trm.jsonl
{"exact_positive": 0, "near_miss": 0, "weak_positive": 0, "negative": 1}
Wrote 1 TRM rows to C:\projects\Hermes Skills\data\primehub_trm_autoresearch\cycle_02\stage\qwen35_27b_medsafetybench_q0045.trm.jsonl
{"exact_positive": 0, "near_miss": 0, "weak_positive": 0, "negative": 1}
Wrote 1 TRM rows to C:\projects\Hermes Skills\data\primehub_trm_autoresearch\cycle_02\stage\qwen35_27b_misguided_attn_q0046.trm.jsonl
{"exact_positive": 0, "near_miss": 0, "weak_positive": 0, "negative": 1}
Wrote 1 TRM rows to C:\projects\Hermes Skills\data\primehub_trm_autoresearch\cycle_02\stage\qwen35_27b_mmlu_pro_q0017.trm.jsonl
{"exact_positive": 0, "near_miss": 0, "weak_positive": 0, "negative": 1}
Wrote 1 TRM rows to C:\projects\Hermes Skills\data\primehub_trm_autoresearch\cycle_02\stage\qwen35_27b_mmlu_q0047.trm.jsonl
{"exact_positive": 0, "near_miss": 0, "weak_positive": 0, "negative": 1}
Wrote 1 TRM rows to C:\projects\Hermes Skills\data\primehub_trm_autoresearch\cycle_02\stage\qwen35_27b_passthrough_q0018.trm.jsonl
{"exact_positive": 0, "near_miss": 0, "weak_positive": 0, "negative": 1}
Wrote 1 TRM rows to C:\projects\Hermes Skills\data\primehub_trm_autoresearch\cycle_02\stage\qwen35_27b_psycho_bench_q0048.trm.jsonl
{"exact_positive": 0, "near_miss": 0, "weak_positive": 0, "negative": 1}
Wrote 1 TRM rows to C:\projects\Hermes Skills\data\primehub_trm_autoresearch\cycle_02\stage\qwen35_27b_pydantic_adherence_q0049.trm.jsonl
{"exact_positive": 0, "near_miss": 0, "weak_positive": 0, "negative": 1}
Wrote 1 TRM rows to C:\projects\Hermes Skills\data\primehub_trm_autoresearch\cycle_02\stage\qwen35_27b_reward_bench_q0050.trm.jsonl
{"exact_positive": 0, "near_miss": 0, "weak_positive": 1, "negative": 0}
Wrote 1 TRM rows to C:\projects\Hermes Skills\data\primehub_trm_autoresearch\cycle_02\stage\qwen35_27b_rust_cargo_q0051.trm.jsonl
{"exact_positive": 0, "near_miss": 0, "weak_positive": 0, "negative": 1}
Wrote 1 TRM rows to C:\projects\Hermes Skills\data\primehub_trm_autoresearch\cycle_02\stage\qwen35_27b_science_env_q0019.trm.jsonl
{"exact_positive": 0, "near_miss": 0, "weak_positive": 0, "negative": 1}
Wrote 1 TRM rows to C:\projects\Hermes Skills\data\primehub_trm_autoresearch\cycle_02\stage\qwen35_27b_simple_bench_q0052.trm.jsonl
{"exact_positive": 0, "near_miss": 0, "weak_positive": 0, "negative": 1}
Wrote 1 TRM rows to C:\projects\Hermes Skills\data\primehub_trm_autoresearch\cycle_02\stage\qwen35_27b_simpleqa_q0020.trm.jsonl
{"exact_positive": 0, "near_miss": 0, "weak_positive": 0, "negative": 1}
Wrote 1 TRM rows to C:\projects\Hermes Skills\data\primehub_trm_autoresearch\cycle_02\stage\qwen35_27b_simpleqa_verified_2_q0053.trm.jsonl
{"exact_positive": 0, "near_miss": 0, "weak_positive": 0, "negative": 1}
Wrote 1 TRM rows to C:\projects\Hermes Skills\data\primehub_trm_autoresearch\cycle_02\stage\qwen35_27b_simpleqa_verified_q0021.trm.jsonl
{"exact_positive": 0, "near_miss": 0, "weak_positive": 0, "negative": 1}
Wrote 1 TRM rows to C:\projects\Hermes Skills\data\primehub_trm_autoresearch\cycle_02\stage\qwen35_27b_truthfulqa_q0002.trm.jsonl
{"exact_positive": 0, "near_miss": 0, "weak_positive": 0, "negative": 1}
Wrote 1 TRM rows to C:\projects\Hermes Skills\data\primehub_trm_autoresearch\cycle_02\stage\qwen35_27b_truthfulqa_q0054.trm.jsonl
{"exact_positive": 0, "near_miss": 0, "weak_positive": 0, "negative": 1}
Wrote 1 TRM rows to C:\projects\Hermes Skills\data\primehub_trm_autoresearch\cycle_02\stage\qwen35_27b_unscramble_q0022.trm.jsonl
{"exact_positive": 0, "near_miss": 0, "weak_positive": 0, "negative": 1}
Wrote 1 TRM rows to C:\projects\Hermes Skills\data\primehub_trm_autoresearch\cycle_02\stage\qwen35_27b_uq_project_q0004.trm.jsonl
{"exact_positive": 0, "near_miss": 0, "weak_positive": 0, "negative": 1}
Wrote 1 TRM rows to C:\projects\Hermes Skills\data\primehub_trm_autoresearch\cycle_02\stage\qwen35_27b_uq_q0003.trm.jsonl
{"exact_positive": 0, "near_miss": 0, "weak_positive": 0, "negative": 1}
Wrote 1 TRM rows to C:\projects\Hermes Skills\data\primehub_trm_autoresearch\cycle_02\stage\qwen35_27b_verbatim_copy_q0023.trm.jsonl
{"exact_positive": 0, "near_miss": 0, "weak_positive": 0, "negative": 1}
Wrote 1 TRM rows to C:\projects\Hermes Skills\data\primehub_trm_autoresearch\cycle_02\stage\qwen35_27b_vpct_1_q0005.trm.jsonl
{"exact_positive": 0, "near_miss": 0, "weak_positive": 0, "negative": 1}
Wrote 1 TRM rows to C:\projects\Hermes Skills\data\primehub_trm_autoresearch\cycle_02\stage\qwen35_27b_winogrande_q0006.trm.jsonl
{"exact_positive": 1, "near_miss": 0, "weak_positive": 0, "negative": 0}
Wrote 1 TRM rows to C:\projects\Hermes Skills\data\primehub_trm_autoresearch\cycle_02\stage\qwen35_27b_wmdp_q0007.trm.jsonl
{"exact_positive": 0, "near_miss": 0, "weak_positive": 0, "negative": 1}
Wrote 1 TRM rows to C:\projects\Hermes Skills\data\primehub_trm_autoresearch\cycle_02\stage\qwen35_27b_writing_bench_q0008.trm.jsonl
{"exact_positive": 0, "near_miss": 0, "weak_positive": 0, "negative": 1}
Wrote 1 TRM rows to C:\projects\Hermes Skills\data\primehub_trm_autoresearch\cycle_02\stage\qwen35_9b_agency_bench_q0001.trm.jsonl
{"exact_positive": 0, "near_miss": 0, "weak_positive": 0, "negative": 1}
Wrote 1 TRM rows to C:\projects\Hermes Skills\data\primehub_trm_autoresearch\cycle_02\stage\qwen35_9b_aime2024_q0014.trm.jsonl
{"exact_positive": 0, "near_miss": 0, "weak_positive": 0, "negative": 1}
Wrote 1 TRM rows to C:\projects\Hermes Skills\data\primehub_trm_autoresearch\cycle_02\stage\qwen35_9b_aime2025_q0015.trm.jsonl
{"exact_positive": 0, "near_miss": 0, "weak_positive": 0, "negative": 1}
Wrote 1 TRM rows to C:\projects\Hermes Skills\data\primehub_trm_autoresearch\cycle_02\stage\qwen35_9b_aime2026_q0016.trm.jsonl
{"exact_positive": 0, "near_miss": 0, "weak_positive": 0, "negative": 1}
Wrote 1 TRM rows to C:\projects\Hermes Skills\data\primehub_trm_autoresearch\cycle_02\stage\qwen35_9b_allenai_ifeval_q0002.trm.jsonl
{"exact_positive": 0, "near_miss": 0, "weak_positive": 0, "negative": 1}
Wrote 1 TRM rows to C:\projects\Hermes Skills\data\primehub_trm_autoresearch\cycle_02\stage\qwen35_9b_antislop_q0003.trm.jsonl
{"exact_positive": 1, "near_miss": 0, "weak_positive": 0, "negative": 0}
Wrote 1 TRM rows to C:\projects\Hermes Skills\data\primehub_trm_autoresearch\cycle_02\stage\qwen35_9b_arc_q0004.trm.jsonl
{"exact_positive": 1, "near_miss": 0, "weak_positive": 0, "negative": 0}
Wrote 1 TRM rows to C:\projects\Hermes Skills\data\primehub_trm_autoresearch\cycle_02\stage\qwen35_9b_ascii_tree_q0005.trm.jsonl
{"exact_positive": 0, "near_miss": 0, "weak_positive": 1, "negative": 0}
Wrote 1 TRM rows to C:\projects\Hermes Skills\data\primehub_trm_autoresearch\cycle_02\stage\qwen35_9b_bixbench_q0006.trm.jsonl
{"exact_positive": 0, "near_miss": 0, "weak_positive": 0, "negative": 1}
Wrote 1 TRM rows to C:\projects\Hermes Skills\data\primehub_trm_autoresearch\cycle_02\stage\qwen35_9b_boolq_q0007.trm.jsonl
{"exact_positive": 1, "near_miss": 0, "weak_positive": 0, "negative": 0}
Wrote 1 TRM rows to C:\projects\Hermes Skills\data\primehub_trm_autoresearch\cycle_02\stage\qwen35_9b_clbench_q0017.trm.jsonl
{"exact_positive": 0, "near_miss": 0, "weak_positive": 0, "negative": 1}
Wrote 1 TRM rows to C:\projects\Hermes Skills\data\primehub_trm_autoresearch\cycle_02\stage\qwen35_9b_coconot_q0008.trm.jsonl
{"exact_positive": 0, "near_miss": 0, "weak_positive": 0, "negative": 1}
Wrote 1 TRM rows to C:\projects\Hermes Skills\data\primehub_trm_autoresearch\cycle_02\stage\qwen35_9b_colf_q0009.trm.jsonl
{"exact_positive": 0, "near_miss": 0, "weak_positive": 0, "negative": 1}
Wrote 1 TRM rows to C:\projects\Hermes Skills\data\primehub_trm_autoresearch\cycle_02\stage\qwen35_9b_deep_consult_q0010.trm.jsonl
{"exact_positive": 0, "near_miss": 0, "weak_positive": 0, "negative": 1}
Wrote 1 TRM rows to C:\projects\Hermes Skills\data\primehub_trm_autoresearch\cycle_02\stage\qwen35_9b_gauss_q0011.trm.jsonl
{"exact_positive": 0, "near_miss": 0, "weak_positive": 0, "negative": 1}
Wrote 1 TRM rows to C:\projects\Hermes Skills\data\primehub_trm_autoresearch\cycle_02\stage\qwen35_9b_hellaswag_q0012.trm.jsonl
{"exact_positive": 1, "near_miss": 0, "weak_positive": 0, "negative": 0}
Wrote 1 TRM rows to C:\projects\Hermes Skills\data\primehub_trm_autoresearch\cycle_02\stage\qwen35_9b_if_summarize_judge_q0018.trm.jsonl
{"exact_positive": 0, "near_miss": 0, "weak_positive": 0, "negative": 1}
Wrote 1 TRM rows to C:\projects\Hermes Skills\data\primehub_trm_autoresearch\cycle_02\stage\qwen35_9b_jailbreak_bench_q0013.trm.jsonl
{"exact_positive": 0, "near_miss": 0, "weak_positive": 0, "negative": 1}
Wrote 1 TRM rows to C:\projects\Hermes Skills\data\primehub_trm_autoresearch\cycle_02\stage\qwen35_9b_lisanbench_q0014.trm.jsonl
{"exact_positive": 1, "near_miss": 0, "weak_positive": 0, "negative": 0}
Wrote 1 TRM rows to C:\projects\Hermes Skills\data\primehub_trm_autoresearch\cycle_02\stage\qwen35_9b_llm_writing_detection_q0015.trm.jsonl
{"exact_positive": 0, "near_miss": 0, "weak_positive": 0, "negative": 1}
Wrote 1 TRM rows to C:\projects\Hermes Skills\data\primehub_trm_autoresearch\cycle_02\stage\qwen35_9b_logic_env_q0019.trm.jsonl
{"exact_positive": 0, "near_miss": 0, "weak_positive": 0, "negative": 1}
Wrote 1 TRM rows to C:\projects\Hermes Skills\data\primehub_trm_autoresearch\cycle_02\stage\qwen35_9b_longbench_v2_q0016.trm.jsonl
{"exact_positive": 0, "near_miss": 0, "weak_positive": 0, "negative": 1}
Wrote 1 TRM rows to C:\projects\Hermes Skills\data\primehub_trm_autoresearch\cycle_02\stage\qwen35_9b_math500_q0020.trm.jsonl
{"exact_positive": 0, "near_miss": 0, "weak_positive": 0, "negative": 1}
Wrote 1 TRM rows to C:\projects\Hermes Skills\data\primehub_trm_autoresearch\cycle_02\stage\qwen35_9b_math_env_q0021.trm.jsonl
{"exact_positive": 1, "near_miss": 0, "weak_positive": 0, "negative": 0}
Wrote 1 TRM rows to C:\projects\Hermes Skills\data\primehub_trm_autoresearch\cycle_02\stage\qwen35_9b_medsafetybench_q0017.trm.jsonl
{"exact_positive": 0, "near_miss": 0, "weak_positive": 0, "negative": 1}
Wrote 1 TRM rows to C:\projects\Hermes Skills\data\primehub_trm_autoresearch\cycle_02\stage\qwen35_9b_misguided_attn_q0018.trm.jsonl
{"exact_positive": 0, "near_miss": 0, "weak_positive": 0, "negative": 1}
Wrote 1 TRM rows to C:\projects\Hermes Skills\data\primehub_trm_autoresearch\cycle_02\stage\qwen35_9b_mmlu_pro_q0022.trm.jsonl
{"exact_positive": 0, "near_miss": 0, "weak_positive": 0, "negative": 1}
Wrote 1 TRM rows to C:\projects\Hermes Skills\data\primehub_trm_autoresearch\cycle_02\stage\qwen35_9b_mmlu_q0019.trm.jsonl
{"exact_positive": 0, "near_miss": 0, "weak_positive": 0, "negative": 1}
Wrote 1 TRM rows to C:\projects\Hermes Skills\data\primehub_trm_autoresearch\cycle_02\stage\qwen35_9b_passthrough_q0001.trm.jsonl
{"exact_positive": 0, "near_miss": 0, "weak_positive": 0, "negative": 1}
Wrote 1 TRM rows to C:\projects\Hermes Skills\data\primehub_trm_autoresearch\cycle_02\stage\qwen35_9b_passthrough_q0023.trm.jsonl
{"exact_positive": 0, "near_miss": 0, "weak_positive": 0, "negative": 1}
Wrote 2 TRM rows to C:\projects\Hermes Skills\data\primehub_trm_autoresearch\cycle_02\stage\qwen35_9b_psycho_bench_q0001.trm.jsonl
{"exact_positive": 2, "near_miss": 0, "weak_positive": 0, "negative": 0}
Wrote 0 TRM rows to C:\projects\Hermes Skills\data\primehub_trm_autoresearch\cycle_02\stage\qwen35_9b_psycho_bench_q0020.trm.jsonl
{"exact_positive": 0, "near_miss": 0, "weak_positive": 0, "negative": 0}
Wrote 2 TRM rows to C:\projects\Hermes Skills\data\primehub_trm_autoresearch\cycle_02\stage\qwen35_9b_pydantic_adherence_q0002.trm.jsonl
{"exact_positive": 0, "near_miss": 0, "weak_positive": 0, "negative": 2}
Wrote 1 TRM rows to C:\projects\Hermes Skills\data\primehub_trm_autoresearch\cycle_02\stage\qwen35_9b_reward_bench_q0003.trm.jsonl
{"exact_positive": 0, "near_miss": 0, "weak_positive": 1, "negative": 0}
Wrote 1 TRM rows to C:\projects\Hermes Skills\data\primehub_trm_autoresearch\cycle_02\stage\qwen35_9b_rust_cargo_q0004.trm.jsonl
{"exact_positive": 0, "near_miss": 0, "weak_positive": 0, "negative": 1}
Wrote 1 TRM rows to C:\projects\Hermes Skills\data\primehub_trm_autoresearch\cycle_02\stage\qwen35_9b_science_env_q0024.trm.jsonl
{"exact_positive": 0, "near_miss": 0, "weak_positive": 0, "negative": 1}
Wrote 1 TRM rows to C:\projects\Hermes Skills\data\primehub_trm_autoresearch\cycle_02\stage\qwen35_9b_simple_bench_q0005.trm.jsonl
{"exact_positive": 1, "near_miss": 0, "weak_positive": 0, "negative": 0}
Wrote 1 TRM rows to C:\projects\Hermes Skills\data\primehub_trm_autoresearch\cycle_02\stage\qwen35_9b_simpleqa_q0025.trm.jsonl
{"exact_positive": 0, "near_miss": 0, "weak_positive": 0, "negative": 1}
Wrote 1 TRM rows to C:\projects\Hermes Skills\data\primehub_trm_autoresearch\cycle_02\stage\qwen35_9b_simpleqa_verified_2_q0006.trm.jsonl
{"exact_positive": 0, "near_miss": 0, "weak_positive": 0, "negative": 1}
Wrote 1 TRM rows to C:\projects\Hermes Skills\data\primehub_trm_autoresearch\cycle_02\stage\qwen35_9b_simpleqa_verified_q0026.trm.jsonl
{"exact_positive": 0, "near_miss": 0, "weak_positive": 0, "negative": 1}
Wrote 1 TRM rows to C:\projects\Hermes Skills\data\primehub_trm_autoresearch\cycle_02\stage\qwen35_9b_truthfulqa_q0007.trm.jsonl
{"exact_positive": 1, "near_miss": 0, "weak_positive": 0, "negative": 0}
Wrote 1 TRM rows to C:\projects\Hermes Skills\data\primehub_trm_autoresearch\cycle_02\stage\qwen35_9b_unscramble_q0027.trm.jsonl
{"exact_positive": 0, "near_miss": 0, "weak_positive": 0, "negative": 1}
Wrote 1 TRM rows to C:\projects\Hermes Skills\data\primehub_trm_autoresearch\cycle_02\stage\qwen35_9b_uq_project_q0009.trm.jsonl
{"exact_positive": 0, "near_miss": 0, "weak_positive": 0, "negative": 1}
Wrote 1 TRM rows to C:\projects\Hermes Skills\data\primehub_trm_autoresearch\cycle_02\stage\qwen35_9b_uq_q0008.trm.jsonl
{"exact_positive": 0, "near_miss": 0, "weak_positive": 0, "negative": 1}
Wrote 1 TRM rows to C:\projects\Hermes Skills\data\primehub_trm_autoresearch\cycle_02\stage\qwen35_9b_verbatim_copy_q0028.trm.jsonl
{"exact_positive": 0, "near_miss": 0, "weak_positive": 0, "negative": 1}
Wrote 1 TRM rows to C:\projects\Hermes Skills\data\primehub_trm_autoresearch\cycle_02\stage\qwen35_9b_vpct_1_q0010.trm.jsonl
{"exact_positive": 0, "near_miss": 0, "weak_positive": 0, "negative": 1}
Wrote 1 TRM rows to C:\projects\Hermes Skills\data\primehub_trm_autoresearch\cycle_02\stage\qwen35_9b_winogrande_q0011.trm.jsonl
{"exact_positive": 1, "near_miss": 0, "weak_positive": 0, "negative": 0}
Wrote 1 TRM rows to C:\projects\Hermes Skills\data\primehub_trm_autoresearch\cycle_02\stage\qwen35_9b_wmdp_q0012.trm.jsonl
{"exact_positive": 0, "near_miss": 0, "weak_positive": 0, "negative": 1}
Wrote 1 TRM rows to C:\projects\Hermes Skills\data\primehub_trm_autoresearch\cycle_02\stage\qwen35_9b_writing_bench_q0013.trm.jsonl
{"exact_positive": 0, "near_miss": 0, "weak_positive": 0, "negative": 1}
Wrote 1 TRM rows to C:\projects\Hermes Skills\data\primehub_trm_autoresearch\cycle_02\stage\qwen35_9b_agency_bench_q0001.trm.jsonl
{"exact_positive": 0, "near_miss": 0, "weak_positive": 0, "negative": 1}
Wrote 1 TRM rows to C:\projects\Hermes Skills\data\primehub_trm_autoresearch\cycle_02\stage\qwen35_9b_allenai_ifeval_q0002.trm.jsonl
{"exact_positive": 0, "near_miss": 0, "weak_positive": 0, "negative": 1}
Wrote 1 TRM rows to C:\projects\Hermes Skills\data\primehub_trm_autoresearch\cycle_02\stage\qwen35_9b_antislop_q0003.trm.jsonl
{"exact_positive": 1, "near_miss": 0, "weak_positive": 0, "negative": 0}
Wrote 1 TRM rows to C:\projects\Hermes Skills\data\primehub_trm_autoresearch\cycle_02\stage\qwen35_9b_arc_q0004.trm.jsonl
{"exact_positive": 1, "near_miss": 0, "weak_positive": 0, "negative": 0}
Wrote 1 TRM rows to C:\projects\Hermes Skills\data\primehub_trm_autoresearch\cycle_02\stage\qwen35_9b_ascii_tree_q0005.trm.jsonl
{"exact_positive": 0, "near_miss": 0, "weak_positive": 1, "negative": 0}
Wrote 1 TRM rows to C:\projects\Hermes Skills\data\primehub_trm_autoresearch\cycle_02\stage\qwen35_9b_bixbench_q0006.trm.jsonl
{"exact_positive": 0, "near_miss": 0, "weak_positive": 0, "negative": 1}
Wrote 1 TRM rows to C:\projects\Hermes Skills\data\primehub_trm_autoresearch\cycle_02\stage\qwen35_9b_boolq_q0007.trm.jsonl
{"exact_positive": 1, "near_miss": 0, "weak_positive": 0, "negative": 0}
Wrote 1 TRM rows to C:\projects\Hermes Skills\data\primehub_trm_autoresearch\cycle_02\stage\qwen35_9b_coconot_q0008.trm.jsonl
{"exact_positive": 0, "near_miss": 0, "weak_positive": 0, "negative": 1}
Wrote 1 TRM rows to C:\projects\Hermes Skills\data\primehub_trm_autoresearch\cycle_02\stage\qwen35_9b_colf_q0009.trm.jsonl
{"exact_positive": 0, "near_miss": 0, "weak_positive": 0, "negative": 1}
Wrote 1 TRM rows to C:\projects\Hermes Skills\data\primehub_trm_autoresearch\cycle_02\stage\qwen35_9b_deep_consult_q0010.trm.jsonl
{"exact_positive": 0, "near_miss": 0, "weak_positive": 0, "negative": 1}
Wrote 1 TRM rows to C:\projects\Hermes Skills\data\primehub_trm_autoresearch\cycle_02\stage\qwen35_9b_gauss_q0011.trm.jsonl
{"exact_positive": 0, "near_miss": 0, "weak_positive": 0, "negative": 1}
Wrote 1 TRM rows to C:\projects\Hermes Skills\data\primehub_trm_autoresearch\cycle_02\stage\qwen35_9b_hellaswag_q0012.trm.jsonl
{"exact_positive": 1, "near_miss": 0, "weak_positive": 0, "negative": 0}
Wrote 1 TRM rows to C:\projects\Hermes Skills\data\primehub_trm_autoresearch\cycle_02\stage\qwen35_9b_jailbreak_bench_q0013.trm.jsonl
{"exact_positive": 0, "near_miss": 0, "weak_positive": 0, "negative": 1}
Wrote 1 TRM rows to C:\projects\Hermes Skills\data\primehub_trm_autoresearch\cycle_02\stage\qwen35_9b_lisanbench_q0014.trm.jsonl
{"exact_positive": 1, "near_miss": 0, "weak_positive": 0, "negative": 0}
Wrote 1 TRM rows to C:\projects\Hermes Skills\data\primehub_trm_autoresearch\cycle_02\stage\qwen35_9b_llm_writing_detection_q0015.trm.jsonl
{"exact_positive": 0, "near_miss": 0, "weak_positive": 0, "negative": 1}
Wrote 1 TRM rows to C:\projects\Hermes Skills\data\primehub_trm_autoresearch\cycle_02\stage\qwen35_9b_longbench_v2_q0016.trm.jsonl
{"exact_positive": 0, "near_miss": 0, "weak_positive": 0, "negative": 1}
Wrote 1 TRM rows to C:\projects\Hermes Skills\data\primehub_trm_autoresearch\cycle_02\stage\qwen35_9b_medsafetybench_q0017.trm.jsonl
{"exact_positive": 0, "near_miss": 0, "weak_positive": 0, "negative": 1}
Wrote 1 TRM rows to C:\projects\Hermes Skills\data\primehub_trm_autoresearch\cycle_02\stage\qwen35_9b_misguided_attn_q0018.trm.jsonl
{"exact_positive": 0, "near_miss": 0, "weak_positive": 0, "negative": 1}
Wrote 1 TRM rows to C:\projects\Hermes Skills\data\primehub_trm_autoresearch\cycle_02\stage\qwen35_9b_mmlu_q0019.trm.jsonl
{"exact_positive": 0, "near_miss": 0, "weak_positive": 0, "negative": 1}
Wrote 1 TRM rows to C:\projects\Hermes Skills\data\primehub_trm_autoresearch\cycle_02\stage\qwen35_9b_psycho_bench_q0020.trm.jsonl
{"exact_positive": 1, "near_miss": 0, "weak_positive": 0, "negative": 0}
Wrote 1 TRM rows to C:\projects\Hermes Skills\data\primehub_trm_autoresearch\cycle_02\stage\qwen35_9b_pydantic_adherence_q0021.trm.jsonl
{"exact_positive": 0, "near_miss": 0, "weak_positive": 0, "negative": 1}
Wrote 1 TRM rows to C:\projects\Hermes Skills\data\primehub_trm_autoresearch\cycle_02\stage\qwen35_9b_reward_bench_q0022.trm.jsonl
{"exact_positive": 0, "near_miss": 0, "weak_positive": 1, "negative": 0}
Wrote 127 merged TRM rows to C:\projects\Hermes Skills\data\primehub_trm_autoresearch\cycle_02\primehub_trm_merged.jsonl
{"negative": 106, "exact_positive": 17, "weak_positive": 4}
Wrote critic model with 127 examples to C:\projects\Hermes Skills\data\primehub_trm_autoresearch\cycle_02\models\trm_critic.json
{'negative': 106, 'exact_positive': 17, 'weak_positive': 4}
Wrote benchmark summary to C:\projects\Hermes Skills\data\primehub_trm_autoresearch\cycle_02\bench\trm_critic_bench.summary.json
{"eval_rows": 21, "bucket_accuracy": 0.7619, "per_family": {"primehub": {"rows": 21, "bucket_accuracy": 0.7619, "avg_bucket_abs_error": 0.7143, "visible_output_accuracy": 0.4762, "avg_grid_cell_accuracy_abs_error": null}}}
Wrote retriever model with 17 examples to C:\projects\Hermes Skills\data\primehub_trm_autoresearch\cycle_02\models\trm_retriever.json
{"exact_positive": 17}
Wrote benchmark summary to C:\projects\Hermes Skills\data\primehub_trm_autoresearch\cycle_02\bench\trm_retriever_bench.summary.json
{"eval_rows": 21, "exact_match_rate": 0.0476, "per_family": {"primehub": {"rows": 21, "exact_match_rate": 0.0476, "nonempty_prediction_rate": 1.0, "avg_similarity": 0.365, "avg_grid_cell_accuracy": null}}}
Wrote router benchmark summary to C:\projects\Hermes Skills\data\primehub_trm_autoresearch\cycle_02\bench\trm_router_bench.summary.json
{"eval_rows": 21, "retrieval_only": {"exact_match_rate": 0.0476, "nonempty_prediction_rate": 1.0, "avg_grid_cell_accuracy": null}, "critic_gated": {"exact_match_rate": 0.0, "nonempty_prediction_rate": 0.0952, "route_abstain_rate": 0.9048, "avg_grid_cell_accuracy": null}}
{
  "manifest": "C:\\projects\\Hermes Skills\\data\\primehub_trm_autoresearch\\cycle_02\\primehub_trm_rollup.manifest.json",
  "merged_rows": 127,
  "bucket_counts": {
    "negative": 106,
    "exact_positive": 17,
    "weak_positive": 4
  }
}
{
  "output_json": "C:\\projects\\Hermes Skills\\data\\primehub_trm_autoresearch\\cycle_02\\imprint\\primehub_skill_imprint.json",
  "output_md": "C:\\projects\\Hermes Skills\\data\\primehub_trm_autoresearch\\cycle_02\\imprint\\primehub_skill_imprint.md",
  "rows": 127
}
Wrote 1 TRM rows to C:\projects\Hermes Skills\data\primehub_trm_autoresearch\cycle_03\stage\qwen35_27b_aime2024_q0016.trm.jsonl
{"exact_positive": 0, "near_miss": 0, "weak_positive": 0, "negative": 1}
Wrote 1 TRM rows to C:\projects\Hermes Skills\data\primehub_trm_autoresearch\cycle_03\stage\qwen35_27b_aime2025_q0017.trm.jsonl
{"exact_positive": 0, "near_miss": 0, "weak_positive": 0, "negative": 1}
Wrote 1 TRM rows to C:\projects\Hermes Skills\data\primehub_trm_autoresearch\cycle_03\stage\qwen35_27b_aime2026_q0018.trm.jsonl
{"exact_positive": 0, "near_miss": 0, "weak_positive": 0, "negative": 1}
Wrote 1 TRM rows to C:\projects\Hermes Skills\data\primehub_trm_autoresearch\cycle_03\stage\qwen35_27b_clbench_q0019.trm.jsonl
{"exact_positive": 0, "near_miss": 0, "weak_positive": 0, "negative": 1}
Wrote 1 TRM rows to C:\projects\Hermes Skills\data\primehub_trm_autoresearch\cycle_03\stage\qwen35_27b_if_summarize_judge_q0020.trm.jsonl
{"exact_positive": 0, "near_miss": 0, "weak_positive": 0, "negative": 1}
Wrote 1 TRM rows to C:\projects\Hermes Skills\data\primehub_trm_autoresearch\cycle_03\stage\qwen35_27b_lisanbench_q0013.trm.jsonl
{"exact_positive": 0, "near_miss": 0, "weak_positive": 0, "negative": 1}
Wrote 1 TRM rows to C:\projects\Hermes Skills\data\primehub_trm_autoresearch\cycle_03\stage\qwen35_27b_logic_env_q0021.trm.jsonl
{"exact_positive": 0, "near_miss": 0, "weak_positive": 0, "negative": 1}
Wrote 1 TRM rows to C:\projects\Hermes Skills\data\primehub_trm_autoresearch\cycle_03\stage\qwen35_27b_math500_q0022.trm.jsonl
{"exact_positive": 0, "near_miss": 0, "weak_positive": 0, "negative": 1}
Wrote 1 TRM rows to C:\projects\Hermes Skills\data\primehub_trm_autoresearch\cycle_03\stage\qwen35_27b_math_env_q0023.trm.jsonl
{"exact_positive": 0, "near_miss": 0, "weak_positive": 0, "negative": 1}
Wrote 1 TRM rows to C:\projects\Hermes Skills\data\primehub_trm_autoresearch\cycle_03\stage\qwen35_27b_misguided_attn_q0014.trm.jsonl
{"exact_positive": 0, "near_miss": 0, "weak_positive": 0, "negative": 1}
Wrote 1 TRM rows to C:\projects\Hermes Skills\data\primehub_trm_autoresearch\cycle_03\stage\qwen35_27b_mmlu_pro_q0024.trm.jsonl
{"exact_positive": 0, "near_miss": 0, "weak_positive": 0, "negative": 1}
Wrote 1 TRM rows to C:\projects\Hermes Skills\data\primehub_trm_autoresearch\cycle_03\stage\qwen35_27b_psycho_bench_q0015.trm.jsonl
{"exact_positive": 0, "near_miss": 0, "weak_positive": 0, "negative": 1}
Wrote 1 TRM rows to C:\projects\Hermes Skills\data\primehub_trm_autoresearch\cycle_03\stage\qwen35_9b_aime2024_q0004.trm.jsonl
{"exact_positive": 0, "near_miss": 0, "weak_positive": 0, "negative": 1}
Wrote 1 TRM rows to C:\projects\Hermes Skills\data\primehub_trm_autoresearch\cycle_03\stage\qwen35_9b_aime2025_q0005.trm.jsonl
{"exact_positive": 0, "near_miss": 0, "weak_positive": 0, "negative": 1}
Wrote 1 TRM rows to C:\projects\Hermes Skills\data\primehub_trm_autoresearch\cycle_03\stage\qwen35_9b_aime2026_q0006.trm.jsonl
{"exact_positive": 0, "near_miss": 0, "weak_positive": 0, "negative": 1}
Wrote 1 TRM rows to C:\projects\Hermes Skills\data\primehub_trm_autoresearch\cycle_03\stage\qwen35_9b_clbench_q0007.trm.jsonl
{"exact_positive": 0, "near_miss": 0, "weak_positive": 0, "negative": 1}
Wrote 1 TRM rows to C:\projects\Hermes Skills\data\primehub_trm_autoresearch\cycle_03\stage\qwen35_9b_if_summarize_judge_q0008.trm.jsonl
{"exact_positive": 0, "near_miss": 0, "weak_positive": 0, "negative": 1}
Wrote 1 TRM rows to C:\projects\Hermes Skills\data\primehub_trm_autoresearch\cycle_03\stage\qwen35_9b_lisanbench_q0001.trm.jsonl
{"exact_positive": 1, "near_miss": 0, "weak_positive": 0, "negative": 0}
Wrote 1 TRM rows to C:\projects\Hermes Skills\data\primehub_trm_autoresearch\cycle_03\stage\qwen35_9b_logic_env_q0009.trm.jsonl
{"exact_positive": 0, "near_miss": 0, "weak_positive": 0, "negative": 1}
Wrote 1 TRM rows to C:\projects\Hermes Skills\data\primehub_trm_autoresearch\cycle_03\stage\qwen35_9b_math500_q0010.trm.jsonl
{"exact_positive": 0, "near_miss": 0, "weak_positive": 0, "negative": 1}
Wrote 1 TRM rows to C:\projects\Hermes Skills\data\primehub_trm_autoresearch\cycle_03\stage\qwen35_9b_math_env_q0011.trm.jsonl
{"exact_positive": 1, "near_miss": 0, "weak_positive": 0, "negative": 0}
Wrote 1 TRM rows to C:\projects\Hermes Skills\data\primehub_trm_autoresearch\cycle_03\stage\qwen35_9b_misguided_attn_q0002.trm.jsonl
{"exact_positive": 0, "near_miss": 0, "weak_positive": 0, "negative": 1}
Wrote 1 TRM rows to C:\projects\Hermes Skills\data\primehub_trm_autoresearch\cycle_03\stage\qwen35_9b_mmlu_pro_q0012.trm.jsonl
{"exact_positive": 0, "near_miss": 0, "weak_positive": 0, "negative": 1}
Wrote 1 TRM rows to C:\projects\Hermes Skills\data\primehub_trm_autoresearch\cycle_03\stage\qwen35_9b_psycho_bench_q0003.trm.jsonl
{"exact_positive": 1, "near_miss": 0, "weak_positive": 0, "negative": 0}
Wrote 1 TRM rows to C:\projects\Hermes Skills\data\primehub_trm_autoresearch\cycle_03\stage\qwen35_27b_math_env_q0001.trm.jsonl
{"exact_positive": 0, "near_miss": 0, "weak_positive": 0, "negative": 1}
Wrote 1 TRM rows to C:\projects\Hermes Skills\data\primehub_trm_autoresearch\cycle_03\stage\qwen35_27b_mmlu_pro_q0002.trm.jsonl
{"exact_positive": 0, "near_miss": 0, "weak_positive": 0, "negative": 1}
Wrote 1 TRM rows to C:\projects\Hermes Skills\data\primehub_trm_autoresearch\cycle_03\stage\qwen35_27b_agency_bench_q0029.trm.jsonl
{"exact_positive": 0, "near_miss": 0, "weak_positive": 0, "negative": 1}
Wrote 1 TRM rows to C:\projects\Hermes Skills\data\primehub_trm_autoresearch\cycle_03\stage\qwen35_27b_aime2024_q0009.trm.jsonl
{"exact_positive": 0, "near_miss": 0, "weak_positive": 0, "negative": 1}
Wrote 1 TRM rows to C:\projects\Hermes Skills\data\primehub_trm_autoresearch\cycle_03\stage\qwen35_27b_aime2025_q0010.trm.jsonl
{"exact_positive": 0, "near_miss": 0, "weak_positive": 0, "negative": 1}
Wrote 1 TRM rows to C:\projects\Hermes Skills\data\primehub_trm_autoresearch\cycle_03\stage\qwen35_27b_aime2026_q0011.trm.jsonl
{"exact_positive": 0, "near_miss": 0, "weak_positive": 0, "negative": 1}
Wrote 1 TRM rows to C:\projects\Hermes Skills\data\primehub_trm_autoresearch\cycle_03\stage\qwen35_27b_allenai_ifeval_q0030.trm.jsonl
{"exact_positive": 0, "near_miss": 0, "weak_positive": 0, "negative": 1}
Wrote 1 TRM rows to C:\projects\Hermes Skills\data\primehub_trm_autoresearch\cycle_03\stage\qwen35_27b_antislop_q0031.trm.jsonl
{"exact_positive": 1, "near_miss": 0, "weak_positive": 0, "negative": 0}
Wrote 1 TRM rows to C:\projects\Hermes Skills\data\primehub_trm_autoresearch\cycle_03\stage\qwen35_27b_arc_q0032.trm.jsonl
{"exact_positive": 0, "near_miss": 0, "weak_positive": 0, "negative": 1}
Wrote 1 TRM rows to C:\projects\Hermes Skills\data\primehub_trm_autoresearch\cycle_03\stage\qwen35_27b_ascii_tree_q0033.trm.jsonl
{"exact_positive": 0, "near_miss": 0, "weak_positive": 0, "negative": 1}
Wrote 1 TRM rows to C:\projects\Hermes Skills\data\primehub_trm_autoresearch\cycle_03\stage\qwen35_27b_bixbench_q0034.trm.jsonl
{"exact_positive": 0, "near_miss": 0, "weak_positive": 0, "negative": 1}
Wrote 1 TRM rows to C:\projects\Hermes Skills\data\primehub_trm_autoresearch\cycle_03\stage\qwen35_27b_boolq_q0035.trm.jsonl
{"exact_positive": 0, "near_miss": 0, "weak_positive": 0, "negative": 1}
Wrote 1 TRM rows to C:\projects\Hermes Skills\data\primehub_trm_autoresearch\cycle_03\stage\qwen35_27b_clbench_q0012.trm.jsonl
{"exact_positive": 0, "near_miss": 0, "weak_positive": 0, "negative": 1}
Wrote 1 TRM rows to C:\projects\Hermes Skills\data\primehub_trm_autoresearch\cycle_03\stage\qwen35_27b_coconot_q0036.trm.jsonl
{"exact_positive": 0, "near_miss": 0, "weak_positive": 0, "negative": 1}
Wrote 1 TRM rows to C:\projects\Hermes Skills\data\primehub_trm_autoresearch\cycle_03\stage\qwen35_27b_colf_q0037.trm.jsonl
{"exact_positive": 0, "near_miss": 0, "weak_positive": 0, "negative": 1}
Wrote 1 TRM rows to C:\projects\Hermes Skills\data\primehub_trm_autoresearch\cycle_03\stage\qwen35_27b_deep_consult_q0038.trm.jsonl
{"exact_positive": 0, "near_miss": 0, "weak_positive": 0, "negative": 1}
Wrote 1 TRM rows to C:\projects\Hermes Skills\data\primehub_trm_autoresearch\cycle_03\stage\qwen35_27b_gauss_q0039.trm.jsonl
{"exact_positive": 0, "near_miss": 0, "weak_positive": 0, "negative": 1}
Wrote 1 TRM rows to C:\projects\Hermes Skills\data\primehub_trm_autoresearch\cycle_03\stage\qwen35_27b_hellaswag_q0040.trm.jsonl
{"exact_positive": 0, "near_miss": 0, "weak_positive": 0, "negative": 1}
Wrote 1 TRM rows to C:\projects\Hermes Skills\data\primehub_trm_autoresearch\cycle_03\stage\qwen35_27b_if_summarize_judge_q0013.trm.jsonl
{"exact_positive": 0, "near_miss": 0, "weak_positive": 0, "negative": 1}
Wrote 1 TRM rows to C:\projects\Hermes Skills\data\primehub_trm_autoresearch\cycle_03\stage\qwen35_27b_jailbreak_bench_q0041.trm.jsonl
{"exact_positive": 0, "near_miss": 0, "weak_positive": 0, "negative": 1}
Wrote 1 TRM rows to C:\projects\Hermes Skills\data\primehub_trm_autoresearch\cycle_03\stage\qwen35_27b_lisanbench_q0042.trm.jsonl
{"exact_positive": 0, "near_miss": 0, "weak_positive": 0, "negative": 1}
Wrote 1 TRM rows to C:\projects\Hermes Skills\data\primehub_trm_autoresearch\cycle_03\stage\qwen35_27b_llm_writing_detection_q0043.trm.jsonl
{"exact_positive": 0, "near_miss": 0, "weak_positive": 0, "negative": 1}
Wrote 1 TRM rows to C:\projects\Hermes Skills\data\primehub_trm_autoresearch\cycle_03\stage\qwen35_27b_logic_env_q0014.trm.jsonl
{"exact_positive": 0, "near_miss": 0, "weak_positive": 0, "negative": 1}
Wrote 1 TRM rows to C:\projects\Hermes Skills\data\primehub_trm_autoresearch\cycle_03\stage\qwen35_27b_longbench_v2_q0044.trm.jsonl
{"exact_positive": 0, "near_miss": 0, "weak_positive": 0, "negative": 1}
Wrote 1 TRM rows to C:\projects\Hermes Skills\data\primehub_trm_autoresearch\cycle_03\stage\qwen35_27b_math500_q0015.trm.jsonl
{"exact_positive": 0, "near_miss": 0, "weak_positive": 0, "negative": 1}
Wrote 1 TRM rows to C:\projects\Hermes Skills\data\primehub_trm_autoresearch\cycle_03\stage\qwen35_27b_math_env_q0016.trm.jsonl
{"exact_positive": 0, "near_miss": 0, "weak_positive": 0, "negative": 1}
Wrote 1 TRM rows to C:\projects\Hermes Skills\data\primehub_trm_autoresearch\cycle_03\stage\qwen35_27b_medsafetybench_q0045.trm.jsonl
{"exact_positive": 0, "near_miss": 0, "weak_positive": 0, "negative": 1}
Wrote 1 TRM rows to C:\projects\Hermes Skills\data\primehub_trm_autoresearch\cycle_03\stage\qwen35_27b_misguided_attn_q0046.trm.jsonl
{"exact_positive": 0, "near_miss": 0, "weak_positive": 0, "negative": 1}
Wrote 1 TRM rows to C:\projects\Hermes Skills\data\primehub_trm_autoresearch\cycle_03\stage\qwen35_27b_mmlu_pro_q0017.trm.jsonl
{"exact_positive": 0, "near_miss": 0, "weak_positive": 0, "negative": 1}
Wrote 1 TRM rows to C:\projects\Hermes Skills\data\primehub_trm_autoresearch\cycle_03\stage\qwen35_27b_mmlu_q0047.trm.jsonl
{"exact_positive": 0, "near_miss": 0, "weak_positive": 0, "negative": 1}
Wrote 1 TRM rows to C:\projects\Hermes Skills\data\primehub_trm_autoresearch\cycle_03\stage\qwen35_27b_passthrough_q0018.trm.jsonl
{"exact_positive": 0, "near_miss": 0, "weak_positive": 0, "negative": 1}
Wrote 1 TRM rows to C:\projects\Hermes Skills\data\primehub_trm_autoresearch\cycle_03\stage\qwen35_27b_psycho_bench_q0048.trm.jsonl
{"exact_positive": 0, "near_miss": 0, "weak_positive": 0, "negative": 1}
Wrote 1 TRM rows to C:\projects\Hermes Skills\data\primehub_trm_autoresearch\cycle_03\stage\qwen35_27b_pydantic_adherence_q0049.trm.jsonl
{"exact_positive": 0, "near_miss": 0, "weak_positive": 0, "negative": 1}
Wrote 1 TRM rows to C:\projects\Hermes Skills\data\primehub_trm_autoresearch\cycle_03\stage\qwen35_27b_reward_bench_q0050.trm.jsonl
{"exact_positive": 0, "near_miss": 0, "weak_positive": 1, "negative": 0}
Wrote 1 TRM rows to C:\projects\Hermes Skills\data\primehub_trm_autoresearch\cycle_03\stage\qwen35_27b_rust_cargo_q0051.trm.jsonl
{"exact_positive": 0, "near_miss": 0, "weak_positive": 0, "negative": 1}
Wrote 1 TRM rows to C:\projects\Hermes Skills\data\primehub_trm_autoresearch\cycle_03\stage\qwen35_27b_science_env_q0019.trm.jsonl
{"exact_positive": 0, "near_miss": 0, "weak_positive": 0, "negative": 1}
Wrote 1 TRM rows to C:\projects\Hermes Skills\data\primehub_trm_autoresearch\cycle_03\stage\qwen35_27b_simple_bench_q0052.trm.jsonl
{"exact_positive": 0, "near_miss": 0, "weak_positive": 0, "negative": 1}
Wrote 1 TRM rows to C:\projects\Hermes Skills\data\primehub_trm_autoresearch\cycle_03\stage\qwen35_27b_simpleqa_q0020.trm.jsonl
{"exact_positive": 0, "near_miss": 0, "weak_positive": 0, "negative": 1}
Wrote 1 TRM rows to C:\projects\Hermes Skills\data\primehub_trm_autoresearch\cycle_03\stage\qwen35_27b_simpleqa_verified_2_q0053.trm.jsonl
{"exact_positive": 0, "near_miss": 0, "weak_positive": 0, "negative": 1}
Wrote 1 TRM rows to C:\projects\Hermes Skills\data\primehub_trm_autoresearch\cycle_03\stage\qwen35_27b_simpleqa_verified_q0021.trm.jsonl
{"exact_positive": 0, "near_miss": 0, "weak_positive": 0, "negative": 1}
Wrote 1 TRM rows to C:\projects\Hermes Skills\data\primehub_trm_autoresearch\cycle_03\stage\qwen35_27b_truthfulqa_q0002.trm.jsonl
{"exact_positive": 0, "near_miss": 0, "weak_positive": 0, "negative": 1}
Wrote 1 TRM rows to C:\projects\Hermes Skills\data\primehub_trm_autoresearch\cycle_03\stage\qwen35_27b_truthfulqa_q0054.trm.jsonl
{"exact_positive": 0, "near_miss": 0, "weak_positive": 0, "negative": 1}
Wrote 1 TRM rows to C:\projects\Hermes Skills\data\primehub_trm_autoresearch\cycle_03\stage\qwen35_27b_unscramble_q0022.trm.jsonl
{"exact_positive": 0, "near_miss": 0, "weak_positive": 0, "negative": 1}
Wrote 1 TRM rows to C:\projects\Hermes Skills\data\primehub_trm_autoresearch\cycle_03\stage\qwen35_27b_uq_project_q0004.trm.jsonl
{"exact_positive": 0, "near_miss": 0, "weak_positive": 0, "negative": 1}
Wrote 1 TRM rows to C:\projects\Hermes Skills\data\primehub_trm_autoresearch\cycle_03\stage\qwen35_27b_uq_q0003.trm.jsonl
{"exact_positive": 0, "near_miss": 0, "weak_positive": 0, "negative": 1}
Wrote 1 TRM rows to C:\projects\Hermes Skills\data\primehub_trm_autoresearch\cycle_03\stage\qwen35_27b_verbatim_copy_q0023.trm.jsonl
{"exact_positive": 0, "near_miss": 0, "weak_positive": 0, "negative": 1}
Wrote 1 TRM rows to C:\projects\Hermes Skills\data\primehub_trm_autoresearch\cycle_03\stage\qwen35_27b_vpct_1_q0005.trm.jsonl
{"exact_positive": 0, "near_miss": 0, "weak_positive": 0, "negative": 1}
Wrote 1 TRM rows to C:\projects\Hermes Skills\data\primehub_trm_autoresearch\cycle_03\stage\qwen35_27b_winogrande_q0006.trm.jsonl
{"exact_positive": 1, "near_miss": 0, "weak_positive": 0, "negative": 0}
Wrote 1 TRM rows to C:\projects\Hermes Skills\data\primehub_trm_autoresearch\cycle_03\stage\qwen35_27b_wmdp_q0007.trm.jsonl
{"exact_positive": 0, "near_miss": 0, "weak_positive": 0, "negative": 1}
Wrote 1 TRM rows to C:\projects\Hermes Skills\data\primehub_trm_autoresearch\cycle_03\stage\qwen35_27b_writing_bench_q0008.trm.jsonl
{"exact_positive": 0, "near_miss": 0, "weak_positive": 0, "negative": 1}
Wrote 1 TRM rows to C:\projects\Hermes Skills\data\primehub_trm_autoresearch\cycle_03\stage\qwen35_9b_agency_bench_q0001.trm.jsonl
{"exact_positive": 0, "near_miss": 0, "weak_positive": 0, "negative": 1}
Wrote 1 TRM rows to C:\projects\Hermes Skills\data\primehub_trm_autoresearch\cycle_03\stage\qwen35_9b_aime2024_q0014.trm.jsonl
{"exact_positive": 0, "near_miss": 0, "weak_positive": 0, "negative": 1}
Wrote 1 TRM rows to C:\projects\Hermes Skills\data\primehub_trm_autoresearch\cycle_03\stage\qwen35_9b_aime2025_q0015.trm.jsonl
{"exact_positive": 0, "near_miss": 0, "weak_positive": 0, "negative": 1}
Wrote 1 TRM rows to C:\projects\Hermes Skills\data\primehub_trm_autoresearch\cycle_03\stage\qwen35_9b_aime2026_q0016.trm.jsonl
{"exact_positive": 0, "near_miss": 0, "weak_positive": 0, "negative": 1}
Wrote 1 TRM rows to C:\projects\Hermes Skills\data\primehub_trm_autoresearch\cycle_03\stage\qwen35_9b_allenai_ifeval_q0002.trm.jsonl
{"exact_positive": 0, "near_miss": 0, "weak_positive": 0, "negative": 1}
Wrote 1 TRM rows to C:\projects\Hermes Skills\data\primehub_trm_autoresearch\cycle_03\stage\qwen35_9b_antislop_q0003.trm.jsonl
{"exact_positive": 1, "near_miss": 0, "weak_positive": 0, "negative": 0}
Wrote 1 TRM rows to C:\projects\Hermes Skills\data\primehub_trm_autoresearch\cycle_03\stage\qwen35_9b_arc_q0004.trm.jsonl
{"exact_positive": 1, "near_miss": 0, "weak_positive": 0, "negative": 0}
Wrote 1 TRM rows to C:\projects\Hermes Skills\data\primehub_trm_autoresearch\cycle_03\stage\qwen35_9b_ascii_tree_q0005.trm.jsonl
{"exact_positive": 0, "near_miss": 0, "weak_positive": 1, "negative": 0}
Wrote 1 TRM rows to C:\projects\Hermes Skills\data\primehub_trm_autoresearch\cycle_03\stage\qwen35_9b_bixbench_q0006.trm.jsonl
{"exact_positive": 0, "near_miss": 0, "weak_positive": 0, "negative": 1}
Wrote 1 TRM rows to C:\projects\Hermes Skills\data\primehub_trm_autoresearch\cycle_03\stage\qwen35_9b_boolq_q0007.trm.jsonl
{"exact_positive": 1, "near_miss": 0, "weak_positive": 0, "negative": 0}
Wrote 1 TRM rows to C:\projects\Hermes Skills\data\primehub_trm_autoresearch\cycle_03\stage\qwen35_9b_clbench_q0017.trm.jsonl
{"exact_positive": 0, "near_miss": 0, "weak_positive": 0, "negative": 1}
Wrote 1 TRM rows to C:\projects\Hermes Skills\data\primehub_trm_autoresearch\cycle_03\stage\qwen35_9b_coconot_q0008.trm.jsonl
{"exact_positive": 0, "near_miss": 0, "weak_positive": 0, "negative": 1}
Wrote 1 TRM rows to C:\projects\Hermes Skills\data\primehub_trm_autoresearch\cycle_03\stage\qwen35_9b_colf_q0009.trm.jsonl
{"exact_positive": 0, "near_miss": 0, "weak_positive": 0, "negative": 1}
Wrote 1 TRM rows to C:\projects\Hermes Skills\data\primehub_trm_autoresearch\cycle_03\stage\qwen35_9b_deep_consult_q0010.trm.jsonl
{"exact_positive": 0, "near_miss": 0, "weak_positive": 0, "negative": 1}
Wrote 1 TRM rows to C:\projects\Hermes Skills\data\primehub_trm_autoresearch\cycle_03\stage\qwen35_9b_gauss_q0011.trm.jsonl
{"exact_positive": 0, "near_miss": 0, "weak_positive": 0, "negative": 1}
Wrote 1 TRM rows to C:\projects\Hermes Skills\data\primehub_trm_autoresearch\cycle_03\stage\qwen35_9b_hellaswag_q0012.trm.jsonl
{"exact_positive": 1, "near_miss": 0, "weak_positive": 0, "negative": 0}
Wrote 1 TRM rows to C:\projects\Hermes Skills\data\primehub_trm_autoresearch\cycle_03\stage\qwen35_9b_if_summarize_judge_q0018.trm.jsonl
{"exact_positive": 0, "near_miss": 0, "weak_positive": 0, "negative": 1}
Wrote 1 TRM rows to C:\projects\Hermes Skills\data\primehub_trm_autoresearch\cycle_03\stage\qwen35_9b_jailbreak_bench_q0013.trm.jsonl
{"exact_positive": 0, "near_miss": 0, "weak_positive": 0, "negative": 1}
Wrote 1 TRM rows to C:\projects\Hermes Skills\data\primehub_trm_autoresearch\cycle_03\stage\qwen35_9b_lisanbench_q0014.trm.jsonl
{"exact_positive": 1, "near_miss": 0, "weak_positive": 0, "negative": 0}
Wrote 1 TRM rows to C:\projects\Hermes Skills\data\primehub_trm_autoresearch\cycle_03\stage\qwen35_9b_llm_writing_detection_q0015.trm.jsonl
{"exact_positive": 0, "near_miss": 0, "weak_positive": 0, "negative": 1}
Wrote 1 TRM rows to C:\projects\Hermes Skills\data\primehub_trm_autoresearch\cycle_03\stage\qwen35_9b_logic_env_q0019.trm.jsonl
{"exact_positive": 0, "near_miss": 0, "weak_positive": 0, "negative": 1}
Wrote 1 TRM rows to C:\projects\Hermes Skills\data\primehub_trm_autoresearch\cycle_03\stage\qwen35_9b_longbench_v2_q0016.trm.jsonl
{"exact_positive": 0, "near_miss": 0, "weak_positive": 0, "negative": 1}
Wrote 1 TRM rows to C:\projects\Hermes Skills\data\primehub_trm_autoresearch\cycle_03\stage\qwen35_9b_math500_q0020.trm.jsonl
{"exact_positive": 0, "near_miss": 0, "weak_positive": 0, "negative": 1}
Wrote 1 TRM rows to C:\projects\Hermes Skills\data\primehub_trm_autoresearch\cycle_03\stage\qwen35_9b_math_env_q0021.trm.jsonl
{"exact_positive": 1, "near_miss": 0, "weak_positive": 0, "negative": 0}
Wrote 1 TRM rows to C:\projects\Hermes Skills\data\primehub_trm_autoresearch\cycle_03\stage\qwen35_9b_medsafetybench_q0017.trm.jsonl
{"exact_positive": 0, "near_miss": 0, "weak_positive": 0, "negative": 1}
Wrote 1 TRM rows to C:\projects\Hermes Skills\data\primehub_trm_autoresearch\cycle_03\stage\qwen35_9b_misguided_attn_q0018.trm.jsonl
{"exact_positive": 0, "near_miss": 0, "weak_positive": 0, "negative": 1}
Wrote 1 TRM rows to C:\projects\Hermes Skills\data\primehub_trm_autoresearch\cycle_03\stage\qwen35_9b_mmlu_pro_q0022.trm.jsonl
{"exact_positive": 0, "near_miss": 0, "weak_positive": 0, "negative": 1}
Wrote 1 TRM rows to C:\projects\Hermes Skills\data\primehub_trm_autoresearch\cycle_03\stage\qwen35_9b_mmlu_q0019.trm.jsonl
{"exact_positive": 0, "near_miss": 0, "weak_positive": 0, "negative": 1}
Wrote 1 TRM rows to C:\projects\Hermes Skills\data\primehub_trm_autoresearch\cycle_03\stage\qwen35_9b_passthrough_q0001.trm.jsonl
{"exact_positive": 0, "near_miss": 0, "weak_positive": 0, "negative": 1}
Wrote 1 TRM rows to C:\projects\Hermes Skills\data\primehub_trm_autoresearch\cycle_03\stage\qwen35_9b_passthrough_q0023.trm.jsonl
{"exact_positive": 0, "near_miss": 0, "weak_positive": 0, "negative": 1}
Wrote 2 TRM rows to C:\projects\Hermes Skills\data\primehub_trm_autoresearch\cycle_03\stage\qwen35_9b_psycho_bench_q0001.trm.jsonl
{"exact_positive": 2, "near_miss": 0, "weak_positive": 0, "negative": 0}
Wrote 0 TRM rows to C:\projects\Hermes Skills\data\primehub_trm_autoresearch\cycle_03\stage\qwen35_9b_psycho_bench_q0020.trm.jsonl
{"exact_positive": 0, "near_miss": 0, "weak_positive": 0, "negative": 0}
Wrote 2 TRM rows to C:\projects\Hermes Skills\data\primehub_trm_autoresearch\cycle_03\stage\qwen35_9b_pydantic_adherence_q0002.trm.jsonl
{"exact_positive": 0, "near_miss": 0, "weak_positive": 0, "negative": 2}
Wrote 1 TRM rows to C:\projects\Hermes Skills\data\primehub_trm_autoresearch\cycle_03\stage\qwen35_9b_reward_bench_q0003.trm.jsonl
{"exact_positive": 0, "near_miss": 0, "weak_positive": 1, "negative": 0}
Wrote 1 TRM rows to C:\projects\Hermes Skills\data\primehub_trm_autoresearch\cycle_03\stage\qwen35_9b_rust_cargo_q0004.trm.jsonl
{"exact_positive": 0, "near_miss": 0, "weak_positive": 0, "negative": 1}
Wrote 1 TRM rows to C:\projects\Hermes Skills\data\primehub_trm_autoresearch\cycle_03\stage\qwen35_9b_science_env_q0024.trm.jsonl
{"exact_positive": 0, "near_miss": 0, "weak_positive": 0, "negative": 1}
Wrote 1 TRM rows to C:\projects\Hermes Skills\data\primehub_trm_autoresearch\cycle_03\stage\qwen35_9b_simple_bench_q0005.trm.jsonl
{"exact_positive": 1, "near_miss": 0, "weak_positive": 0, "negative": 0}
Wrote 1 TRM rows to C:\projects\Hermes Skills\data\primehub_trm_autoresearch\cycle_03\stage\qwen35_9b_simpleqa_q0025.trm.jsonl
{"exact_positive": 0, "near_miss": 0, "weak_positive": 0, "negative": 1}
Wrote 1 TRM rows to C:\projects\Hermes Skills\data\primehub_trm_autoresearch\cycle_03\stage\qwen35_9b_simpleqa_verified_2_q0006.trm.jsonl
{"exact_positive": 0, "near_miss": 0, "weak_positive": 0, "negative": 1}
Wrote 1 TRM rows to C:\projects\Hermes Skills\data\primehub_trm_autoresearch\cycle_03\stage\qwen35_9b_simpleqa_verified_q0026.trm.jsonl
{"exact_positive": 0, "near_miss": 0, "weak_positive": 0, "negative": 1}
Wrote 1 TRM rows to C:\projects\Hermes Skills\data\primehub_trm_autoresearch\cycle_03\stage\qwen35_9b_truthfulqa_q0007.trm.jsonl
{"exact_positive": 1, "near_miss": 0, "weak_positive": 0, "negative": 0}
Wrote 1 TRM rows to C:\projects\Hermes Skills\data\primehub_trm_autoresearch\cycle_03\stage\qwen35_9b_unscramble_q0027.trm.jsonl
{"exact_positive": 0, "near_miss": 0, "weak_positive": 0, "negative": 1}
Wrote 1 TRM rows to C:\projects\Hermes Skills\data\primehub_trm_autoresearch\cycle_03\stage\qwen35_9b_uq_project_q0009.trm.jsonl
{"exact_positive": 0, "near_miss": 0, "weak_positive": 0, "negative": 1}
Wrote 1 TRM rows to C:\projects\Hermes Skills\data\primehub_trm_autoresearch\cycle_03\stage\qwen35_9b_uq_q0008.trm.jsonl
{"exact_positive": 0, "near_miss": 0, "weak_positive": 0, "negative": 1}
Wrote 1 TRM rows to C:\projects\Hermes Skills\data\primehub_trm_autoresearch\cycle_03\stage\qwen35_9b_verbatim_copy_q0028.trm.jsonl
{"exact_positive": 0, "near_miss": 0, "weak_positive": 0, "negative": 1}
Wrote 1 TRM rows to C:\projects\Hermes Skills\data\primehub_trm_autoresearch\cycle_03\stage\qwen35_9b_vpct_1_q0010.trm.jsonl
{"exact_positive": 0, "near_miss": 0, "weak_positive": 0, "negative": 1}
Wrote 1 TRM rows to C:\projects\Hermes Skills\data\primehub_trm_autoresearch\cycle_03\stage\qwen35_9b_winogrande_q0011.trm.jsonl
{"exact_positive": 1, "near_miss": 0, "weak_positive": 0, "negative": 0}
Wrote 1 TRM rows to C:\projects\Hermes Skills\data\primehub_trm_autoresearch\cycle_03\stage\qwen35_9b_wmdp_q0012.trm.jsonl
{"exact_positive": 0, "near_miss": 0, "weak_positive": 0, "negative": 1}
Wrote 1 TRM rows to C:\projects\Hermes Skills\data\primehub_trm_autoresearch\cycle_03\stage\qwen35_9b_writing_bench_q0013.trm.jsonl
{"exact_positive": 0, "near_miss": 0, "weak_positive": 0, "negative": 1}
Wrote 1 TRM rows to C:\projects\Hermes Skills\data\primehub_trm_autoresearch\cycle_03\stage\qwen35_9b_agency_bench_q0001.trm.jsonl
{"exact_positive": 0, "near_miss": 0, "weak_positive": 0, "negative": 1}
Wrote 1 TRM rows to C:\projects\Hermes Skills\data\primehub_trm_autoresearch\cycle_03\stage\qwen35_9b_aime2024_q0033.trm.jsonl
{"exact_positive": 0, "near_miss": 0, "weak_positive": 0, "negative": 1}
Wrote 1 TRM rows to C:\projects\Hermes Skills\data\primehub_trm_autoresearch\cycle_03\stage\qwen35_9b_aime2025_q0034.trm.jsonl
{"exact_positive": 0, "near_miss": 0, "weak_positive": 0, "negative": 1}
Wrote 1 TRM rows to C:\projects\Hermes Skills\data\primehub_trm_autoresearch\cycle_03\stage\qwen35_9b_aime2026_q0035.trm.jsonl
{"exact_positive": 0, "near_miss": 0, "weak_positive": 0, "negative": 1}
Wrote 1 TRM rows to C:\projects\Hermes Skills\data\primehub_trm_autoresearch\cycle_03\stage\qwen35_9b_allenai_ifeval_q0002.trm.jsonl
{"exact_positive": 0, "near_miss": 0, "weak_positive": 0, "negative": 1}
Wrote 1 TRM rows to C:\projects\Hermes Skills\data\primehub_trm_autoresearch\cycle_03\stage\qwen35_9b_antislop_q0003.trm.jsonl
{"exact_positive": 1, "near_miss": 0, "weak_positive": 0, "negative": 0}
Wrote 1 TRM rows to C:\projects\Hermes Skills\data\primehub_trm_autoresearch\cycle_03\stage\qwen35_9b_arc_q0004.trm.jsonl
{"exact_positive": 1, "near_miss": 0, "weak_positive": 0, "negative": 0}
Wrote 1 TRM rows to C:\projects\Hermes Skills\data\primehub_trm_autoresearch\cycle_03\stage\qwen35_9b_ascii_tree_q0005.trm.jsonl
{"exact_positive": 0, "near_miss": 0, "weak_positive": 1, "negative": 0}
Wrote 1 TRM rows to C:\projects\Hermes Skills\data\primehub_trm_autoresearch\cycle_03\stage\qwen35_9b_bixbench_q0006.trm.jsonl
{"exact_positive": 0, "near_miss": 0, "weak_positive": 0, "negative": 1}
Wrote 1 TRM rows to C:\projects\Hermes Skills\data\primehub_trm_autoresearch\cycle_03\stage\qwen35_9b_boolq_q0007.trm.jsonl
{"exact_positive": 1, "near_miss": 0, "weak_positive": 0, "negative": 0}
Wrote 1 TRM rows to C:\projects\Hermes Skills\data\primehub_trm_autoresearch\cycle_03\stage\qwen35_9b_clbench_q0036.trm.jsonl
{"exact_positive": 0, "near_miss": 0, "weak_positive": 0, "negative": 1}
Wrote 1 TRM rows to C:\projects\Hermes Skills\data\primehub_trm_autoresearch\cycle_03\stage\qwen35_9b_coconot_q0008.trm.jsonl
{"exact_positive": 0, "near_miss": 0, "weak_positive": 0, "negative": 1}
Wrote 1 TRM rows to C:\projects\Hermes Skills\data\primehub_trm_autoresearch\cycle_03\stage\qwen35_9b_colf_q0009.trm.jsonl
{"exact_positive": 0, "near_miss": 0, "weak_positive": 0, "negative": 1}
Wrote 1 TRM rows to C:\projects\Hermes Skills\data\primehub_trm_autoresearch\cycle_03\stage\qwen35_9b_deep_consult_q0010.trm.jsonl
{"exact_positive": 0, "near_miss": 0, "weak_positive": 0, "negative": 1}
Wrote 1 TRM rows to C:\projects\Hermes Skills\data\primehub_trm_autoresearch\cycle_03\stage\qwen35_9b_gauss_q0011.trm.jsonl
{"exact_positive": 0, "near_miss": 0, "weak_positive": 0, "negative": 1}
Wrote 1 TRM rows to C:\projects\Hermes Skills\data\primehub_trm_autoresearch\cycle_03\stage\qwen35_9b_hellaswag_q0012.trm.jsonl
{"exact_positive": 1, "near_miss": 0, "weak_positive": 0, "negative": 0}
Wrote 1 TRM rows to C:\projects\Hermes Skills\data\primehub_trm_autoresearch\cycle_03\stage\qwen35_9b_if_summarize_judge_q0037.trm.jsonl
{"exact_positive": 0, "near_miss": 0, "weak_positive": 0, "negative": 1}
Wrote 1 TRM rows to C:\projects\Hermes Skills\data\primehub_trm_autoresearch\cycle_03\stage\qwen35_9b_jailbreak_bench_q0013.trm.jsonl
{"exact_positive": 0, "near_miss": 0, "weak_positive": 0, "negative": 1}
Wrote 1 TRM rows to C:\projects\Hermes Skills\data\primehub_trm_autoresearch\cycle_03\stage\qwen35_9b_lisanbench_q0014.trm.jsonl
{"exact_positive": 1, "near_miss": 0, "weak_positive": 0, "negative": 0}
Wrote 1 TRM rows to C:\projects\Hermes Skills\data\primehub_trm_autoresearch\cycle_03\stage\qwen35_9b_llm_writing_detection_q0015.trm.jsonl
{"exact_positive": 0, "near_miss": 0, "weak_positive": 0, "negative": 1}
Wrote 1 TRM rows to C:\projects\Hermes Skills\data\primehub_trm_autoresearch\cycle_03\stage\qwen35_9b_logic_env_q0038.trm.jsonl
{"exact_positive": 0, "near_miss": 0, "weak_positive": 0, "negative": 1}
Wrote 1 TRM rows to C:\projects\Hermes Skills\data\primehub_trm_autoresearch\cycle_03\stage\qwen35_9b_longbench_v2_q0016.trm.jsonl
{"exact_positive": 0, "near_miss": 0, "weak_positive": 0, "negative": 1}
Wrote 1 TRM rows to C:\projects\Hermes Skills\data\primehub_trm_autoresearch\cycle_03\stage\qwen35_9b_math500_q0039.trm.jsonl
{"exact_positive": 0, "near_miss": 0, "weak_positive": 0, "negative": 1}
Wrote 1 TRM rows to C:\projects\Hermes Skills\data\primehub_trm_autoresearch\cycle_03\stage\qwen35_9b_math_env_q0040.trm.jsonl
{"exact_positive": 1, "near_miss": 0, "weak_positive": 0, "negative": 0}
Wrote 1 TRM rows to C:\projects\Hermes Skills\data\primehub_trm_autoresearch\cycle_03\stage\qwen35_9b_medsafetybench_q0017.trm.jsonl
{"exact_positive": 0, "near_miss": 0, "weak_positive": 0, "negative": 1}
Wrote 1 TRM rows to C:\projects\Hermes Skills\data\primehub_trm_autoresearch\cycle_03\stage\qwen35_9b_misguided_attn_q0018.trm.jsonl
{"exact_positive": 0, "near_miss": 0, "weak_positive": 0, "negative": 1}
Wrote 1 TRM rows to C:\projects\Hermes Skills\data\primehub_trm_autoresearch\cycle_03\stage\qwen35_9b_mmlu_pro_q0041.trm.jsonl
{"exact_positive": 0, "near_miss": 0, "weak_positive": 0, "negative": 1}
Wrote 1 TRM rows to C:\projects\Hermes Skills\data\primehub_trm_autoresearch\cycle_03\stage\qwen35_9b_mmlu_q0019.trm.jsonl
{"exact_positive": 0, "near_miss": 0, "weak_positive": 0, "negative": 1}
Wrote 1 TRM rows to C:\projects\Hermes Skills\data\primehub_trm_autoresearch\cycle_03\stage\qwen35_9b_psycho_bench_q0020.trm.jsonl
{"exact_positive": 1, "near_miss": 0, "weak_positive": 0, "negative": 0}
Wrote 1 TRM rows to C:\projects\Hermes Skills\data\primehub_trm_autoresearch\cycle_03\stage\qwen35_9b_pydantic_adherence_q0021.trm.jsonl
{"exact_positive": 0, "near_miss": 0, "weak_positive": 0, "negative": 1}
Wrote 1 TRM rows to C:\projects\Hermes Skills\data\primehub_trm_autoresearch\cycle_03\stage\qwen35_9b_reward_bench_q0022.trm.jsonl
{"exact_positive": 0, "near_miss": 0, "weak_positive": 1, "negative": 0}
Wrote 1 TRM rows to C:\projects\Hermes Skills\data\primehub_trm_autoresearch\cycle_03\stage\qwen35_9b_rust_cargo_q0023.trm.jsonl
{"exact_positive": 0, "near_miss": 0, "weak_positive": 0, "negative": 1}
Wrote 1 TRM rows to C:\projects\Hermes Skills\data\primehub_trm_autoresearch\cycle_03\stage\qwen35_9b_simple_bench_q0024.trm.jsonl
{"exact_positive": 1, "near_miss": 0, "weak_positive": 0, "negative": 0}
Wrote 1 TRM rows to C:\projects\Hermes Skills\data\primehub_trm_autoresearch\cycle_03\stage\qwen35_9b_simpleqa_verified_2_q0025.trm.jsonl
{"exact_positive": 0, "near_miss": 0, "weak_positive": 0, "negative": 1}
Wrote 1 TRM rows to C:\projects\Hermes Skills\data\primehub_trm_autoresearch\cycle_03\stage\qwen35_9b_truthfulqa_q0026.trm.jsonl
{"exact_positive": 1, "near_miss": 0, "weak_positive": 0, "negative": 0}
Wrote 1 TRM rows to C:\projects\Hermes Skills\data\primehub_trm_autoresearch\cycle_03\stage\qwen35_9b_uq_project_q0028.trm.jsonl
{"exact_positive": 0, "near_miss": 0, "weak_positive": 0, "negative": 1}
Wrote 1 TRM rows to C:\projects\Hermes Skills\data\primehub_trm_autoresearch\cycle_03\stage\qwen35_9b_uq_q0027.trm.jsonl
{"exact_positive": 0, "near_miss": 0, "weak_positive": 0, "negative": 1}
Wrote 1 TRM rows to C:\projects\Hermes Skills\data\primehub_trm_autoresearch\cycle_03\stage\qwen35_9b_vpct_1_q0029.trm.jsonl
{"exact_positive": 0, "near_miss": 0, "weak_positive": 0, "negative": 1}
Wrote 1 TRM rows to C:\projects\Hermes Skills\data\primehub_trm_autoresearch\cycle_03\stage\qwen35_9b_winogrande_q0030.trm.jsonl
{"exact_positive": 1, "near_miss": 0, "weak_positive": 0, "negative": 0}
Wrote 1 TRM rows to C:\projects\Hermes Skills\data\primehub_trm_autoresearch\cycle_03\stage\qwen35_9b_wmdp_q0031.trm.jsonl
{"exact_positive": 0, "near_miss": 0, "weak_positive": 0, "negative": 1}
Wrote 1 TRM rows to C:\projects\Hermes Skills\data\primehub_trm_autoresearch\cycle_03\stage\qwen35_9b_writing_bench_q0032.trm.jsonl
{"exact_positive": 0, "near_miss": 0, "weak_positive": 0, "negative": 1}
Wrote 146 merged TRM rows to C:\projects\Hermes Skills\data\primehub_trm_autoresearch\cycle_03\primehub_trm_merged.jsonl
{"negative": 121, "exact_positive": 21, "weak_positive": 4}
Wrote critic model with 146 examples to C:\projects\Hermes Skills\data\primehub_trm_autoresearch\cycle_03\models\trm_critic.json
{'negative': 121, 'exact_positive': 21, 'weak_positive': 4}
Wrote benchmark summary to C:\projects\Hermes Skills\data\primehub_trm_autoresearch\cycle_03\bench\trm_critic_bench.summary.json
{"eval_rows": 25, "bucket_accuracy": 0.72, "per_family": {"primehub": {"rows": 25, "bucket_accuracy": 0.72, "avg_bucket_abs_error": 0.84, "visible_output_accuracy": 0.48, "avg_grid_cell_accuracy_abs_error": null}}}
Wrote retriever model with 21 examples to C:\projects\Hermes Skills\data\primehub_trm_autoresearch\cycle_03\models\trm_retriever.json
{"exact_positive": 21}
Wrote benchmark summary to C:\projects\Hermes Skills\data\primehub_trm_autoresearch\cycle_03\bench\trm_retriever_bench.summary.json
{"eval_rows": 25, "exact_match_rate": 0.08, "per_family": {"primehub": {"rows": 25, "exact_match_rate": 0.08, "nonempty_prediction_rate": 1.0, "avg_similarity": 0.3552, "avg_grid_cell_accuracy": null}}}
Wrote router benchmark summary to C:\projects\Hermes Skills\data\primehub_trm_autoresearch\cycle_03\bench\trm_router_bench.summary.json
{"eval_rows": 25, "retrieval_only": {"exact_match_rate": 0.08, "nonempty_prediction_rate": 1.0, "avg_grid_cell_accuracy": null}, "critic_gated": {"exact_match_rate": 0.0, "nonempty_prediction_rate": 0.08, "route_abstain_rate": 0.92, "avg_grid_cell_accuracy": null}}
{
  "manifest": "C:\\projects\\Hermes Skills\\data\\primehub_trm_autoresearch\\cycle_03\\primehub_trm_rollup.manifest.json",
  "merged_rows": 146,
  "bucket_counts": {
    "negative": 121,
    "exact_positive": 21,
    "weak_positive": 4
  }
}
{
  "output_json": "C:\\projects\\Hermes Skills\\data\\primehub_trm_autoresearch\\cycle_03\\imprint\\primehub_skill_imprint.json",
  "output_md": "C:\\projects\\Hermes Skills\\data\\primehub_trm_autoresearch\\cycle_03\\imprint\\primehub_skill_imprint.md",
  "rows": 146
}
Wrote 1 TRM rows to C:\projects\Hermes Skills\data\primehub_trm_autoresearch\cycle_04\stage\qwen35_27b_aime2024_q0016.trm.jsonl
{"exact_positive": 0, "near_miss": 0, "weak_positive": 0, "negative": 1}
Wrote 1 TRM rows to C:\projects\Hermes Skills\data\primehub_trm_autoresearch\cycle_04\stage\qwen35_27b_aime2025_q0017.trm.jsonl
{"exact_positive": 0, "near_miss": 0, "weak_positive": 0, "negative": 1}
Wrote 1 TRM rows to C:\projects\Hermes Skills\data\primehub_trm_autoresearch\cycle_04\stage\qwen35_27b_aime2026_q0018.trm.jsonl
{"exact_positive": 0, "near_miss": 0, "weak_positive": 0, "negative": 1}
Wrote 1 TRM rows to C:\projects\Hermes Skills\data\primehub_trm_autoresearch\cycle_04\stage\qwen35_27b_clbench_q0019.trm.jsonl
{"exact_positive": 0, "near_miss": 0, "weak_positive": 0, "negative": 1}
Wrote 1 TRM rows to C:\projects\Hermes Skills\data\primehub_trm_autoresearch\cycle_04\stage\qwen35_27b_if_summarize_judge_q0020.trm.jsonl
{"exact_positive": 0, "near_miss": 0, "weak_positive": 0, "negative": 1}
Wrote 1 TRM rows to C:\projects\Hermes Skills\data\primehub_trm_autoresearch\cycle_04\stage\qwen35_27b_lisanbench_q0013.trm.jsonl
{"exact_positive": 0, "near_miss": 0, "weak_positive": 0, "negative": 1}
Wrote 1 TRM rows to C:\projects\Hermes Skills\data\primehub_trm_autoresearch\cycle_04\stage\qwen35_27b_logic_env_q0021.trm.jsonl
{"exact_positive": 0, "near_miss": 0, "weak_positive": 0, "negative": 1}
Wrote 1 TRM rows to C:\projects\Hermes Skills\data\primehub_trm_autoresearch\cycle_04\stage\qwen35_27b_math500_q0022.trm.jsonl
{"exact_positive": 0, "near_miss": 0, "weak_positive": 0, "negative": 1}
Wrote 1 TRM rows to C:\projects\Hermes Skills\data\primehub_trm_autoresearch\cycle_04\stage\qwen35_27b_math_env_q0023.trm.jsonl
{"exact_positive": 0, "near_miss": 0, "weak_positive": 0, "negative": 1}
Wrote 1 TRM rows to C:\projects\Hermes Skills\data\primehub_trm_autoresearch\cycle_04\stage\qwen35_27b_misguided_attn_q0014.trm.jsonl
{"exact_positive": 0, "near_miss": 0, "weak_positive": 0, "negative": 1}
Wrote 1 TRM rows to C:\projects\Hermes Skills\data\primehub_trm_autoresearch\cycle_04\stage\qwen35_27b_mmlu_pro_q0024.trm.jsonl
{"exact_positive": 0, "near_miss": 0, "weak_positive": 0, "negative": 1}
Wrote 1 TRM rows to C:\projects\Hermes Skills\data\primehub_trm_autoresearch\cycle_04\stage\qwen35_27b_psycho_bench_q0015.trm.jsonl
{"exact_positive": 0, "near_miss": 0, "weak_positive": 0, "negative": 1}
Wrote 1 TRM rows to C:\projects\Hermes Skills\data\primehub_trm_autoresearch\cycle_04\stage\qwen35_9b_aime2024_q0004.trm.jsonl
{"exact_positive": 0, "near_miss": 0, "weak_positive": 0, "negative": 1}
Wrote 1 TRM rows to C:\projects\Hermes Skills\data\primehub_trm_autoresearch\cycle_04\stage\qwen35_9b_aime2025_q0005.trm.jsonl
{"exact_positive": 0, "near_miss": 0, "weak_positive": 0, "negative": 1}
Wrote 1 TRM rows to C:\projects\Hermes Skills\data\primehub_trm_autoresearch\cycle_04\stage\qwen35_9b_aime2026_q0006.trm.jsonl
{"exact_positive": 0, "near_miss": 0, "weak_positive": 0, "negative": 1}
Wrote 1 TRM rows to C:\projects\Hermes Skills\data\primehub_trm_autoresearch\cycle_04\stage\qwen35_9b_clbench_q0007.trm.jsonl
{"exact_positive": 0, "near_miss": 0, "weak_positive": 0, "negative": 1}
Wrote 1 TRM rows to C:\projects\Hermes Skills\data\primehub_trm_autoresearch\cycle_04\stage\qwen35_9b_if_summarize_judge_q0008.trm.jsonl
{"exact_positive": 0, "near_miss": 0, "weak_positive": 0, "negative": 1}
Wrote 1 TRM rows to C:\projects\Hermes Skills\data\primehub_trm_autoresearch\cycle_04\stage\qwen35_9b_lisanbench_q0001.trm.jsonl
{"exact_positive": 1, "near_miss": 0, "weak_positive": 0, "negative": 0}
Wrote 1 TRM rows to C:\projects\Hermes Skills\data\primehub_trm_autoresearch\cycle_04\stage\qwen35_9b_logic_env_q0009.trm.jsonl
{"exact_positive": 0, "near_miss": 0, "weak_positive": 0, "negative": 1}
Wrote 1 TRM rows to C:\projects\Hermes Skills\data\primehub_trm_autoresearch\cycle_04\stage\qwen35_9b_math500_q0010.trm.jsonl
{"exact_positive": 0, "near_miss": 0, "weak_positive": 0, "negative": 1}
Wrote 1 TRM rows to C:\projects\Hermes Skills\data\primehub_trm_autoresearch\cycle_04\stage\qwen35_9b_math_env_q0011.trm.jsonl
{"exact_positive": 1, "near_miss": 0, "weak_positive": 0, "negative": 0}
Wrote 1 TRM rows to C:\projects\Hermes Skills\data\primehub_trm_autoresearch\cycle_04\stage\qwen35_9b_misguided_attn_q0002.trm.jsonl
{"exact_positive": 0, "near_miss": 0, "weak_positive": 0, "negative": 1}
Wrote 1 TRM rows to C:\projects\Hermes Skills\data\primehub_trm_autoresearch\cycle_04\stage\qwen35_9b_mmlu_pro_q0012.trm.jsonl
{"exact_positive": 0, "near_miss": 0, "weak_positive": 0, "negative": 1}
Wrote 1 TRM rows to C:\projects\Hermes Skills\data\primehub_trm_autoresearch\cycle_04\stage\qwen35_9b_psycho_bench_q0003.trm.jsonl
{"exact_positive": 1, "near_miss": 0, "weak_positive": 0, "negative": 0}
Wrote 1 TRM rows to C:\projects\Hermes Skills\data\primehub_trm_autoresearch\cycle_04\stage\qwen35_27b_math_env_q0001.trm.jsonl
{"exact_positive": 0, "near_miss": 0, "weak_positive": 0, "negative": 1}
Wrote 1 TRM rows to C:\projects\Hermes Skills\data\primehub_trm_autoresearch\cycle_04\stage\qwen35_27b_mmlu_pro_q0002.trm.jsonl
{"exact_positive": 0, "near_miss": 0, "weak_positive": 0, "negative": 1}
Wrote 1 TRM rows to C:\projects\Hermes Skills\data\primehub_trm_autoresearch\cycle_04\stage\qwen35_27b_agency_bench_q0029.trm.jsonl
{"exact_positive": 0, "near_miss": 0, "weak_positive": 0, "negative": 1}
Wrote 1 TRM rows to C:\projects\Hermes Skills\data\primehub_trm_autoresearch\cycle_04\stage\qwen35_27b_aime2024_q0009.trm.jsonl
{"exact_positive": 0, "near_miss": 0, "weak_positive": 0, "negative": 1}
Wrote 1 TRM rows to C:\projects\Hermes Skills\data\primehub_trm_autoresearch\cycle_04\stage\qwen35_27b_aime2025_q0010.trm.jsonl
{"exact_positive": 0, "near_miss": 0, "weak_positive": 0, "negative": 1}
Wrote 1 TRM rows to C:\projects\Hermes Skills\data\primehub_trm_autoresearch\cycle_04\stage\qwen35_27b_aime2026_q0011.trm.jsonl
{"exact_positive": 0, "near_miss": 0, "weak_positive": 0, "negative": 1}
Wrote 1 TRM rows to C:\projects\Hermes Skills\data\primehub_trm_autoresearch\cycle_04\stage\qwen35_27b_allenai_ifeval_q0030.trm.jsonl
{"exact_positive": 0, "near_miss": 0, "weak_positive": 0, "negative": 1}
Wrote 1 TRM rows to C:\projects\Hermes Skills\data\primehub_trm_autoresearch\cycle_04\stage\qwen35_27b_antislop_q0031.trm.jsonl
{"exact_positive": 1, "near_miss": 0, "weak_positive": 0, "negative": 0}
Wrote 1 TRM rows to C:\projects\Hermes Skills\data\primehub_trm_autoresearch\cycle_04\stage\qwen35_27b_arc_q0032.trm.jsonl
{"exact_positive": 0, "near_miss": 0, "weak_positive": 0, "negative": 1}
Wrote 1 TRM rows to C:\projects\Hermes Skills\data\primehub_trm_autoresearch\cycle_04\stage\qwen35_27b_ascii_tree_q0033.trm.jsonl
{"exact_positive": 0, "near_miss": 0, "weak_positive": 0, "negative": 1}
Wrote 1 TRM rows to C:\projects\Hermes Skills\data\primehub_trm_autoresearch\cycle_04\stage\qwen35_27b_bixbench_q0034.trm.jsonl
{"exact_positive": 0, "near_miss": 0, "weak_positive": 0, "negative": 1}
Wrote 1 TRM rows to C:\projects\Hermes Skills\data\primehub_trm_autoresearch\cycle_04\stage\qwen35_27b_boolq_q0035.trm.jsonl
{"exact_positive": 0, "near_miss": 0, "weak_positive": 0, "negative": 1}
Wrote 1 TRM rows to C:\projects\Hermes Skills\data\primehub_trm_autoresearch\cycle_04\stage\qwen35_27b_clbench_q0012.trm.jsonl
{"exact_positive": 0, "near_miss": 0, "weak_positive": 0, "negative": 1}
Wrote 1 TRM rows to C:\projects\Hermes Skills\data\primehub_trm_autoresearch\cycle_04\stage\qwen35_27b_coconot_q0036.trm.jsonl
{"exact_positive": 0, "near_miss": 0, "weak_positive": 0, "negative": 1}
Wrote 1 TRM rows to C:\projects\Hermes Skills\data\primehub_trm_autoresearch\cycle_04\stage\qwen35_27b_colf_q0037.trm.jsonl
{"exact_positive": 0, "near_miss": 0, "weak_positive": 0, "negative": 1}
Wrote 1 TRM rows to C:\projects\Hermes Skills\data\primehub_trm_autoresearch\cycle_04\stage\qwen35_27b_deep_consult_q0038.trm.jsonl
{"exact_positive": 0, "near_miss": 0, "weak_positive": 0, "negative": 1}
Wrote 1 TRM rows to C:\projects\Hermes Skills\data\primehub_trm_autoresearch\cycle_04\stage\qwen35_27b_gauss_q0039.trm.jsonl
{"exact_positive": 0, "near_miss": 0, "weak_positive": 0, "negative": 1}
Wrote 1 TRM rows to C:\projects\Hermes Skills\data\primehub_trm_autoresearch\cycle_04\stage\qwen35_27b_hellaswag_q0040.trm.jsonl
{"exact_positive": 0, "near_miss": 0, "weak_positive": 0, "negative": 1}
Wrote 1 TRM rows to C:\projects\Hermes Skills\data\primehub_trm_autoresearch\cycle_04\stage\qwen35_27b_if_summarize_judge_q0013.trm.jsonl
{"exact_positive": 0, "near_miss": 0, "weak_positive": 0, "negative": 1}
Wrote 1 TRM rows to C:\projects\Hermes Skills\data\primehub_trm_autoresearch\cycle_04\stage\qwen35_27b_jailbreak_bench_q0041.trm.jsonl
{"exact_positive": 0, "near_miss": 0, "weak_positive": 0, "negative": 1}
Wrote 1 TRM rows to C:\projects\Hermes Skills\data\primehub_trm_autoresearch\cycle_04\stage\qwen35_27b_lisanbench_q0042.trm.jsonl
{"exact_positive": 0, "near_miss": 0, "weak_positive": 0, "negative": 1}
Wrote 1 TRM rows to C:\projects\Hermes Skills\data\primehub_trm_autoresearch\cycle_04\stage\qwen35_27b_llm_writing_detection_q0043.trm.jsonl
{"exact_positive": 0, "near_miss": 0, "weak_positive": 0, "negative": 1}
Wrote 1 TRM rows to C:\projects\Hermes Skills\data\primehub_trm_autoresearch\cycle_04\stage\qwen35_27b_logic_env_q0014.trm.jsonl
{"exact_positive": 0, "near_miss": 0, "weak_positive": 0, "negative": 1}
Wrote 1 TRM rows to C:\projects\Hermes Skills\data\primehub_trm_autoresearch\cycle_04\stage\qwen35_27b_longbench_v2_q0044.trm.jsonl
{"exact_positive": 0, "near_miss": 0, "weak_positive": 0, "negative": 1}
Wrote 1 TRM rows to C:\projects\Hermes Skills\data\primehub_trm_autoresearch\cycle_04\stage\qwen35_27b_math500_q0015.trm.jsonl
{"exact_positive": 0, "near_miss": 0, "weak_positive": 0, "negative": 1}
Wrote 1 TRM rows to C:\projects\Hermes Skills\data\primehub_trm_autoresearch\cycle_04\stage\qwen35_27b_math_env_q0016.trm.jsonl
{"exact_positive": 0, "near_miss": 0, "weak_positive": 0, "negative": 1}
Wrote 1 TRM rows to C:\projects\Hermes Skills\data\primehub_trm_autoresearch\cycle_04\stage\qwen35_27b_medsafetybench_q0045.trm.jsonl
{"exact_positive": 0, "near_miss": 0, "weak_positive": 0, "negative": 1}
Wrote 1 TRM rows to C:\projects\Hermes Skills\data\primehub_trm_autoresearch\cycle_04\stage\qwen35_27b_misguided_attn_q0046.trm.jsonl
{"exact_positive": 0, "near_miss": 0, "weak_positive": 0, "negative": 1}
Wrote 1 TRM rows to C:\projects\Hermes Skills\data\primehub_trm_autoresearch\cycle_04\stage\qwen35_27b_mmlu_pro_q0017.trm.jsonl
{"exact_positive": 0, "near_miss": 0, "weak_positive": 0, "negative": 1}
Wrote 1 TRM rows to C:\projects\Hermes Skills\data\primehub_trm_autoresearch\cycle_04\stage\qwen35_27b_mmlu_q0047.trm.jsonl
{"exact_positive": 0, "near_miss": 0, "weak_positive": 0, "negative": 1}
Wrote 1 TRM rows to C:\projects\Hermes Skills\data\primehub_trm_autoresearch\cycle_04\stage\qwen35_27b_passthrough_q0018.trm.jsonl
{"exact_positive": 0, "near_miss": 0, "weak_positive": 0, "negative": 1}
Wrote 1 TRM rows to C:\projects\Hermes Skills\data\primehub_trm_autoresearch\cycle_04\stage\qwen35_27b_psycho_bench_q0048.trm.jsonl
{"exact_positive": 0, "near_miss": 0, "weak_positive": 0, "negative": 1}
Wrote 1 TRM rows to C:\projects\Hermes Skills\data\primehub_trm_autoresearch\cycle_04\stage\qwen35_27b_pydantic_adherence_q0049.trm.jsonl
{"exact_positive": 0, "near_miss": 0, "weak_positive": 0, "negative": 1}
Wrote 1 TRM rows to C:\projects\Hermes Skills\data\primehub_trm_autoresearch\cycle_04\stage\qwen35_27b_reward_bench_q0050.trm.jsonl
{"exact_positive": 0, "near_miss": 0, "weak_positive": 1, "negative": 0}
Wrote 1 TRM rows to C:\projects\Hermes Skills\data\primehub_trm_autoresearch\cycle_04\stage\qwen35_27b_rust_cargo_q0051.trm.jsonl
{"exact_positive": 0, "near_miss": 0, "weak_positive": 0, "negative": 1}
Wrote 1 TRM rows to C:\projects\Hermes Skills\data\primehub_trm_autoresearch\cycle_04\stage\qwen35_27b_science_env_q0019.trm.jsonl
{"exact_positive": 0, "near_miss": 0, "weak_positive": 0, "negative": 1}
Wrote 1 TRM rows to C:\projects\Hermes Skills\data\primehub_trm_autoresearch\cycle_04\stage\qwen35_27b_simple_bench_q0052.trm.jsonl
{"exact_positive": 0, "near_miss": 0, "weak_positive": 0, "negative": 1}
Wrote 1 TRM rows to C:\projects\Hermes Skills\data\primehub_trm_autoresearch\cycle_04\stage\qwen35_27b_simpleqa_q0020.trm.jsonl
{"exact_positive": 0, "near_miss": 0, "weak_positive": 0, "negative": 1}
Wrote 1 TRM rows to C:\projects\Hermes Skills\data\primehub_trm_autoresearch\cycle_04\stage\qwen35_27b_simpleqa_verified_2_q0053.trm.jsonl
{"exact_positive": 0, "near_miss": 0, "weak_positive": 0, "negative": 1}
Wrote 1 TRM rows to C:\projects\Hermes Skills\data\primehub_trm_autoresearch\cycle_04\stage\qwen35_27b_simpleqa_verified_q0021.trm.jsonl
{"exact_positive": 0, "near_miss": 0, "weak_positive": 0, "negative": 1}
Wrote 1 TRM rows to C:\projects\Hermes Skills\data\primehub_trm_autoresearch\cycle_04\stage\qwen35_27b_truthfulqa_q0002.trm.jsonl
{"exact_positive": 0, "near_miss": 0, "weak_positive": 0, "negative": 1}
Wrote 1 TRM rows to C:\projects\Hermes Skills\data\primehub_trm_autoresearch\cycle_04\stage\qwen35_27b_truthfulqa_q0054.trm.jsonl
{"exact_positive": 0, "near_miss": 0, "weak_positive": 0, "negative": 1}
Wrote 1 TRM rows to C:\projects\Hermes Skills\data\primehub_trm_autoresearch\cycle_04\stage\qwen35_27b_unscramble_q0022.trm.jsonl
{"exact_positive": 0, "near_miss": 0, "weak_positive": 0, "negative": 1}
Wrote 1 TRM rows to C:\projects\Hermes Skills\data\primehub_trm_autoresearch\cycle_04\stage\qwen35_27b_uq_project_q0004.trm.jsonl
{"exact_positive": 0, "near_miss": 0, "weak_positive": 0, "negative": 1}
Wrote 1 TRM rows to C:\projects\Hermes Skills\data\primehub_trm_autoresearch\cycle_04\stage\qwen35_27b_uq_q0003.trm.jsonl
{"exact_positive": 0, "near_miss": 0, "weak_positive": 0, "negative": 1}
Wrote 1 TRM rows to C:\projects\Hermes Skills\data\primehub_trm_autoresearch\cycle_04\stage\qwen35_27b_verbatim_copy_q0023.trm.jsonl
{"exact_positive": 0, "near_miss": 0, "weak_positive": 0, "negative": 1}
Wrote 1 TRM rows to C:\projects\Hermes Skills\data\primehub_trm_autoresearch\cycle_04\stage\qwen35_27b_vpct_1_q0005.trm.jsonl
{"exact_positive": 0, "near_miss": 0, "weak_positive": 0, "negative": 1}
Wrote 1 TRM rows to C:\projects\Hermes Skills\data\primehub_trm_autoresearch\cycle_04\stage\qwen35_27b_winogrande_q0006.trm.jsonl
{"exact_positive": 1, "near_miss": 0, "weak_positive": 0, "negative": 0}
Wrote 1 TRM rows to C:\projects\Hermes Skills\data\primehub_trm_autoresearch\cycle_04\stage\qwen35_27b_wmdp_q0007.trm.jsonl
{"exact_positive": 0, "near_miss": 0, "weak_positive": 0, "negative": 1}
Wrote 1 TRM rows to C:\projects\Hermes Skills\data\primehub_trm_autoresearch\cycle_04\stage\qwen35_27b_writing_bench_q0008.trm.jsonl
{"exact_positive": 0, "near_miss": 0, "weak_positive": 0, "negative": 1}
Wrote 1 TRM rows to C:\projects\Hermes Skills\data\primehub_trm_autoresearch\cycle_04\stage\qwen35_9b_agency_bench_q0001.trm.jsonl
{"exact_positive": 0, "near_miss": 0, "weak_positive": 0, "negative": 1}
Wrote 1 TRM rows to C:\projects\Hermes Skills\data\primehub_trm_autoresearch\cycle_04\stage\qwen35_9b_aime2024_q0014.trm.jsonl
{"exact_positive": 0, "near_miss": 0, "weak_positive": 0, "negative": 1}
Wrote 1 TRM rows to C:\projects\Hermes Skills\data\primehub_trm_autoresearch\cycle_04\stage\qwen35_9b_aime2025_q0015.trm.jsonl
{"exact_positive": 0, "near_miss": 0, "weak_positive": 0, "negative": 1}
Wrote 1 TRM rows to C:\projects\Hermes Skills\data\primehub_trm_autoresearch\cycle_04\stage\qwen35_9b_aime2026_q0016.trm.jsonl
{"exact_positive": 0, "near_miss": 0, "weak_positive": 0, "negative": 1}
Wrote 1 TRM rows to C:\projects\Hermes Skills\data\primehub_trm_autoresearch\cycle_04\stage\qwen35_9b_allenai_ifeval_q0002.trm.jsonl
{"exact_positive": 0, "near_miss": 0, "weak_positive": 0, "negative": 1}
Wrote 1 TRM rows to C:\projects\Hermes Skills\data\primehub_trm_autoresearch\cycle_04\stage\qwen35_9b_antislop_q0003.trm.jsonl
{"exact_positive": 1, "near_miss": 0, "weak_positive": 0, "negative": 0}
Wrote 1 TRM rows to C:\projects\Hermes Skills\data\primehub_trm_autoresearch\cycle_04\stage\qwen35_9b_arc_q0004.trm.jsonl
{"exact_positive": 1, "near_miss": 0, "weak_positive": 0, "negative": 0}
Wrote 1 TRM rows to C:\projects\Hermes Skills\data\primehub_trm_autoresearch\cycle_04\stage\qwen35_9b_ascii_tree_q0005.trm.jsonl
{"exact_positive": 0, "near_miss": 0, "weak_positive": 1, "negative": 0}
Wrote 1 TRM rows to C:\projects\Hermes Skills\data\primehub_trm_autoresearch\cycle_04\stage\qwen35_9b_bixbench_q0006.trm.jsonl
{"exact_positive": 0, "near_miss": 0, "weak_positive": 0, "negative": 1}
Wrote 1 TRM rows to C:\projects\Hermes Skills\data\primehub_trm_autoresearch\cycle_04\stage\qwen35_9b_boolq_q0007.trm.jsonl
{"exact_positive": 1, "near_miss": 0, "weak_positive": 0, "negative": 0}
Wrote 1 TRM rows to C:\projects\Hermes Skills\data\primehub_trm_autoresearch\cycle_04\stage\qwen35_9b_clbench_q0017.trm.jsonl
{"exact_positive": 0, "near_miss": 0, "weak_positive": 0, "negative": 1}
Wrote 1 TRM rows to C:\projects\Hermes Skills\data\primehub_trm_autoresearch\cycle_04\stage\qwen35_9b_coconot_q0008.trm.jsonl
{"exact_positive": 0, "near_miss": 0, "weak_positive": 0, "negative": 1}
Wrote 1 TRM rows to C:\projects\Hermes Skills\data\primehub_trm_autoresearch\cycle_04\stage\qwen35_9b_colf_q0009.trm.jsonl
{"exact_positive": 0, "near_miss": 0, "weak_positive": 0, "negative": 1}
Wrote 1 TRM rows to C:\projects\Hermes Skills\data\primehub_trm_autoresearch\cycle_04\stage\qwen35_9b_deep_consult_q0010.trm.jsonl
{"exact_positive": 0, "near_miss": 0, "weak_positive": 0, "negative": 1}
Wrote 1 TRM rows to C:\projects\Hermes Skills\data\primehub_trm_autoresearch\cycle_04\stage\qwen35_9b_gauss_q0011.trm.jsonl
{"exact_positive": 0, "near_miss": 0, "weak_positive": 0, "negative": 1}
Wrote 1 TRM rows to C:\projects\Hermes Skills\data\primehub_trm_autoresearch\cycle_04\stage\qwen35_9b_hellaswag_q0012.trm.jsonl
{"exact_positive": 1, "near_miss": 0, "weak_positive": 0, "negative": 0}
Wrote 1 TRM rows to C:\projects\Hermes Skills\data\primehub_trm_autoresearch\cycle_04\stage\qwen35_9b_if_summarize_judge_q0018.trm.jsonl
{"exact_positive": 0, "near_miss": 0, "weak_positive": 0, "negative": 1}
Wrote 1 TRM rows to C:\projects\Hermes Skills\data\primehub_trm_autoresearch\cycle_04\stage\qwen35_9b_jailbreak_bench_q0013.trm.jsonl
{"exact_positive": 0, "near_miss": 0, "weak_positive": 0, "negative": 1}
Wrote 1 TRM rows to C:\projects\Hermes Skills\data\primehub_trm_autoresearch\cycle_04\stage\qwen35_9b_lisanbench_q0014.trm.jsonl
{"exact_positive": 1, "near_miss": 0, "weak_positive": 0, "negative": 0}
Wrote 1 TRM rows to C:\projects\Hermes Skills\data\primehub_trm_autoresearch\cycle_04\stage\qwen35_9b_llm_writing_detection_q0015.trm.jsonl
{"exact_positive": 0, "near_miss": 0, "weak_positive": 0, "negative": 1}
Wrote 1 TRM rows to C:\projects\Hermes Skills\data\primehub_trm_autoresearch\cycle_04\stage\qwen35_9b_logic_env_q0019.trm.jsonl
{"exact_positive": 0, "near_miss": 0, "weak_positive": 0, "negative": 1}
Wrote 1 TRM rows to C:\projects\Hermes Skills\data\primehub_trm_autoresearch\cycle_04\stage\qwen35_9b_longbench_v2_q0016.trm.jsonl
{"exact_positive": 0, "near_miss": 0, "weak_positive": 0, "negative": 1}
Wrote 1 TRM rows to C:\projects\Hermes Skills\data\primehub_trm_autoresearch\cycle_04\stage\qwen35_9b_math500_q0020.trm.jsonl
{"exact_positive": 0, "near_miss": 0, "weak_positive": 0, "negative": 1}
Wrote 1 TRM rows to C:\projects\Hermes Skills\data\primehub_trm_autoresearch\cycle_04\stage\qwen35_9b_math_env_q0021.trm.jsonl
{"exact_positive": 1, "near_miss": 0, "weak_positive": 0, "negative": 0}
Wrote 1 TRM rows to C:\projects\Hermes Skills\data\primehub_trm_autoresearch\cycle_04\stage\qwen35_9b_medsafetybench_q0017.trm.jsonl
{"exact_positive": 0, "near_miss": 0, "weak_positive": 0, "negative": 1}
Wrote 1 TRM rows to C:\projects\Hermes Skills\data\primehub_trm_autoresearch\cycle_04\stage\qwen35_9b_misguided_attn_q0018.trm.jsonl
{"exact_positive": 0, "near_miss": 0, "weak_positive": 0, "negative": 1}
Wrote 1 TRM rows to C:\projects\Hermes Skills\data\primehub_trm_autoresearch\cycle_04\stage\qwen35_9b_mmlu_pro_q0022.trm.jsonl
{"exact_positive": 0, "near_miss": 0, "weak_positive": 0, "negative": 1}
Wrote 1 TRM rows to C:\projects\Hermes Skills\data\primehub_trm_autoresearch\cycle_04\stage\qwen35_9b_mmlu_q0019.trm.jsonl
{"exact_positive": 0, "near_miss": 0, "weak_positive": 0, "negative": 1}
Wrote 1 TRM rows to C:\projects\Hermes Skills\data\primehub_trm_autoresearch\cycle_04\stage\qwen35_9b_passthrough_q0001.trm.jsonl
{"exact_positive": 0, "near_miss": 0, "weak_positive": 0, "negative": 1}
Wrote 1 TRM rows to C:\projects\Hermes Skills\data\primehub_trm_autoresearch\cycle_04\stage\qwen35_9b_passthrough_q0023.trm.jsonl
{"exact_positive": 0, "near_miss": 0, "weak_positive": 0, "negative": 1}
Wrote 2 TRM rows to C:\projects\Hermes Skills\data\primehub_trm_autoresearch\cycle_04\stage\qwen35_9b_psycho_bench_q0001.trm.jsonl
{"exact_positive": 2, "near_miss": 0, "weak_positive": 0, "negative": 0}
Wrote 0 TRM rows to C:\projects\Hermes Skills\data\primehub_trm_autoresearch\cycle_04\stage\qwen35_9b_psycho_bench_q0020.trm.jsonl
{"exact_positive": 0, "near_miss": 0, "weak_positive": 0, "negative": 0}
Wrote 2 TRM rows to C:\projects\Hermes Skills\data\primehub_trm_autoresearch\cycle_04\stage\qwen35_9b_pydantic_adherence_q0002.trm.jsonl
{"exact_positive": 0, "near_miss": 0, "weak_positive": 0, "negative": 2}
Wrote 1 TRM rows to C:\projects\Hermes Skills\data\primehub_trm_autoresearch\cycle_04\stage\qwen35_9b_reward_bench_q0003.trm.jsonl
{"exact_positive": 0, "near_miss": 0, "weak_positive": 1, "negative": 0}
Wrote 1 TRM rows to C:\projects\Hermes Skills\data\primehub_trm_autoresearch\cycle_04\stage\qwen35_9b_rust_cargo_q0004.trm.jsonl
{"exact_positive": 0, "near_miss": 0, "weak_positive": 0, "negative": 1}
Wrote 1 TRM rows to C:\projects\Hermes Skills\data\primehub_trm_autoresearch\cycle_04\stage\qwen35_9b_science_env_q0024.trm.jsonl
{"exact_positive": 0, "near_miss": 0, "weak_positive": 0, "negative": 1}
Wrote 1 TRM rows to C:\projects\Hermes Skills\data\primehub_trm_autoresearch\cycle_04\stage\qwen35_9b_simple_bench_q0005.trm.jsonl
{"exact_positive": 1, "near_miss": 0, "weak_positive": 0, "negative": 0}
Wrote 1 TRM rows to C:\projects\Hermes Skills\data\primehub_trm_autoresearch\cycle_04\stage\qwen35_9b_simpleqa_q0025.trm.jsonl
{"exact_positive": 0, "near_miss": 0, "weak_positive": 0, "negative": 1}
Wrote 1 TRM rows to C:\projects\Hermes Skills\data\primehub_trm_autoresearch\cycle_04\stage\qwen35_9b_simpleqa_verified_2_q0006.trm.jsonl
{"exact_positive": 0, "near_miss": 0, "weak_positive": 0, "negative": 1}
Wrote 1 TRM rows to C:\projects\Hermes Skills\data\primehub_trm_autoresearch\cycle_04\stage\qwen35_9b_simpleqa_verified_q0026.trm.jsonl
{"exact_positive": 0, "near_miss": 0, "weak_positive": 0, "negative": 1}
Wrote 1 TRM rows to C:\projects\Hermes Skills\data\primehub_trm_autoresearch\cycle_04\stage\qwen35_9b_truthfulqa_q0007.trm.jsonl
{"exact_positive": 1, "near_miss": 0, "weak_positive": 0, "negative": 0}
Wrote 1 TRM rows to C:\projects\Hermes Skills\data\primehub_trm_autoresearch\cycle_04\stage\qwen35_9b_unscramble_q0027.trm.jsonl
{"exact_positive": 0, "near_miss": 0, "weak_positive": 0, "negative": 1}
Wrote 1 TRM rows to C:\projects\Hermes Skills\data\primehub_trm_autoresearch\cycle_04\stage\qwen35_9b_uq_project_q0009.trm.jsonl
{"exact_positive": 0, "near_miss": 0, "weak_positive": 0, "negative": 1}
Wrote 1 TRM rows to C:\projects\Hermes Skills\data\primehub_trm_autoresearch\cycle_04\stage\qwen35_9b_uq_q0008.trm.jsonl
{"exact_positive": 0, "near_miss": 0, "weak_positive": 0, "negative": 1}
Wrote 1 TRM rows to C:\projects\Hermes Skills\data\primehub_trm_autoresearch\cycle_04\stage\qwen35_9b_verbatim_copy_q0028.trm.jsonl
{"exact_positive": 0, "near_miss": 0, "weak_positive": 0, "negative": 1}
Wrote 1 TRM rows to C:\projects\Hermes Skills\data\primehub_trm_autoresearch\cycle_04\stage\qwen35_9b_vpct_1_q0010.trm.jsonl
{"exact_positive": 0, "near_miss": 0, "weak_positive": 0, "negative": 1}
Wrote 1 TRM rows to C:\projects\Hermes Skills\data\primehub_trm_autoresearch\cycle_04\stage\qwen35_9b_winogrande_q0011.trm.jsonl
{"exact_positive": 1, "near_miss": 0, "weak_positive": 0, "negative": 0}
Wrote 1 TRM rows to C:\projects\Hermes Skills\data\primehub_trm_autoresearch\cycle_04\stage\qwen35_9b_wmdp_q0012.trm.jsonl
{"exact_positive": 0, "near_miss": 0, "weak_positive": 0, "negative": 1}
Wrote 1 TRM rows to C:\projects\Hermes Skills\data\primehub_trm_autoresearch\cycle_04\stage\qwen35_9b_writing_bench_q0013.trm.jsonl
{"exact_positive": 0, "near_miss": 0, "weak_positive": 0, "negative": 1}
Wrote 1 TRM rows to C:\projects\Hermes Skills\data\primehub_trm_autoresearch\cycle_04\stage\qwen35_27b_agency_bench_q0046.trm.jsonl
{"exact_positive": 0, "near_miss": 0, "weak_positive": 0, "negative": 1}
Wrote 1 TRM rows to C:\projects\Hermes Skills\data\primehub_trm_autoresearch\cycle_04\stage\qwen35_27b_allenai_ifeval_q0047.trm.jsonl
{"exact_positive": 0, "near_miss": 0, "weak_positive": 0, "negative": 1}
Wrote 1 TRM rows to C:\projects\Hermes Skills\data\primehub_trm_autoresearch\cycle_04\stage\qwen35_27b_antislop_q0048.trm.jsonl
{"exact_positive": 1, "near_miss": 0, "weak_positive": 0, "negative": 0}
Wrote 1 TRM rows to C:\projects\Hermes Skills\data\primehub_trm_autoresearch\cycle_04\stage\qwen35_27b_arc_q0049.trm.jsonl
{"exact_positive": 0, "near_miss": 0, "weak_positive": 0, "negative": 1}
Wrote 0 TRM rows to C:\projects\Hermes Skills\data\primehub_trm_autoresearch\cycle_04\stage\qwen35_27b_ascii_tree_q0050.trm.jsonl
{"exact_positive": 0, "near_miss": 0, "weak_positive": 0, "negative": 0}
Wrote 1 TRM rows to C:\projects\Hermes Skills\data\primehub_trm_autoresearch\cycle_04\stage\qwen35_9b_agency_bench_q0001.trm.jsonl
{"exact_positive": 0, "near_miss": 0, "weak_positive": 0, "negative": 1}
Wrote 1 TRM rows to C:\projects\Hermes Skills\data\primehub_trm_autoresearch\cycle_04\stage\qwen35_9b_aime2024_q0033.trm.jsonl
{"exact_positive": 0, "near_miss": 0, "weak_positive": 0, "negative": 1}
Wrote 1 TRM rows to C:\projects\Hermes Skills\data\primehub_trm_autoresearch\cycle_04\stage\qwen35_9b_aime2025_q0034.trm.jsonl
{"exact_positive": 0, "near_miss": 0, "weak_positive": 0, "negative": 1}
Wrote 1 TRM rows to C:\projects\Hermes Skills\data\primehub_trm_autoresearch\cycle_04\stage\qwen35_9b_aime2026_q0035.trm.jsonl
{"exact_positive": 0, "near_miss": 0, "weak_positive": 0, "negative": 1}
Wrote 1 TRM rows to C:\projects\Hermes Skills\data\primehub_trm_autoresearch\cycle_04\stage\qwen35_9b_allenai_ifeval_q0002.trm.jsonl
{"exact_positive": 0, "near_miss": 0, "weak_positive": 0, "negative": 1}
Wrote 1 TRM rows to C:\projects\Hermes Skills\data\primehub_trm_autoresearch\cycle_04\stage\qwen35_9b_antislop_q0003.trm.jsonl
{"exact_positive": 1, "near_miss": 0, "weak_positive": 0, "negative": 0}
Wrote 1 TRM rows to C:\projects\Hermes Skills\data\primehub_trm_autoresearch\cycle_04\stage\qwen35_9b_arc_q0004.trm.jsonl
{"exact_positive": 1, "near_miss": 0, "weak_positive": 0, "negative": 0}
Wrote 1 TRM rows to C:\projects\Hermes Skills\data\primehub_trm_autoresearch\cycle_04\stage\qwen35_9b_ascii_tree_q0005.trm.jsonl
{"exact_positive": 0, "near_miss": 0, "weak_positive": 1, "negative": 0}
Wrote 1 TRM rows to C:\projects\Hermes Skills\data\primehub_trm_autoresearch\cycle_04\stage\qwen35_9b_bixbench_q0006.trm.jsonl
{"exact_positive": 0, "near_miss": 0, "weak_positive": 0, "negative": 1}
Wrote 1 TRM rows to C:\projects\Hermes Skills\data\primehub_trm_autoresearch\cycle_04\stage\qwen35_9b_boolq_q0007.trm.jsonl
{"exact_positive": 1, "near_miss": 0, "weak_positive": 0, "negative": 0}
Wrote 1 TRM rows to C:\projects\Hermes Skills\data\primehub_trm_autoresearch\cycle_04\stage\qwen35_9b_clbench_q0036.trm.jsonl
{"exact_positive": 0, "near_miss": 0, "weak_positive": 0, "negative": 1}
Wrote 1 TRM rows to C:\projects\Hermes Skills\data\primehub_trm_autoresearch\cycle_04\stage\qwen35_9b_coconot_q0008.trm.jsonl
{"exact_positive": 0, "near_miss": 0, "weak_positive": 0, "negative": 1}
Wrote 1 TRM rows to C:\projects\Hermes Skills\data\primehub_trm_autoresearch\cycle_04\stage\qwen35_9b_colf_q0009.trm.jsonl
{"exact_positive": 0, "near_miss": 0, "weak_positive": 0, "negative": 1}
Wrote 1 TRM rows to C:\projects\Hermes Skills\data\primehub_trm_autoresearch\cycle_04\stage\qwen35_9b_deep_consult_q0010.trm.jsonl
{"exact_positive": 0, "near_miss": 0, "weak_positive": 0, "negative": 1}
Wrote 1 TRM rows to C:\projects\Hermes Skills\data\primehub_trm_autoresearch\cycle_04\stage\qwen35_9b_gauss_q0011.trm.jsonl
{"exact_positive": 0, "near_miss": 0, "weak_positive": 0, "negative": 1}
Wrote 1 TRM rows to C:\projects\Hermes Skills\data\primehub_trm_autoresearch\cycle_04\stage\qwen35_9b_hellaswag_q0012.trm.jsonl
{"exact_positive": 1, "near_miss": 0, "weak_positive": 0, "negative": 0}
Wrote 1 TRM rows to C:\projects\Hermes Skills\data\primehub_trm_autoresearch\cycle_04\stage\qwen35_9b_if_summarize_judge_q0037.trm.jsonl
{"exact_positive": 0, "near_miss": 0, "weak_positive": 0, "negative": 1}
Wrote 1 TRM rows to C:\projects\Hermes Skills\data\primehub_trm_autoresearch\cycle_04\stage\qwen35_9b_jailbreak_bench_q0013.trm.jsonl
{"exact_positive": 0, "near_miss": 0, "weak_positive": 0, "negative": 1}
Wrote 1 TRM rows to C:\projects\Hermes Skills\data\primehub_trm_autoresearch\cycle_04\stage\qwen35_9b_lisanbench_q0014.trm.jsonl
{"exact_positive": 1, "near_miss": 0, "weak_positive": 0, "negative": 0}
Wrote 1 TRM rows to C:\projects\Hermes Skills\data\primehub_trm_autoresearch\cycle_04\stage\qwen35_9b_llm_writing_detection_q0015.trm.jsonl
{"exact_positive": 0, "near_miss": 0, "weak_positive": 0, "negative": 1}
Wrote 1 TRM rows to C:\projects\Hermes Skills\data\primehub_trm_autoresearch\cycle_04\stage\qwen35_9b_logic_env_q0038.trm.jsonl
{"exact_positive": 0, "near_miss": 0, "weak_positive": 0, "negative": 1}
Wrote 1 TRM rows to C:\projects\Hermes Skills\data\primehub_trm_autoresearch\cycle_04\stage\qwen35_9b_longbench_v2_q0016.trm.jsonl
{"exact_positive": 0, "near_miss": 0, "weak_positive": 0, "negative": 1}
Wrote 1 TRM rows to C:\projects\Hermes Skills\data\primehub_trm_autoresearch\cycle_04\stage\qwen35_9b_math500_q0039.trm.jsonl
{"exact_positive": 0, "near_miss": 0, "weak_positive": 0, "negative": 1}
Wrote 1 TRM rows to C:\projects\Hermes Skills\data\primehub_trm_autoresearch\cycle_04\stage\qwen35_9b_math_env_q0040.trm.jsonl
{"exact_positive": 1, "near_miss": 0, "weak_positive": 0, "negative": 0}
Wrote 1 TRM rows to C:\projects\Hermes Skills\data\primehub_trm_autoresearch\cycle_04\stage\qwen35_9b_medsafetybench_q0017.trm.jsonl
{"exact_positive": 0, "near_miss": 0, "weak_positive": 0, "negative": 1}
Wrote 1 TRM rows to C:\projects\Hermes Skills\data\primehub_trm_autoresearch\cycle_04\stage\qwen35_9b_misguided_attn_q0018.trm.jsonl
{"exact_positive": 0, "near_miss": 0, "weak_positive": 0, "negative": 1}
Wrote 1 TRM rows to C:\projects\Hermes Skills\data\primehub_trm_autoresearch\cycle_04\stage\qwen35_9b_mmlu_pro_q0041.trm.jsonl
{"exact_positive": 0, "near_miss": 0, "weak_positive": 0, "negative": 1}
Wrote 1 TRM rows to C:\projects\Hermes Skills\data\primehub_trm_autoresearch\cycle_04\stage\qwen35_9b_mmlu_q0019.trm.jsonl
{"exact_positive": 0, "near_miss": 0, "weak_positive": 0, "negative": 1}
Wrote 1 TRM rows to C:\projects\Hermes Skills\data\primehub_trm_autoresearch\cycle_04\stage\qwen35_9b_psycho_bench_q0020.trm.jsonl
{"exact_positive": 1, "near_miss": 0, "weak_positive": 0, "negative": 0}
Wrote 1 TRM rows to C:\projects\Hermes Skills\data\primehub_trm_autoresearch\cycle_04\stage\qwen35_9b_pydantic_adherence_q0021.trm.jsonl
{"exact_positive": 0, "near_miss": 0, "weak_positive": 0, "negative": 1}
Wrote 1 TRM rows to C:\projects\Hermes Skills\data\primehub_trm_autoresearch\cycle_04\stage\qwen35_9b_reward_bench_q0022.trm.jsonl
{"exact_positive": 0, "near_miss": 0, "weak_positive": 1, "negative": 0}
Wrote 1 TRM rows to C:\projects\Hermes Skills\data\primehub_trm_autoresearch\cycle_04\stage\qwen35_9b_rust_cargo_q0023.trm.jsonl
{"exact_positive": 0, "near_miss": 0, "weak_positive": 0, "negative": 1}
Wrote 1 TRM rows to C:\projects\Hermes Skills\data\primehub_trm_autoresearch\cycle_04\stage\qwen35_9b_science_env_q0042.trm.jsonl
{"exact_positive": 0, "near_miss": 0, "weak_positive": 0, "negative": 1}
Wrote 1 TRM rows to C:\projects\Hermes Skills\data\primehub_trm_autoresearch\cycle_04\stage\qwen35_9b_simple_bench_q0024.trm.jsonl
{"exact_positive": 1, "near_miss": 0, "weak_positive": 0, "negative": 0}
Wrote 1 TRM rows to C:\projects\Hermes Skills\data\primehub_trm_autoresearch\cycle_04\stage\qwen35_9b_simpleqa_q0043.trm.jsonl
{"exact_positive": 0, "near_miss": 0, "weak_positive": 0, "negative": 1}
Wrote 1 TRM rows to C:\projects\Hermes Skills\data\primehub_trm_autoresearch\cycle_04\stage\qwen35_9b_simpleqa_verified_2_q0025.trm.jsonl
{"exact_positive": 0, "near_miss": 0, "weak_positive": 0, "negative": 1}
Wrote 1 TRM rows to C:\projects\Hermes Skills\data\primehub_trm_autoresearch\cycle_04\stage\qwen35_9b_simpleqa_verified_q0044.trm.jsonl
{"exact_positive": 0, "near_miss": 0, "weak_positive": 0, "negative": 1}
Wrote 1 TRM rows to C:\projects\Hermes Skills\data\primehub_trm_autoresearch\cycle_04\stage\qwen35_9b_truthfulqa_q0026.trm.jsonl
{"exact_positive": 1, "near_miss": 0, "weak_positive": 0, "negative": 0}
Wrote 1 TRM rows to C:\projects\Hermes Skills\data\primehub_trm_autoresearch\cycle_04\stage\qwen35_9b_unscramble_q0045.trm.jsonl
{"exact_positive": 0, "near_miss": 0, "weak_positive": 0, "negative": 1}
Wrote 1 TRM rows to C:\projects\Hermes Skills\data\primehub_trm_autoresearch\cycle_04\stage\qwen35_9b_uq_project_q0028.trm.jsonl
{"exact_positive": 0, "near_miss": 0, "weak_positive": 0, "negative": 1}
Wrote 1 TRM rows to C:\projects\Hermes Skills\data\primehub_trm_autoresearch\cycle_04\stage\qwen35_9b_uq_q0027.trm.jsonl
{"exact_positive": 0, "near_miss": 0, "weak_positive": 0, "negative": 1}
Wrote 1 TRM rows to C:\projects\Hermes Skills\data\primehub_trm_autoresearch\cycle_04\stage\qwen35_9b_vpct_1_q0029.trm.jsonl
{"exact_positive": 0, "near_miss": 0, "weak_positive": 0, "negative": 1}
Wrote 1 TRM rows to C:\projects\Hermes Skills\data\primehub_trm_autoresearch\cycle_04\stage\qwen35_9b_winogrande_q0030.trm.jsonl
{"exact_positive": 1, "near_miss": 0, "weak_positive": 0, "negative": 0}
Wrote 1 TRM rows to C:\projects\Hermes Skills\data\primehub_trm_autoresearch\cycle_04\stage\qwen35_9b_wmdp_q0031.trm.jsonl
{"exact_positive": 0, "near_miss": 0, "weak_positive": 0, "negative": 1}
Wrote 1 TRM rows to C:\projects\Hermes Skills\data\primehub_trm_autoresearch\cycle_04\stage\qwen35_9b_writing_bench_q0032.trm.jsonl
{"exact_positive": 0, "near_miss": 0, "weak_positive": 0, "negative": 1}
Wrote 154 merged TRM rows to C:\projects\Hermes Skills\data\primehub_trm_autoresearch\cycle_04\primehub_trm_merged.jsonl
{"negative": 128, "exact_positive": 22, "weak_positive": 4}
Wrote critic model with 154 examples to C:\projects\Hermes Skills\data\primehub_trm_autoresearch\cycle_04\models\trm_critic.json
{'negative': 128, 'exact_positive': 22, 'weak_positive': 4}
Wrote benchmark summary to C:\projects\Hermes Skills\data\primehub_trm_autoresearch\cycle_04\bench\trm_critic_bench.summary.json
{"eval_rows": 26, "bucket_accuracy": 0.7308, "per_family": {"primehub": {"rows": 26, "bucket_accuracy": 0.7308, "avg_bucket_abs_error": 0.8077, "visible_output_accuracy": 0.5, "avg_grid_cell_accuracy_abs_error": null}}}
Wrote retriever model with 22 examples to C:\projects\Hermes Skills\data\primehub_trm_autoresearch\cycle_04\models\trm_retriever.json
{"exact_positive": 22}
Wrote benchmark summary to C:\projects\Hermes Skills\data\primehub_trm_autoresearch\cycle_04\bench\trm_retriever_bench.summary.json
{"eval_rows": 26, "exact_match_rate": 0.0769, "per_family": {"primehub": {"rows": 26, "exact_match_rate": 0.0769, "nonempty_prediction_rate": 1.0, "avg_similarity": 0.3526, "avg_grid_cell_accuracy": null}}}
Wrote router benchmark summary to C:\projects\Hermes Skills\data\primehub_trm_autoresearch\cycle_04\bench\trm_router_bench.summary.json
{"eval_rows": 26, "retrieval_only": {"exact_match_rate": 0.0769, "nonempty_prediction_rate": 1.0, "avg_grid_cell_accuracy": null}, "critic_gated": {"exact_match_rate": 0.0, "nonempty_prediction_rate": 0.0769, "route_abstain_rate": 0.9231, "avg_grid_cell_accuracy": null}}
{
  "manifest": "C:\\projects\\Hermes Skills\\data\\primehub_trm_autoresearch\\cycle_04\\primehub_trm_rollup.manifest.json",
  "merged_rows": 154,
  "bucket_counts": {
    "negative": 128,
    "exact_positive": 22,
    "weak_positive": 4
  }
}
{
  "output_json": "C:\\projects\\Hermes Skills\\data\\primehub_trm_autoresearch\\cycle_04\\imprint\\primehub_skill_imprint.json",
  "output_md": "C:\\projects\\Hermes Skills\\data\\primehub_trm_autoresearch\\cycle_04\\imprint\\primehub_skill_imprint.md",
  "rows": 154
}
Wrote 1 TRM rows to C:\projects\Hermes Skills\data\primehub_trm_autoresearch\cycle_05\stage\qwen35_27b_aime2024_q0016.trm.jsonl
{"exact_positive": 0, "near_miss": 0, "weak_positive": 0, "negative": 1}
Wrote 1 TRM rows to C:\projects\Hermes Skills\data\primehub_trm_autoresearch\cycle_05\stage\qwen35_27b_aime2025_q0017.trm.jsonl
{"exact_positive": 0, "near_miss": 0, "weak_positive": 0, "negative": 1}
Wrote 1 TRM rows to C:\projects\Hermes Skills\data\primehub_trm_autoresearch\cycle_05\stage\qwen35_27b_aime2026_q0018.trm.jsonl
{"exact_positive": 0, "near_miss": 0, "weak_positive": 0, "negative": 1}
Wrote 1 TRM rows to C:\projects\Hermes Skills\data\primehub_trm_autoresearch\cycle_05\stage\qwen35_27b_clbench_q0019.trm.jsonl
{"exact_positive": 0, "near_miss": 0, "weak_positive": 0, "negative": 1}
Wrote 1 TRM rows to C:\projects\Hermes Skills\data\primehub_trm_autoresearch\cycle_05\stage\qwen35_27b_if_summarize_judge_q0020.trm.jsonl
{"exact_positive": 0, "near_miss": 0, "weak_positive": 0, "negative": 1}
Wrote 1 TRM rows to C:\projects\Hermes Skills\data\primehub_trm_autoresearch\cycle_05\stage\qwen35_27b_lisanbench_q0013.trm.jsonl
{"exact_positive": 0, "near_miss": 0, "weak_positive": 0, "negative": 1}
Wrote 1 TRM rows to C:\projects\Hermes Skills\data\primehub_trm_autoresearch\cycle_05\stage\qwen35_27b_logic_env_q0021.trm.jsonl
{"exact_positive": 0, "near_miss": 0, "weak_positive": 0, "negative": 1}
Wrote 1 TRM rows to C:\projects\Hermes Skills\data\primehub_trm_autoresearch\cycle_05\stage\qwen35_27b_math500_q0022.trm.jsonl
{"exact_positive": 0, "near_miss": 0, "weak_positive": 0, "negative": 1}
Wrote 1 TRM rows to C:\projects\Hermes Skills\data\primehub_trm_autoresearch\cycle_05\stage\qwen35_27b_math_env_q0023.trm.jsonl
{"exact_positive": 0, "near_miss": 0, "weak_positive": 0, "negative": 1}
Wrote 1 TRM rows to C:\projects\Hermes Skills\data\primehub_trm_autoresearch\cycle_05\stage\qwen35_27b_misguided_attn_q0014.trm.jsonl
{"exact_positive": 0, "near_miss": 0, "weak_positive": 0, "negative": 1}
Wrote 1 TRM rows to C:\projects\Hermes Skills\data\primehub_trm_autoresearch\cycle_05\stage\qwen35_27b_mmlu_pro_q0024.trm.jsonl
{"exact_positive": 0, "near_miss": 0, "weak_positive": 0, "negative": 1}
Wrote 1 TRM rows to C:\projects\Hermes Skills\data\primehub_trm_autoresearch\cycle_05\stage\qwen35_27b_psycho_bench_q0015.trm.jsonl
{"exact_positive": 0, "near_miss": 0, "weak_positive": 0, "negative": 1}
Wrote 1 TRM rows to C:\projects\Hermes Skills\data\primehub_trm_autoresearch\cycle_05\stage\qwen35_9b_aime2024_q0004.trm.jsonl
{"exact_positive": 0, "near_miss": 0, "weak_positive": 0, "negative": 1}
Wrote 1 TRM rows to C:\projects\Hermes Skills\data\primehub_trm_autoresearch\cycle_05\stage\qwen35_9b_aime2025_q0005.trm.jsonl
{"exact_positive": 0, "near_miss": 0, "weak_positive": 0, "negative": 1}
Wrote 1 TRM rows to C:\projects\Hermes Skills\data\primehub_trm_autoresearch\cycle_05\stage\qwen35_9b_aime2026_q0006.trm.jsonl
{"exact_positive": 0, "near_miss": 0, "weak_positive": 0, "negative": 1}
Wrote 1 TRM rows to C:\projects\Hermes Skills\data\primehub_trm_autoresearch\cycle_05\stage\qwen35_9b_clbench_q0007.trm.jsonl
{"exact_positive": 0, "near_miss": 0, "weak_positive": 0, "negative": 1}
Wrote 1 TRM rows to C:\projects\Hermes Skills\data\primehub_trm_autoresearch\cycle_05\stage\qwen35_9b_if_summarize_judge_q0008.trm.jsonl
{"exact_positive": 0, "near_miss": 0, "weak_positive": 0, "negative": 1}
Wrote 1 TRM rows to C:\projects\Hermes Skills\data\primehub_trm_autoresearch\cycle_05\stage\qwen35_9b_lisanbench_q0001.trm.jsonl
{"exact_positive": 1, "near_miss": 0, "weak_positive": 0, "negative": 0}
Wrote 1 TRM rows to C:\projects\Hermes Skills\data\primehub_trm_autoresearch\cycle_05\stage\qwen35_9b_logic_env_q0009.trm.jsonl
{"exact_positive": 0, "near_miss": 0, "weak_positive": 0, "negative": 1}
Wrote 1 TRM rows to C:\projects\Hermes Skills\data\primehub_trm_autoresearch\cycle_05\stage\qwen35_9b_math500_q0010.trm.jsonl
{"exact_positive": 0, "near_miss": 0, "weak_positive": 0, "negative": 1}
Wrote 1 TRM rows to C:\projects\Hermes Skills\data\primehub_trm_autoresearch\cycle_05\stage\qwen35_9b_math_env_q0011.trm.jsonl
{"exact_positive": 1, "near_miss": 0, "weak_positive": 0, "negative": 0}
Wrote 1 TRM rows to C:\projects\Hermes Skills\data\primehub_trm_autoresearch\cycle_05\stage\qwen35_9b_misguided_attn_q0002.trm.jsonl
{"exact_positive": 0, "near_miss": 0, "weak_positive": 0, "negative": 1}
Wrote 1 TRM rows to C:\projects\Hermes Skills\data\primehub_trm_autoresearch\cycle_05\stage\qwen35_9b_mmlu_pro_q0012.trm.jsonl
{"exact_positive": 0, "near_miss": 0, "weak_positive": 0, "negative": 1}
Wrote 1 TRM rows to C:\projects\Hermes Skills\data\primehub_trm_autoresearch\cycle_05\stage\qwen35_9b_psycho_bench_q0003.trm.jsonl
{"exact_positive": 1, "near_miss": 0, "weak_positive": 0, "negative": 0}
Wrote 1 TRM rows to C:\projects\Hermes Skills\data\primehub_trm_autoresearch\cycle_05\stage\qwen35_27b_math_env_q0001.trm.jsonl
{"exact_positive": 0, "near_miss": 0, "weak_positive": 0, "negative": 1}
Wrote 1 TRM rows to C:\projects\Hermes Skills\data\primehub_trm_autoresearch\cycle_05\stage\qwen35_27b_mmlu_pro_q0002.trm.jsonl
{"exact_positive": 0, "near_miss": 0, "weak_positive": 0, "negative": 1}
Wrote 1 TRM rows to C:\projects\Hermes Skills\data\primehub_trm_autoresearch\cycle_05\stage\qwen35_27b_agency_bench_q0029.trm.jsonl
{"exact_positive": 0, "near_miss": 0, "weak_positive": 0, "negative": 1}
Wrote 1 TRM rows to C:\projects\Hermes Skills\data\primehub_trm_autoresearch\cycle_05\stage\qwen35_27b_aime2024_q0009.trm.jsonl
{"exact_positive": 0, "near_miss": 0, "weak_positive": 0, "negative": 1}
Wrote 1 TRM rows to C:\projects\Hermes Skills\data\primehub_trm_autoresearch\cycle_05\stage\qwen35_27b_aime2025_q0010.trm.jsonl
{"exact_positive": 0, "near_miss": 0, "weak_positive": 0, "negative": 1}
Wrote 1 TRM rows to C:\projects\Hermes Skills\data\primehub_trm_autoresearch\cycle_05\stage\qwen35_27b_aime2026_q0011.trm.jsonl
{"exact_positive": 0, "near_miss": 0, "weak_positive": 0, "negative": 1}
Wrote 1 TRM rows to C:\projects\Hermes Skills\data\primehub_trm_autoresearch\cycle_05\stage\qwen35_27b_allenai_ifeval_q0030.trm.jsonl
{"exact_positive": 0, "near_miss": 0, "weak_positive": 0, "negative": 1}
Wrote 1 TRM rows to C:\projects\Hermes Skills\data\primehub_trm_autoresearch\cycle_05\stage\qwen35_27b_antislop_q0031.trm.jsonl
{"exact_positive": 1, "near_miss": 0, "weak_positive": 0, "negative": 0}
Wrote 1 TRM rows to C:\projects\Hermes Skills\data\primehub_trm_autoresearch\cycle_05\stage\qwen35_27b_arc_q0032.trm.jsonl
{"exact_positive": 0, "near_miss": 0, "weak_positive": 0, "negative": 1}
Wrote 1 TRM rows to C:\projects\Hermes Skills\data\primehub_trm_autoresearch\cycle_05\stage\qwen35_27b_ascii_tree_q0033.trm.jsonl
{"exact_positive": 0, "near_miss": 0, "weak_positive": 0, "negative": 1}
Wrote 1 TRM rows to C:\projects\Hermes Skills\data\primehub_trm_autoresearch\cycle_05\stage\qwen35_27b_bixbench_q0034.trm.jsonl
{"exact_positive": 0, "near_miss": 0, "weak_positive": 0, "negative": 1}
Wrote 1 TRM rows to C:\projects\Hermes Skills\data\primehub_trm_autoresearch\cycle_05\stage\qwen35_27b_boolq_q0035.trm.jsonl
{"exact_positive": 0, "near_miss": 0, "weak_positive": 0, "negative": 1}
Wrote 1 TRM rows to C:\projects\Hermes Skills\data\primehub_trm_autoresearch\cycle_05\stage\qwen35_27b_clbench_q0012.trm.jsonl
{"exact_positive": 0, "near_miss": 0, "weak_positive": 0, "negative": 1}
Wrote 1 TRM rows to C:\projects\Hermes Skills\data\primehub_trm_autoresearch\cycle_05\stage\qwen35_27b_coconot_q0036.trm.jsonl
{"exact_positive": 0, "near_miss": 0, "weak_positive": 0, "negative": 1}
Wrote 1 TRM rows to C:\projects\Hermes Skills\data\primehub_trm_autoresearch\cycle_05\stage\qwen35_27b_colf_q0037.trm.jsonl
{"exact_positive": 0, "near_miss": 0, "weak_positive": 0, "negative": 1}
Wrote 1 TRM rows to C:\projects\Hermes Skills\data\primehub_trm_autoresearch\cycle_05\stage\qwen35_27b_deep_consult_q0038.trm.jsonl
{"exact_positive": 0, "near_miss": 0, "weak_positive": 0, "negative": 1}
Wrote 1 TRM rows to C:\projects\Hermes Skills\data\primehub_trm_autoresearch\cycle_05\stage\qwen35_27b_gauss_q0039.trm.jsonl
{"exact_positive": 0, "near_miss": 0, "weak_positive": 0, "negative": 1}
Wrote 1 TRM rows to C:\projects\Hermes Skills\data\primehub_trm_autoresearch\cycle_05\stage\qwen35_27b_hellaswag_q0040.trm.jsonl
{"exact_positive": 0, "near_miss": 0, "weak_positive": 0, "negative": 1}
Wrote 1 TRM rows to C:\projects\Hermes Skills\data\primehub_trm_autoresearch\cycle_05\stage\qwen35_27b_if_summarize_judge_q0013.trm.jsonl
{"exact_positive": 0, "near_miss": 0, "weak_positive": 0, "negative": 1}
Wrote 1 TRM rows to C:\projects\Hermes Skills\data\primehub_trm_autoresearch\cycle_05\stage\qwen35_27b_jailbreak_bench_q0041.trm.jsonl
{"exact_positive": 0, "near_miss": 0, "weak_positive": 0, "negative": 1}
Wrote 1 TRM rows to C:\projects\Hermes Skills\data\primehub_trm_autoresearch\cycle_05\stage\qwen35_27b_lisanbench_q0042.trm.jsonl
{"exact_positive": 0, "near_miss": 0, "weak_positive": 0, "negative": 1}
Wrote 1 TRM rows to C:\projects\Hermes Skills\data\primehub_trm_autoresearch\cycle_05\stage\qwen35_27b_llm_writing_detection_q0043.trm.jsonl
{"exact_positive": 0, "near_miss": 0, "weak_positive": 0, "negative": 1}
Wrote 1 TRM rows to C:\projects\Hermes Skills\data\primehub_trm_autoresearch\cycle_05\stage\qwen35_27b_logic_env_q0014.trm.jsonl
{"exact_positive": 0, "near_miss": 0, "weak_positive": 0, "negative": 1}
Wrote 1 TRM rows to C:\projects\Hermes Skills\data\primehub_trm_autoresearch\cycle_05\stage\qwen35_27b_longbench_v2_q0044.trm.jsonl
{"exact_positive": 0, "near_miss": 0, "weak_positive": 0, "negative": 1}
Wrote 1 TRM rows to C:\projects\Hermes Skills\data\primehub_trm_autoresearch\cycle_05\stage\qwen35_27b_math500_q0015.trm.jsonl
{"exact_positive": 0, "near_miss": 0, "weak_positive": 0, "negative": 1}
Wrote 1 TRM rows to C:\projects\Hermes Skills\data\primehub_trm_autoresearch\cycle_05\stage\qwen35_27b_math_env_q0016.trm.jsonl
{"exact_positive": 0, "near_miss": 0, "weak_positive": 0, "negative": 1}
Wrote 1 TRM rows to C:\projects\Hermes Skills\data\primehub_trm_autoresearch\cycle_05\stage\qwen35_27b_medsafetybench_q0045.trm.jsonl
{"exact_positive": 0, "near_miss": 0, "weak_positive": 0, "negative": 1}
Wrote 1 TRM rows to C:\projects\Hermes Skills\data\primehub_trm_autoresearch\cycle_05\stage\qwen35_27b_misguided_attn_q0046.trm.jsonl
{"exact_positive": 0, "near_miss": 0, "weak_positive": 0, "negative": 1}
Wrote 1 TRM rows to C:\projects\Hermes Skills\data\primehub_trm_autoresearch\cycle_05\stage\qwen35_27b_mmlu_pro_q0017.trm.jsonl
{"exact_positive": 0, "near_miss": 0, "weak_positive": 0, "negative": 1}
Wrote 1 TRM rows to C:\projects\Hermes Skills\data\primehub_trm_autoresearch\cycle_05\stage\qwen35_27b_mmlu_q0047.trm.jsonl
{"exact_positive": 0, "near_miss": 0, "weak_positive": 0, "negative": 1}
Wrote 1 TRM rows to C:\projects\Hermes Skills\data\primehub_trm_autoresearch\cycle_05\stage\qwen35_27b_passthrough_q0018.trm.jsonl
{"exact_positive": 0, "near_miss": 0, "weak_positive": 0, "negative": 1}
Wrote 1 TRM rows to C:\projects\Hermes Skills\data\primehub_trm_autoresearch\cycle_05\stage\qwen35_27b_psycho_bench_q0048.trm.jsonl
{"exact_positive": 0, "near_miss": 0, "weak_positive": 0, "negative": 1}
Wrote 1 TRM rows to C:\projects\Hermes Skills\data\primehub_trm_autoresearch\cycle_05\stage\qwen35_27b_pydantic_adherence_q0049.trm.jsonl
{"exact_positive": 0, "near_miss": 0, "weak_positive": 0, "negative": 1}
Wrote 1 TRM rows to C:\projects\Hermes Skills\data\primehub_trm_autoresearch\cycle_05\stage\qwen35_27b_reward_bench_q0050.trm.jsonl
{"exact_positive": 0, "near_miss": 0, "weak_positive": 1, "negative": 0}
Wrote 1 TRM rows to C:\projects\Hermes Skills\data\primehub_trm_autoresearch\cycle_05\stage\qwen35_27b_rust_cargo_q0051.trm.jsonl
{"exact_positive": 0, "near_miss": 0, "weak_positive": 0, "negative": 1}
Wrote 1 TRM rows to C:\projects\Hermes Skills\data\primehub_trm_autoresearch\cycle_05\stage\qwen35_27b_science_env_q0019.trm.jsonl
{"exact_positive": 0, "near_miss": 0, "weak_positive": 0, "negative": 1}
Wrote 1 TRM rows to C:\projects\Hermes Skills\data\primehub_trm_autoresearch\cycle_05\stage\qwen35_27b_simple_bench_q0052.trm.jsonl
{"exact_positive": 0, "near_miss": 0, "weak_positive": 0, "negative": 1}
Wrote 1 TRM rows to C:\projects\Hermes Skills\data\primehub_trm_autoresearch\cycle_05\stage\qwen35_27b_simpleqa_q0020.trm.jsonl
{"exact_positive": 0, "near_miss": 0, "weak_positive": 0, "negative": 1}
Wrote 1 TRM rows to C:\projects\Hermes Skills\data\primehub_trm_autoresearch\cycle_05\stage\qwen35_27b_simpleqa_verified_2_q0053.trm.jsonl
{"exact_positive": 0, "near_miss": 0, "weak_positive": 0, "negative": 1}
Wrote 1 TRM rows to C:\projects\Hermes Skills\data\primehub_trm_autoresearch\cycle_05\stage\qwen35_27b_simpleqa_verified_q0021.trm.jsonl
{"exact_positive": 0, "near_miss": 0, "weak_positive": 0, "negative": 1}
Wrote 1 TRM rows to C:\projects\Hermes Skills\data\primehub_trm_autoresearch\cycle_05\stage\qwen35_27b_truthfulqa_q0002.trm.jsonl
{"exact_positive": 0, "near_miss": 0, "weak_positive": 0, "negative": 1}
Wrote 1 TRM rows to C:\projects\Hermes Skills\data\primehub_trm_autoresearch\cycle_05\stage\qwen35_27b_truthfulqa_q0054.trm.jsonl
{"exact_positive": 0, "near_miss": 0, "weak_positive": 0, "negative": 1}
Wrote 1 TRM rows to C:\projects\Hermes Skills\data\primehub_trm_autoresearch\cycle_05\stage\qwen35_27b_unscramble_q0022.trm.jsonl
{"exact_positive": 0, "near_miss": 0, "weak_positive": 0, "negative": 1}
Wrote 1 TRM rows to C:\projects\Hermes Skills\data\primehub_trm_autoresearch\cycle_05\stage\qwen35_27b_uq_project_q0004.trm.jsonl
{"exact_positive": 0, "near_miss": 0, "weak_positive": 0, "negative": 1}
Wrote 1 TRM rows to C:\projects\Hermes Skills\data\primehub_trm_autoresearch\cycle_05\stage\qwen35_27b_uq_q0003.trm.jsonl
{"exact_positive": 0, "near_miss": 0, "weak_positive": 0, "negative": 1}
Wrote 1 TRM rows to C:\projects\Hermes Skills\data\primehub_trm_autoresearch\cycle_05\stage\qwen35_27b_verbatim_copy_q0023.trm.jsonl
{"exact_positive": 0, "near_miss": 0, "weak_positive": 0, "negative": 1}
Wrote 1 TRM rows to C:\projects\Hermes Skills\data\primehub_trm_autoresearch\cycle_05\stage\qwen35_27b_vpct_1_q0005.trm.jsonl
{"exact_positive": 0, "near_miss": 0, "weak_positive": 0, "negative": 1}
Wrote 1 TRM rows to C:\projects\Hermes Skills\data\primehub_trm_autoresearch\cycle_05\stage\qwen35_27b_winogrande_q0006.trm.jsonl
{"exact_positive": 1, "near_miss": 0, "weak_positive": 0, "negative": 0}
Wrote 1 TRM rows to C:\projects\Hermes Skills\data\primehub_trm_autoresearch\cycle_05\stage\qwen35_27b_wmdp_q0007.trm.jsonl
{"exact_positive": 0, "near_miss": 0, "weak_positive": 0, "negative": 1}
Wrote 1 TRM rows to C:\projects\Hermes Skills\data\primehub_trm_autoresearch\cycle_05\stage\qwen35_27b_writing_bench_q0008.trm.jsonl
{"exact_positive": 0, "near_miss": 0, "weak_positive": 0, "negative": 1}
Wrote 1 TRM rows to C:\projects\Hermes Skills\data\primehub_trm_autoresearch\cycle_05\stage\qwen35_9b_agency_bench_q0001.trm.jsonl
{"exact_positive": 0, "near_miss": 0, "weak_positive": 0, "negative": 1}
Wrote 1 TRM rows to C:\projects\Hermes Skills\data\primehub_trm_autoresearch\cycle_05\stage\qwen35_9b_aime2024_q0014.trm.jsonl
{"exact_positive": 0, "near_miss": 0, "weak_positive": 0, "negative": 1}
Wrote 1 TRM rows to C:\projects\Hermes Skills\data\primehub_trm_autoresearch\cycle_05\stage\qwen35_9b_aime2025_q0015.trm.jsonl
{"exact_positive": 0, "near_miss": 0, "weak_positive": 0, "negative": 1}
Wrote 1 TRM rows to C:\projects\Hermes Skills\data\primehub_trm_autoresearch\cycle_05\stage\qwen35_9b_aime2026_q0016.trm.jsonl
{"exact_positive": 0, "near_miss": 0, "weak_positive": 0, "negative": 1}
Wrote 1 TRM rows to C:\projects\Hermes Skills\data\primehub_trm_autoresearch\cycle_05\stage\qwen35_9b_allenai_ifeval_q0002.trm.jsonl
{"exact_positive": 0, "near_miss": 0, "weak_positive": 0, "negative": 1}
Wrote 1 TRM rows to C:\projects\Hermes Skills\data\primehub_trm_autoresearch\cycle_05\stage\qwen35_9b_antislop_q0003.trm.jsonl
{"exact_positive": 1, "near_miss": 0, "weak_positive": 0, "negative": 0}
Wrote 1 TRM rows to C:\projects\Hermes Skills\data\primehub_trm_autoresearch\cycle_05\stage\qwen35_9b_arc_q0004.trm.jsonl
{"exact_positive": 1, "near_miss": 0, "weak_positive": 0, "negative": 0}
Wrote 1 TRM rows to C:\projects\Hermes Skills\data\primehub_trm_autoresearch\cycle_05\stage\qwen35_9b_ascii_tree_q0005.trm.jsonl
{"exact_positive": 0, "near_miss": 0, "weak_positive": 1, "negative": 0}
Wrote 1 TRM rows to C:\projects\Hermes Skills\data\primehub_trm_autoresearch\cycle_05\stage\qwen35_9b_bixbench_q0006.trm.jsonl
{"exact_positive": 0, "near_miss": 0, "weak_positive": 0, "negative": 1}
Wrote 1 TRM rows to C:\projects\Hermes Skills\data\primehub_trm_autoresearch\cycle_05\stage\qwen35_9b_boolq_q0007.trm.jsonl
{"exact_positive": 1, "near_miss": 0, "weak_positive": 0, "negative": 0}
Wrote 1 TRM rows to C:\projects\Hermes Skills\data\primehub_trm_autoresearch\cycle_05\stage\qwen35_9b_clbench_q0017.trm.jsonl
{"exact_positive": 0, "near_miss": 0, "weak_positive": 0, "negative": 1}
Wrote 1 TRM rows to C:\projects\Hermes Skills\data\primehub_trm_autoresearch\cycle_05\stage\qwen35_9b_coconot_q0008.trm.jsonl
{"exact_positive": 0, "near_miss": 0, "weak_positive": 0, "negative": 1}
Wrote 1 TRM rows to C:\projects\Hermes Skills\data\primehub_trm_autoresearch\cycle_05\stage\qwen35_9b_colf_q0009.trm.jsonl
{"exact_positive": 0, "near_miss": 0, "weak_positive": 0, "negative": 1}
Wrote 1 TRM rows to C:\projects\Hermes Skills\data\primehub_trm_autoresearch\cycle_05\stage\qwen35_9b_deep_consult_q0010.trm.jsonl
{"exact_positive": 0, "near_miss": 0, "weak_positive": 0, "negative": 1}
Wrote 1 TRM rows to C:\projects\Hermes Skills\data\primehub_trm_autoresearch\cycle_05\stage\qwen35_9b_gauss_q0011.trm.jsonl
{"exact_positive": 0, "near_miss": 0, "weak_positive": 0, "negative": 1}
Wrote 1 TRM rows to C:\projects\Hermes Skills\data\primehub_trm_autoresearch\cycle_05\stage\qwen35_9b_hellaswag_q0012.trm.jsonl
{"exact_positive": 1, "near_miss": 0, "weak_positive": 0, "negative": 0}
Wrote 1 TRM rows to C:\projects\Hermes Skills\data\primehub_trm_autoresearch\cycle_05\stage\qwen35_9b_if_summarize_judge_q0018.trm.jsonl
{"exact_positive": 0, "near_miss": 0, "weak_positive": 0, "negative": 1}
Wrote 1 TRM rows to C:\projects\Hermes Skills\data\primehub_trm_autoresearch\cycle_05\stage\qwen35_9b_jailbreak_bench_q0013.trm.jsonl
{"exact_positive": 0, "near_miss": 0, "weak_positive": 0, "negative": 1}
Wrote 1 TRM rows to C:\projects\Hermes Skills\data\primehub_trm_autoresearch\cycle_05\stage\qwen35_9b_lisanbench_q0014.trm.jsonl
{"exact_positive": 1, "near_miss": 0, "weak_positive": 0, "negative": 0}
Wrote 1 TRM rows to C:\projects\Hermes Skills\data\primehub_trm_autoresearch\cycle_05\stage\qwen35_9b_llm_writing_detection_q0015.trm.jsonl
{"exact_positive": 0, "near_miss": 0, "weak_positive": 0, "negative": 1}
Wrote 1 TRM rows to C:\projects\Hermes Skills\data\primehub_trm_autoresearch\cycle_05\stage\qwen35_9b_logic_env_q0019.trm.jsonl
{"exact_positive": 0, "near_miss": 0, "weak_positive": 0, "negative": 1}
Wrote 1 TRM rows to C:\projects\Hermes Skills\data\primehub_trm_autoresearch\cycle_05\stage\qwen35_9b_longbench_v2_q0016.trm.jsonl
{"exact_positive": 0, "near_miss": 0, "weak_positive": 0, "negative": 1}
Wrote 1 TRM rows to C:\projects\Hermes Skills\data\primehub_trm_autoresearch\cycle_05\stage\qwen35_9b_math500_q0020.trm.jsonl
{"exact_positive": 0, "near_miss": 0, "weak_positive": 0, "negative": 1}
Wrote 1 TRM rows to C:\projects\Hermes Skills\data\primehub_trm_autoresearch\cycle_05\stage\qwen35_9b_math_env_q0021.trm.jsonl
{"exact_positive": 1, "near_miss": 0, "weak_positive": 0, "negative": 0}
Wrote 1 TRM rows to C:\projects\Hermes Skills\data\primehub_trm_autoresearch\cycle_05\stage\qwen35_9b_medsafetybench_q0017.trm.jsonl
{"exact_positive": 0, "near_miss": 0, "weak_positive": 0, "negative": 1}
Wrote 1 TRM rows to C:\projects\Hermes Skills\data\primehub_trm_autoresearch\cycle_05\stage\qwen35_9b_misguided_attn_q0018.trm.jsonl
{"exact_positive": 0, "near_miss": 0, "weak_positive": 0, "negative": 1}
Wrote 1 TRM rows to C:\projects\Hermes Skills\data\primehub_trm_autoresearch\cycle_05\stage\qwen35_9b_mmlu_pro_q0022.trm.jsonl
{"exact_positive": 0, "near_miss": 0, "weak_positive": 0, "negative": 1}
Wrote 1 TRM rows to C:\projects\Hermes Skills\data\primehub_trm_autoresearch\cycle_05\stage\qwen35_9b_mmlu_q0019.trm.jsonl
{"exact_positive": 0, "near_miss": 0, "weak_positive": 0, "negative": 1}
Wrote 1 TRM rows to C:\projects\Hermes Skills\data\primehub_trm_autoresearch\cycle_05\stage\qwen35_9b_passthrough_q0001.trm.jsonl
{"exact_positive": 0, "near_miss": 0, "weak_positive": 0, "negative": 1}
Wrote 1 TRM rows to C:\projects\Hermes Skills\data\primehub_trm_autoresearch\cycle_05\stage\qwen35_9b_passthrough_q0023.trm.jsonl
{"exact_positive": 0, "near_miss": 0, "weak_positive": 0, "negative": 1}
Wrote 2 TRM rows to C:\projects\Hermes Skills\data\primehub_trm_autoresearch\cycle_05\stage\qwen35_9b_psycho_bench_q0001.trm.jsonl
{"exact_positive": 2, "near_miss": 0, "weak_positive": 0, "negative": 0}
Wrote 0 TRM rows to C:\projects\Hermes Skills\data\primehub_trm_autoresearch\cycle_05\stage\qwen35_9b_psycho_bench_q0020.trm.jsonl
{"exact_positive": 0, "near_miss": 0, "weak_positive": 0, "negative": 0}
Wrote 2 TRM rows to C:\projects\Hermes Skills\data\primehub_trm_autoresearch\cycle_05\stage\qwen35_9b_pydantic_adherence_q0002.trm.jsonl
{"exact_positive": 0, "near_miss": 0, "weak_positive": 0, "negative": 2}
Wrote 1 TRM rows to C:\projects\Hermes Skills\data\primehub_trm_autoresearch\cycle_05\stage\qwen35_9b_reward_bench_q0003.trm.jsonl
{"exact_positive": 0, "near_miss": 0, "weak_positive": 1, "negative": 0}
Wrote 1 TRM rows to C:\projects\Hermes Skills\data\primehub_trm_autoresearch\cycle_05\stage\qwen35_9b_rust_cargo_q0004.trm.jsonl
{"exact_positive": 0, "near_miss": 0, "weak_positive": 0, "negative": 1}
Wrote 1 TRM rows to C:\projects\Hermes Skills\data\primehub_trm_autoresearch\cycle_05\stage\qwen35_9b_science_env_q0024.trm.jsonl
{"exact_positive": 0, "near_miss": 0, "weak_positive": 0, "negative": 1}
Wrote 1 TRM rows to C:\projects\Hermes Skills\data\primehub_trm_autoresearch\cycle_05\stage\qwen35_9b_simple_bench_q0005.trm.jsonl
{"exact_positive": 1, "near_miss": 0, "weak_positive": 0, "negative": 0}
Wrote 1 TRM rows to C:\projects\Hermes Skills\data\primehub_trm_autoresearch\cycle_05\stage\qwen35_9b_simpleqa_q0025.trm.jsonl
{"exact_positive": 0, "near_miss": 0, "weak_positive": 0, "negative": 1}
Wrote 1 TRM rows to C:\projects\Hermes Skills\data\primehub_trm_autoresearch\cycle_05\stage\qwen35_9b_simpleqa_verified_2_q0006.trm.jsonl
{"exact_positive": 0, "near_miss": 0, "weak_positive": 0, "negative": 1}
Wrote 1 TRM rows to C:\projects\Hermes Skills\data\primehub_trm_autoresearch\cycle_05\stage\qwen35_9b_simpleqa_verified_q0026.trm.jsonl
{"exact_positive": 0, "near_miss": 0, "weak_positive": 0, "negative": 1}
Wrote 1 TRM rows to C:\projects\Hermes Skills\data\primehub_trm_autoresearch\cycle_05\stage\qwen35_9b_truthfulqa_q0007.trm.jsonl
{"exact_positive": 1, "near_miss": 0, "weak_positive": 0, "negative": 0}
Wrote 1 TRM rows to C:\projects\Hermes Skills\data\primehub_trm_autoresearch\cycle_05\stage\qwen35_9b_unscramble_q0027.trm.jsonl
{"exact_positive": 0, "near_miss": 0, "weak_positive": 0, "negative": 1}
Wrote 1 TRM rows to C:\projects\Hermes Skills\data\primehub_trm_autoresearch\cycle_05\stage\qwen35_9b_uq_project_q0009.trm.jsonl
{"exact_positive": 0, "near_miss": 0, "weak_positive": 0, "negative": 1}
Wrote 1 TRM rows to C:\projects\Hermes Skills\data\primehub_trm_autoresearch\cycle_05\stage\qwen35_9b_uq_q0008.trm.jsonl
{"exact_positive": 0, "near_miss": 0, "weak_positive": 0, "negative": 1}
Wrote 1 TRM rows to C:\projects\Hermes Skills\data\primehub_trm_autoresearch\cycle_05\stage\qwen35_9b_verbatim_copy_q0028.trm.jsonl
{"exact_positive": 0, "near_miss": 0, "weak_positive": 0, "negative": 1}
Wrote 1 TRM rows to C:\projects\Hermes Skills\data\primehub_trm_autoresearch\cycle_05\stage\qwen35_9b_vpct_1_q0010.trm.jsonl
{"exact_positive": 0, "near_miss": 0, "weak_positive": 0, "negative": 1}
Wrote 1 TRM rows to C:\projects\Hermes Skills\data\primehub_trm_autoresearch\cycle_05\stage\qwen35_9b_winogrande_q0011.trm.jsonl
{"exact_positive": 1, "near_miss": 0, "weak_positive": 0, "negative": 0}
Wrote 1 TRM rows to C:\projects\Hermes Skills\data\primehub_trm_autoresearch\cycle_05\stage\qwen35_9b_wmdp_q0012.trm.jsonl
{"exact_positive": 0, "near_miss": 0, "weak_positive": 0, "negative": 1}
Wrote 1 TRM rows to C:\projects\Hermes Skills\data\primehub_trm_autoresearch\cycle_05\stage\qwen35_9b_writing_bench_q0013.trm.jsonl
{"exact_positive": 0, "near_miss": 0, "weak_positive": 0, "negative": 1}
Wrote 1 TRM rows to C:\projects\Hermes Skills\data\primehub_trm_autoresearch\cycle_05\stage\qwen35_27b_agency_bench_q0046.trm.jsonl
{"exact_positive": 0, "near_miss": 0, "weak_positive": 0, "negative": 1}
Wrote 1 TRM rows to C:\projects\Hermes Skills\data\primehub_trm_autoresearch\cycle_05\stage\qwen35_27b_allenai_ifeval_q0047.trm.jsonl
{"exact_positive": 0, "near_miss": 0, "weak_positive": 0, "negative": 1}
Wrote 1 TRM rows to C:\projects\Hermes Skills\data\primehub_trm_autoresearch\cycle_05\stage\qwen35_27b_antislop_q0048.trm.jsonl
{"exact_positive": 1, "near_miss": 0, "weak_positive": 0, "negative": 0}
Wrote 1 TRM rows to C:\projects\Hermes Skills\data\primehub_trm_autoresearch\cycle_05\stage\qwen35_27b_arc_q0049.trm.jsonl
{"exact_positive": 0, "near_miss": 0, "weak_positive": 0, "negative": 1}
Wrote 1 TRM rows to C:\projects\Hermes Skills\data\primehub_trm_autoresearch\cycle_05\stage\qwen35_27b_ascii_tree_q0050.trm.jsonl
{"exact_positive": 0, "near_miss": 0, "weak_positive": 0, "negative": 1}
Wrote 1 TRM rows to C:\projects\Hermes Skills\data\primehub_trm_autoresearch\cycle_05\stage\qwen35_27b_bixbench_q0051.trm.jsonl
{"exact_positive": 0, "near_miss": 0, "weak_positive": 0, "negative": 1}
Wrote 1 TRM rows to C:\projects\Hermes Skills\data\primehub_trm_autoresearch\cycle_05\stage\qwen35_27b_boolq_q0052.trm.jsonl
{"exact_positive": 1, "near_miss": 0, "weak_positive": 0, "negative": 0}
Wrote 1 TRM rows to C:\projects\Hermes Skills\data\primehub_trm_autoresearch\cycle_05\stage\qwen35_27b_coconot_q0053.trm.jsonl
{"exact_positive": 0, "near_miss": 0, "weak_positive": 0, "negative": 1}
Wrote 1 TRM rows to C:\projects\Hermes Skills\data\primehub_trm_autoresearch\cycle_05\stage\qwen35_27b_colf_q0054.trm.jsonl
{"exact_positive": 0, "near_miss": 0, "weak_positive": 0, "negative": 1}
Wrote 1 TRM rows to C:\projects\Hermes Skills\data\primehub_trm_autoresearch\cycle_05\stage\qwen35_9b_agency_bench_q0001.trm.jsonl
{"exact_positive": 0, "near_miss": 0, "weak_positive": 0, "negative": 1}
Wrote 1 TRM rows to C:\projects\Hermes Skills\data\primehub_trm_autoresearch\cycle_05\stage\qwen35_9b_aime2024_q0033.trm.jsonl
{"exact_positive": 0, "near_miss": 0, "weak_positive": 0, "negative": 1}
Wrote 1 TRM rows to C:\projects\Hermes Skills\data\primehub_trm_autoresearch\cycle_05\stage\qwen35_9b_aime2025_q0034.trm.jsonl
{"exact_positive": 0, "near_miss": 0, "weak_positive": 0, "negative": 1}
Wrote 1 TRM rows to C:\projects\Hermes Skills\data\primehub_trm_autoresearch\cycle_05\stage\qwen35_9b_aime2026_q0035.trm.jsonl
{"exact_positive": 0, "near_miss": 0, "weak_positive": 0, "negative": 1}
Wrote 1 TRM rows to C:\projects\Hermes Skills\data\primehub_trm_autoresearch\cycle_05\stage\qwen35_9b_allenai_ifeval_q0002.trm.jsonl
{"exact_positive": 0, "near_miss": 0, "weak_positive": 0, "negative": 1}
Wrote 1 TRM rows to C:\projects\Hermes Skills\data\primehub_trm_autoresearch\cycle_05\stage\qwen35_9b_antislop_q0003.trm.jsonl
{"exact_positive": 1, "near_miss": 0, "weak_positive": 0, "negative": 0}
Wrote 1 TRM rows to C:\projects\Hermes Skills\data\primehub_trm_autoresearch\cycle_05\stage\qwen35_9b_arc_q0004.trm.jsonl
{"exact_positive": 1, "near_miss": 0, "weak_positive": 0, "negative": 0}
Wrote 1 TRM rows to C:\projects\Hermes Skills\data\primehub_trm_autoresearch\cycle_05\stage\qwen35_9b_ascii_tree_q0005.trm.jsonl
{"exact_positive": 0, "near_miss": 0, "weak_positive": 1, "negative": 0}
Wrote 1 TRM rows to C:\projects\Hermes Skills\data\primehub_trm_autoresearch\cycle_05\stage\qwen35_9b_bixbench_q0006.trm.jsonl
{"exact_positive": 0, "near_miss": 0, "weak_positive": 0, "negative": 1}
Wrote 1 TRM rows to C:\projects\Hermes Skills\data\primehub_trm_autoresearch\cycle_05\stage\qwen35_9b_boolq_q0007.trm.jsonl
{"exact_positive": 1, "near_miss": 0, "weak_positive": 0, "negative": 0}
Wrote 1 TRM rows to C:\projects\Hermes Skills\data\primehub_trm_autoresearch\cycle_05\stage\qwen35_9b_clbench_q0036.trm.jsonl
{"exact_positive": 0, "near_miss": 0, "weak_positive": 0, "negative": 1}
Wrote 1 TRM rows to C:\projects\Hermes Skills\data\primehub_trm_autoresearch\cycle_05\stage\qwen35_9b_coconot_q0008.trm.jsonl
{"exact_positive": 0, "near_miss": 0, "weak_positive": 0, "negative": 1}
Wrote 1 TRM rows to C:\projects\Hermes Skills\data\primehub_trm_autoresearch\cycle_05\stage\qwen35_9b_colf_q0009.trm.jsonl
{"exact_positive": 0, "near_miss": 0, "weak_positive": 0, "negative": 1}
Wrote 1 TRM rows to C:\projects\Hermes Skills\data\primehub_trm_autoresearch\cycle_05\stage\qwen35_9b_deep_consult_q0010.trm.jsonl
{"exact_positive": 0, "near_miss": 0, "weak_positive": 0, "negative": 1}
Wrote 1 TRM rows to C:\projects\Hermes Skills\data\primehub_trm_autoresearch\cycle_05\stage\qwen35_9b_gauss_q0011.trm.jsonl
{"exact_positive": 0, "near_miss": 0, "weak_positive": 0, "negative": 1}
Wrote 1 TRM rows to C:\projects\Hermes Skills\data\primehub_trm_autoresearch\cycle_05\stage\qwen35_9b_hellaswag_q0012.trm.jsonl
{"exact_positive": 1, "near_miss": 0, "weak_positive": 0, "negative": 0}
Wrote 1 TRM rows to C:\projects\Hermes Skills\data\primehub_trm_autoresearch\cycle_05\stage\qwen35_9b_if_summarize_judge_q0037.trm.jsonl
{"exact_positive": 0, "near_miss": 0, "weak_positive": 0, "negative": 1}
Wrote 1 TRM rows to C:\projects\Hermes Skills\data\primehub_trm_autoresearch\cycle_05\stage\qwen35_9b_jailbreak_bench_q0013.trm.jsonl
{"exact_positive": 0, "near_miss": 0, "weak_positive": 0, "negative": 1}
Wrote 1 TRM rows to C:\projects\Hermes Skills\data\primehub_trm_autoresearch\cycle_05\stage\qwen35_9b_lisanbench_q0014.trm.jsonl
{"exact_positive": 1, "near_miss": 0, "weak_positive": 0, "negative": 0}
Wrote 1 TRM rows to C:\projects\Hermes Skills\data\primehub_trm_autoresearch\cycle_05\stage\qwen35_9b_llm_writing_detection_q0015.trm.jsonl
{"exact_positive": 0, "near_miss": 0, "weak_positive": 0, "negative": 1}
Wrote 1 TRM rows to C:\projects\Hermes Skills\data\primehub_trm_autoresearch\cycle_05\stage\qwen35_9b_logic_env_q0038.trm.jsonl
{"exact_positive": 0, "near_miss": 0, "weak_positive": 0, "negative": 1}
Wrote 1 TRM rows to C:\projects\Hermes Skills\data\primehub_trm_autoresearch\cycle_05\stage\qwen35_9b_longbench_v2_q0016.trm.jsonl
{"exact_positive": 0, "near_miss": 0, "weak_positive": 0, "negative": 1}
Wrote 1 TRM rows to C:\projects\Hermes Skills\data\primehub_trm_autoresearch\cycle_05\stage\qwen35_9b_math500_q0039.trm.jsonl
{"exact_positive": 0, "near_miss": 0, "weak_positive": 0, "negative": 1}
Wrote 1 TRM rows to C:\projects\Hermes Skills\data\primehub_trm_autoresearch\cycle_05\stage\qwen35_9b_math_env_q0040.trm.jsonl
{"exact_positive": 1, "near_miss": 0, "weak_positive": 0, "negative": 0}
Wrote 1 TRM rows to C:\projects\Hermes Skills\data\primehub_trm_autoresearch\cycle_05\stage\qwen35_9b_medsafetybench_q0017.trm.jsonl
{"exact_positive": 0, "near_miss": 0, "weak_positive": 0, "negative": 1}
Wrote 1 TRM rows to C:\projects\Hermes Skills\data\primehub_trm_autoresearch\cycle_05\stage\qwen35_9b_misguided_attn_q0018.trm.jsonl
{"exact_positive": 0, "near_miss": 0, "weak_positive": 0, "negative": 1}
Wrote 1 TRM rows to C:\projects\Hermes Skills\data\primehub_trm_autoresearch\cycle_05\stage\qwen35_9b_mmlu_pro_q0041.trm.jsonl
{"exact_positive": 0, "near_miss": 0, "weak_positive": 0, "negative": 1}
Wrote 1 TRM rows to C:\projects\Hermes Skills\data\primehub_trm_autoresearch\cycle_05\stage\qwen35_9b_mmlu_q0019.trm.jsonl
{"exact_positive": 0, "near_miss": 0, "weak_positive": 0, "negative": 1}
Wrote 1 TRM rows to C:\projects\Hermes Skills\data\primehub_trm_autoresearch\cycle_05\stage\qwen35_9b_psycho_bench_q0020.trm.jsonl
{"exact_positive": 1, "near_miss": 0, "weak_positive": 0, "negative": 0}
Wrote 1 TRM rows to C:\projects\Hermes Skills\data\primehub_trm_autoresearch\cycle_05\stage\qwen35_9b_pydantic_adherence_q0021.trm.jsonl
{"exact_positive": 0, "near_miss": 0, "weak_positive": 0, "negative": 1}
Wrote 1 TRM rows to C:\projects\Hermes Skills\data\primehub_trm_autoresearch\cycle_05\stage\qwen35_9b_reward_bench_q0022.trm.jsonl
{"exact_positive": 0, "near_miss": 0, "weak_positive": 1, "negative": 0}
Wrote 1 TRM rows to C:\projects\Hermes Skills\data\primehub_trm_autoresearch\cycle_05\stage\qwen35_9b_rust_cargo_q0023.trm.jsonl
{"exact_positive": 0, "near_miss": 0, "weak_positive": 0, "negative": 1}
Wrote 1 TRM rows to C:\projects\Hermes Skills\data\primehub_trm_autoresearch\cycle_05\stage\qwen35_9b_science_env_q0042.trm.jsonl
{"exact_positive": 0, "near_miss": 0, "weak_positive": 0, "negative": 1}
Wrote 1 TRM rows to C:\projects\Hermes Skills\data\primehub_trm_autoresearch\cycle_05\stage\qwen35_9b_simple_bench_q0024.trm.jsonl
{"exact_positive": 1, "near_miss": 0, "weak_positive": 0, "negative": 0}
Wrote 1 TRM rows to C:\projects\Hermes Skills\data\primehub_trm_autoresearch\cycle_05\stage\qwen35_9b_simpleqa_q0043.trm.jsonl
{"exact_positive": 0, "near_miss": 0, "weak_positive": 0, "negative": 1}
Wrote 1 TRM rows to C:\projects\Hermes Skills\data\primehub_trm_autoresearch\cycle_05\stage\qwen35_9b_simpleqa_verified_2_q0025.trm.jsonl
{"exact_positive": 0, "near_miss": 0, "weak_positive": 0, "negative": 1}
Wrote 1 TRM rows to C:\projects\Hermes Skills\data\primehub_trm_autoresearch\cycle_05\stage\qwen35_9b_simpleqa_verified_q0044.trm.jsonl
{"exact_positive": 0, "near_miss": 0, "weak_positive": 0, "negative": 1}
Wrote 1 TRM rows to C:\projects\Hermes Skills\data\primehub_trm_autoresearch\cycle_05\stage\qwen35_9b_truthfulqa_q0026.trm.jsonl
{"exact_positive": 1, "near_miss": 0, "weak_positive": 0, "negative": 0}
Wrote 1 TRM rows to C:\projects\Hermes Skills\data\primehub_trm_autoresearch\cycle_05\stage\qwen35_9b_unscramble_q0045.trm.jsonl
{"exact_positive": 0, "near_miss": 0, "weak_positive": 0, "negative": 1}
Wrote 1 TRM rows to C:\projects\Hermes Skills\data\primehub_trm_autoresearch\cycle_05\stage\qwen35_9b_uq_project_q0028.trm.jsonl
{"exact_positive": 0, "near_miss": 0, "weak_positive": 0, "negative": 1}
Wrote 1 TRM rows to C:\projects\Hermes Skills\data\primehub_trm_autoresearch\cycle_05\stage\qwen35_9b_uq_q0027.trm.jsonl
{"exact_positive": 0, "near_miss": 0, "weak_positive": 0, "negative": 1}
Wrote 1 TRM rows to C:\projects\Hermes Skills\data\primehub_trm_autoresearch\cycle_05\stage\qwen35_9b_vpct_1_q0029.trm.jsonl
{"exact_positive": 0, "near_miss": 0, "weak_positive": 0, "negative": 1}
Wrote 1 TRM rows to C:\projects\Hermes Skills\data\primehub_trm_autoresearch\cycle_05\stage\qwen35_9b_winogrande_q0030.trm.jsonl
{"exact_positive": 1, "near_miss": 0, "weak_positive": 0, "negative": 0}
Wrote 1 TRM rows to C:\projects\Hermes Skills\data\primehub_trm_autoresearch\cycle_05\stage\qwen35_9b_wmdp_q0031.trm.jsonl
{"exact_positive": 0, "near_miss": 0, "weak_positive": 0, "negative": 1}
Wrote 1 TRM rows to C:\projects\Hermes Skills\data\primehub_trm_autoresearch\cycle_05\stage\qwen35_9b_writing_bench_q0032.trm.jsonl
{"exact_positive": 0, "near_miss": 0, "weak_positive": 0, "negative": 1}
Wrote 159 merged TRM rows to C:\projects\Hermes Skills\data\primehub_trm_autoresearch\cycle_05\primehub_trm_merged.jsonl
{"negative": 132, "exact_positive": 23, "weak_positive": 4}
Wrote critic model with 159 examples to C:\projects\Hermes Skills\data\primehub_trm_autoresearch\cycle_05\models\trm_critic.json
{'negative': 132, 'exact_positive': 23, 'weak_positive': 4}
Wrote benchmark summary to C:\projects\Hermes Skills\data\primehub_trm_autoresearch\cycle_05\bench\trm_critic_bench.summary.json
{"eval_rows": 27, "bucket_accuracy": 0.7407, "per_family": {"primehub": {"rows": 27, "bucket_accuracy": 0.7407, "avg_bucket_abs_error": 0.7778, "visible_output_accuracy": 0.5185, "avg_grid_cell_accuracy_abs_error": null}}}
Wrote retriever model with 23 examples to C:\projects\Hermes Skills\data\primehub_trm_autoresearch\cycle_05\models\trm_retriever.json
{"exact_positive": 23}
Wrote benchmark summary to C:\projects\Hermes Skills\data\primehub_trm_autoresearch\cycle_05\bench\trm_retriever_bench.summary.json
{"eval_rows": 27, "exact_match_rate": 0.0741, "per_family": {"primehub": {"rows": 27, "exact_match_rate": 0.0741, "nonempty_prediction_rate": 1.0, "avg_similarity": 0.3497, "avg_grid_cell_accuracy": null}}}
Wrote router benchmark summary to C:\projects\Hermes Skills\data\primehub_trm_autoresearch\cycle_05\bench\trm_router_bench.summary.json
{"eval_rows": 27, "retrieval_only": {"exact_match_rate": 0.0741, "nonempty_prediction_rate": 1.0, "avg_grid_cell_accuracy": null}, "critic_gated": {"exact_match_rate": 0.0, "nonempty_prediction_rate": 0.0741, "route_abstain_rate": 0.9259, "avg_grid_cell_accuracy": null}}
{
  "manifest": "C:\\projects\\Hermes Skills\\data\\primehub_trm_autoresearch\\cycle_05\\primehub_trm_rollup.manifest.json",
  "merged_rows": 159,
  "bucket_counts": {
    "negative": 132,
    "exact_positive": 23,
    "weak_positive": 4
  }
}
{
  "output_json": "C:\\projects\\Hermes Skills\\data\\primehub_trm_autoresearch\\cycle_05\\imprint\\primehub_skill_imprint.json",
  "output_md": "C:\\projects\\Hermes Skills\\data\\primehub_trm_autoresearch\\cycle_05\\imprint\\primehub_skill_imprint.md",
  "rows": 159
}
Wrote 1 TRM rows to C:\projects\Hermes Skills\data\primehub_trm_autoresearch\cycle_06\stage\qwen35_27b_aime2024_q0016.trm.jsonl
{"exact_positive": 0, "near_miss": 0, "weak_positive": 0, "negative": 1}
Wrote 1 TRM rows to C:\projects\Hermes Skills\data\primehub_trm_autoresearch\cycle_06\stage\qwen35_27b_aime2025_q0017.trm.jsonl
{"exact_positive": 0, "near_miss": 0, "weak_positive": 0, "negative": 1}
Wrote 1 TRM rows to C:\projects\Hermes Skills\data\primehub_trm_autoresearch\cycle_06\stage\qwen35_27b_aime2026_q0018.trm.jsonl
{"exact_positive": 0, "near_miss": 0, "weak_positive": 0, "negative": 1}
Wrote 1 TRM rows to C:\projects\Hermes Skills\data\primehub_trm_autoresearch\cycle_06\stage\qwen35_27b_clbench_q0019.trm.jsonl
{"exact_positive": 0, "near_miss": 0, "weak_positive": 0, "negative": 1}
Wrote 1 TRM rows to C:\projects\Hermes Skills\data\primehub_trm_autoresearch\cycle_06\stage\qwen35_27b_if_summarize_judge_q0020.trm.jsonl
{"exact_positive": 0, "near_miss": 0, "weak_positive": 0, "negative": 1}
Wrote 1 TRM rows to C:\projects\Hermes Skills\data\primehub_trm_autoresearch\cycle_06\stage\qwen35_27b_lisanbench_q0013.trm.jsonl
{"exact_positive": 0, "near_miss": 0, "weak_positive": 0, "negative": 1}
Wrote 1 TRM rows to C:\projects\Hermes Skills\data\primehub_trm_autoresearch\cycle_06\stage\qwen35_27b_logic_env_q0021.trm.jsonl
{"exact_positive": 0, "near_miss": 0, "weak_positive": 0, "negative": 1}
Wrote 1 TRM rows to C:\projects\Hermes Skills\data\primehub_trm_autoresearch\cycle_06\stage\qwen35_27b_math500_q0022.trm.jsonl
{"exact_positive": 0, "near_miss": 0, "weak_positive": 0, "negative": 1}
Wrote 1 TRM rows to C:\projects\Hermes Skills\data\primehub_trm_autoresearch\cycle_06\stage\qwen35_27b_math_env_q0023.trm.jsonl
{"exact_positive": 0, "near_miss": 0, "weak_positive": 0, "negative": 1}
Wrote 1 TRM rows to C:\projects\Hermes Skills\data\primehub_trm_autoresearch\cycle_06\stage\qwen35_27b_misguided_attn_q0014.trm.jsonl
{"exact_positive": 0, "near_miss": 0, "weak_positive": 0, "negative": 1}
Wrote 1 TRM rows to C:\projects\Hermes Skills\data\primehub_trm_autoresearch\cycle_06\stage\qwen35_27b_mmlu_pro_q0024.trm.jsonl
{"exact_positive": 0, "near_miss": 0, "weak_positive": 0, "negative": 1}
Wrote 1 TRM rows to C:\projects\Hermes Skills\data\primehub_trm_autoresearch\cycle_06\stage\qwen35_27b_psycho_bench_q0015.trm.jsonl
{"exact_positive": 0, "near_miss": 0, "weak_positive": 0, "negative": 1}
Wrote 1 TRM rows to C:\projects\Hermes Skills\data\primehub_trm_autoresearch\cycle_06\stage\qwen35_9b_aime2024_q0004.trm.jsonl
{"exact_positive": 0, "near_miss": 0, "weak_positive": 0, "negative": 1}
Wrote 1 TRM rows to C:\projects\Hermes Skills\data\primehub_trm_autoresearch\cycle_06\stage\qwen35_9b_aime2025_q0005.trm.jsonl
{"exact_positive": 0, "near_miss": 0, "weak_positive": 0, "negative": 1}
Wrote 1 TRM rows to C:\projects\Hermes Skills\data\primehub_trm_autoresearch\cycle_06\stage\qwen35_9b_aime2026_q0006.trm.jsonl
{"exact_positive": 0, "near_miss": 0, "weak_positive": 0, "negative": 1}
Wrote 1 TRM rows to C:\projects\Hermes Skills\data\primehub_trm_autoresearch\cycle_06\stage\qwen35_9b_clbench_q0007.trm.jsonl
{"exact_positive": 0, "near_miss": 0, "weak_positive": 0, "negative": 1}
Wrote 1 TRM rows to C:\projects\Hermes Skills\data\primehub_trm_autoresearch\cycle_06\stage\qwen35_9b_if_summarize_judge_q0008.trm.jsonl
{"exact_positive": 0, "near_miss": 0, "weak_positive": 0, "negative": 1}
Wrote 1 TRM rows to C:\projects\Hermes Skills\data\primehub_trm_autoresearch\cycle_06\stage\qwen35_9b_lisanbench_q0001.trm.jsonl
{"exact_positive": 1, "near_miss": 0, "weak_positive": 0, "negative": 0}
Wrote 1 TRM rows to C:\projects\Hermes Skills\data\primehub_trm_autoresearch\cycle_06\stage\qwen35_9b_logic_env_q0009.trm.jsonl
{"exact_positive": 0, "near_miss": 0, "weak_positive": 0, "negative": 1}
Wrote 1 TRM rows to C:\projects\Hermes Skills\data\primehub_trm_autoresearch\cycle_06\stage\qwen35_9b_math500_q0010.trm.jsonl
{"exact_positive": 0, "near_miss": 0, "weak_positive": 0, "negative": 1}
Wrote 1 TRM rows to C:\projects\Hermes Skills\data\primehub_trm_autoresearch\cycle_06\stage\qwen35_9b_math_env_q0011.trm.jsonl
{"exact_positive": 1, "near_miss": 0, "weak_positive": 0, "negative": 0}
Wrote 1 TRM rows to C:\projects\Hermes Skills\data\primehub_trm_autoresearch\cycle_06\stage\qwen35_9b_misguided_attn_q0002.trm.jsonl
{"exact_positive": 0, "near_miss": 0, "weak_positive": 0, "negative": 1}
Wrote 1 TRM rows to C:\projects\Hermes Skills\data\primehub_trm_autoresearch\cycle_06\stage\qwen35_9b_mmlu_pro_q0012.trm.jsonl
{"exact_positive": 0, "near_miss": 0, "weak_positive": 0, "negative": 1}
Wrote 1 TRM rows to C:\projects\Hermes Skills\data\primehub_trm_autoresearch\cycle_06\stage\qwen35_9b_psycho_bench_q0003.trm.jsonl
{"exact_positive": 1, "near_miss": 0, "weak_positive": 0, "negative": 0}
Wrote 1 TRM rows to C:\projects\Hermes Skills\data\primehub_trm_autoresearch\cycle_06\stage\qwen35_27b_math_env_q0001.trm.jsonl
{"exact_positive": 0, "near_miss": 0, "weak_positive": 0, "negative": 1}
Wrote 1 TRM rows to C:\projects\Hermes Skills\data\primehub_trm_autoresearch\cycle_06\stage\qwen35_27b_mmlu_pro_q0002.trm.jsonl
{"exact_positive": 0, "near_miss": 0, "weak_positive": 0, "negative": 1}
Wrote 1 TRM rows to C:\projects\Hermes Skills\data\primehub_trm_autoresearch\cycle_06\stage\qwen35_27b_agency_bench_q0029.trm.jsonl
{"exact_positive": 0, "near_miss": 0, "weak_positive": 0, "negative": 1}
Wrote 1 TRM rows to C:\projects\Hermes Skills\data\primehub_trm_autoresearch\cycle_06\stage\qwen35_27b_aime2024_q0009.trm.jsonl
{"exact_positive": 0, "near_miss": 0, "weak_positive": 0, "negative": 1}
Wrote 1 TRM rows to C:\projects\Hermes Skills\data\primehub_trm_autoresearch\cycle_06\stage\qwen35_27b_aime2025_q0010.trm.jsonl
{"exact_positive": 0, "near_miss": 0, "weak_positive": 0, "negative": 1}
Wrote 1 TRM rows to C:\projects\Hermes Skills\data\primehub_trm_autoresearch\cycle_06\stage\qwen35_27b_aime2026_q0011.trm.jsonl
{"exact_positive": 0, "near_miss": 0, "weak_positive": 0, "negative": 1}
Wrote 1 TRM rows to C:\projects\Hermes Skills\data\primehub_trm_autoresearch\cycle_06\stage\qwen35_27b_allenai_ifeval_q0030.trm.jsonl
{"exact_positive": 0, "near_miss": 0, "weak_positive": 0, "negative": 1}
Wrote 1 TRM rows to C:\projects\Hermes Skills\data\primehub_trm_autoresearch\cycle_06\stage\qwen35_27b_antislop_q0031.trm.jsonl
{"exact_positive": 1, "near_miss": 0, "weak_positive": 0, "negative": 0}
Wrote 1 TRM rows to C:\projects\Hermes Skills\data\primehub_trm_autoresearch\cycle_06\stage\qwen35_27b_arc_q0032.trm.jsonl
{"exact_positive": 0, "near_miss": 0, "weak_positive": 0, "negative": 1}
Wrote 1 TRM rows to C:\projects\Hermes Skills\data\primehub_trm_autoresearch\cycle_06\stage\qwen35_27b_ascii_tree_q0033.trm.jsonl
{"exact_positive": 0, "near_miss": 0, "weak_positive": 0, "negative": 1}
Wrote 1 TRM rows to C:\projects\Hermes Skills\data\primehub_trm_autoresearch\cycle_06\stage\qwen35_27b_bixbench_q0034.trm.jsonl
{"exact_positive": 0, "near_miss": 0, "weak_positive": 0, "negative": 1}
Wrote 1 TRM rows to C:\projects\Hermes Skills\data\primehub_trm_autoresearch\cycle_06\stage\qwen35_27b_boolq_q0035.trm.jsonl
{"exact_positive": 0, "near_miss": 0, "weak_positive": 0, "negative": 1}
Wrote 1 TRM rows to C:\projects\Hermes Skills\data\primehub_trm_autoresearch\cycle_06\stage\qwen35_27b_clbench_q0012.trm.jsonl
{"exact_positive": 0, "near_miss": 0, "weak_positive": 0, "negative": 1}
Wrote 1 TRM rows to C:\projects\Hermes Skills\data\primehub_trm_autoresearch\cycle_06\stage\qwen35_27b_coconot_q0036.trm.jsonl
{"exact_positive": 0, "near_miss": 0, "weak_positive": 0, "negative": 1}
Wrote 1 TRM rows to C:\projects\Hermes Skills\data\primehub_trm_autoresearch\cycle_06\stage\qwen35_27b_colf_q0037.trm.jsonl
{"exact_positive": 0, "near_miss": 0, "weak_positive": 0, "negative": 1}
Wrote 1 TRM rows to C:\projects\Hermes Skills\data\primehub_trm_autoresearch\cycle_06\stage\qwen35_27b_deep_consult_q0038.trm.jsonl
{"exact_positive": 0, "near_miss": 0, "weak_positive": 0, "negative": 1}
Wrote 1 TRM rows to C:\projects\Hermes Skills\data\primehub_trm_autoresearch\cycle_06\stage\qwen35_27b_gauss_q0039.trm.jsonl
{"exact_positive": 0, "near_miss": 0, "weak_positive": 0, "negative": 1}
Wrote 1 TRM rows to C:\projects\Hermes Skills\data\primehub_trm_autoresearch\cycle_06\stage\qwen35_27b_hellaswag_q0040.trm.jsonl
{"exact_positive": 0, "near_miss": 0, "weak_positive": 0, "negative": 1}
Wrote 1 TRM rows to C:\projects\Hermes Skills\data\primehub_trm_autoresearch\cycle_06\stage\qwen35_27b_if_summarize_judge_q0013.trm.jsonl
{"exact_positive": 0, "near_miss": 0, "weak_positive": 0, "negative": 1}
Wrote 1 TRM rows to C:\projects\Hermes Skills\data\primehub_trm_autoresearch\cycle_06\stage\qwen35_27b_jailbreak_bench_q0041.trm.jsonl
{"exact_positive": 0, "near_miss": 0, "weak_positive": 0, "negative": 1}
Wrote 1 TRM rows to C:\projects\Hermes Skills\data\primehub_trm_autoresearch\cycle_06\stage\qwen35_27b_lisanbench_q0042.trm.jsonl
{"exact_positive": 0, "near_miss": 0, "weak_positive": 0, "negative": 1}
Wrote 1 TRM rows to C:\projects\Hermes Skills\data\primehub_trm_autoresearch\cycle_06\stage\qwen35_27b_llm_writing_detection_q0043.trm.jsonl
{"exact_positive": 0, "near_miss": 0, "weak_positive": 0, "negative": 1}
Wrote 1 TRM rows to C:\projects\Hermes Skills\data\primehub_trm_autoresearch\cycle_06\stage\qwen35_27b_logic_env_q0014.trm.jsonl
{"exact_positive": 0, "near_miss": 0, "weak_positive": 0, "negative": 1}
Wrote 1 TRM rows to C:\projects\Hermes Skills\data\primehub_trm_autoresearch\cycle_06\stage\qwen35_27b_longbench_v2_q0044.trm.jsonl
{"exact_positive": 0, "near_miss": 0, "weak_positive": 0, "negative": 1}
Wrote 1 TRM rows to C:\projects\Hermes Skills\data\primehub_trm_autoresearch\cycle_06\stage\qwen35_27b_math500_q0015.trm.jsonl
{"exact_positive": 0, "near_miss": 0, "weak_positive": 0, "negative": 1}
Wrote 1 TRM rows to C:\projects\Hermes Skills\data\primehub_trm_autoresearch\cycle_06\stage\qwen35_27b_math_env_q0016.trm.jsonl
{"exact_positive": 0, "near_miss": 0, "weak_positive": 0, "negative": 1}
Wrote 1 TRM rows to C:\projects\Hermes Skills\data\primehub_trm_autoresearch\cycle_06\stage\qwen35_27b_medsafetybench_q0045.trm.jsonl
{"exact_positive": 0, "near_miss": 0, "weak_positive": 0, "negative": 1}
Wrote 1 TRM rows to C:\projects\Hermes Skills\data\primehub_trm_autoresearch\cycle_06\stage\qwen35_27b_misguided_attn_q0046.trm.jsonl
{"exact_positive": 0, "near_miss": 0, "weak_positive": 0, "negative": 1}
Wrote 1 TRM rows to C:\projects\Hermes Skills\data\primehub_trm_autoresearch\cycle_06\stage\qwen35_27b_mmlu_pro_q0017.trm.jsonl
{"exact_positive": 0, "near_miss": 0, "weak_positive": 0, "negative": 1}
Wrote 1 TRM rows to C:\projects\Hermes Skills\data\primehub_trm_autoresearch\cycle_06\stage\qwen35_27b_mmlu_q0047.trm.jsonl
{"exact_positive": 0, "near_miss": 0, "weak_positive": 0, "negative": 1}
Wrote 1 TRM rows to C:\projects\Hermes Skills\data\primehub_trm_autoresearch\cycle_06\stage\qwen35_27b_passthrough_q0018.trm.jsonl
{"exact_positive": 0, "near_miss": 0, "weak_positive": 0, "negative": 1}
Wrote 1 TRM rows to C:\projects\Hermes Skills\data\primehub_trm_autoresearch\cycle_06\stage\qwen35_27b_psycho_bench_q0048.trm.jsonl
{"exact_positive": 0, "near_miss": 0, "weak_positive": 0, "negative": 1}
Wrote 1 TRM rows to C:\projects\Hermes Skills\data\primehub_trm_autoresearch\cycle_06\stage\qwen35_27b_pydantic_adherence_q0049.trm.jsonl
{"exact_positive": 0, "near_miss": 0, "weak_positive": 0, "negative": 1}
Wrote 1 TRM rows to C:\projects\Hermes Skills\data\primehub_trm_autoresearch\cycle_06\stage\qwen35_27b_reward_bench_q0050.trm.jsonl
{"exact_positive": 0, "near_miss": 0, "weak_positive": 1, "negative": 0}
Wrote 1 TRM rows to C:\projects\Hermes Skills\data\primehub_trm_autoresearch\cycle_06\stage\qwen35_27b_rust_cargo_q0051.trm.jsonl
{"exact_positive": 0, "near_miss": 0, "weak_positive": 0, "negative": 1}
Wrote 1 TRM rows to C:\projects\Hermes Skills\data\primehub_trm_autoresearch\cycle_06\stage\qwen35_27b_science_env_q0019.trm.jsonl
{"exact_positive": 0, "near_miss": 0, "weak_positive": 0, "negative": 1}
Wrote 1 TRM rows to C:\projects\Hermes Skills\data\primehub_trm_autoresearch\cycle_06\stage\qwen35_27b_simple_bench_q0052.trm.jsonl
{"exact_positive": 0, "near_miss": 0, "weak_positive": 0, "negative": 1}
Wrote 1 TRM rows to C:\projects\Hermes Skills\data\primehub_trm_autoresearch\cycle_06\stage\qwen35_27b_simpleqa_q0020.trm.jsonl
{"exact_positive": 0, "near_miss": 0, "weak_positive": 0, "negative": 1}
Wrote 1 TRM rows to C:\projects\Hermes Skills\data\primehub_trm_autoresearch\cycle_06\stage\qwen35_27b_simpleqa_verified_2_q0053.trm.jsonl
{"exact_positive": 0, "near_miss": 0, "weak_positive": 0, "negative": 1}
Wrote 1 TRM rows to C:\projects\Hermes Skills\data\primehub_trm_autoresearch\cycle_06\stage\qwen35_27b_simpleqa_verified_q0021.trm.jsonl
{"exact_positive": 0, "near_miss": 0, "weak_positive": 0, "negative": 1}
Wrote 1 TRM rows to C:\projects\Hermes Skills\data\primehub_trm_autoresearch\cycle_06\stage\qwen35_27b_truthfulqa_q0002.trm.jsonl
{"exact_positive": 0, "near_miss": 0, "weak_positive": 0, "negative": 1}
Wrote 1 TRM rows to C:\projects\Hermes Skills\data\primehub_trm_autoresearch\cycle_06\stage\qwen35_27b_truthfulqa_q0054.trm.jsonl
{"exact_positive": 0, "near_miss": 0, "weak_positive": 0, "negative": 1}
Wrote 1 TRM rows to C:\projects\Hermes Skills\data\primehub_trm_autoresearch\cycle_06\stage\qwen35_27b_unscramble_q0022.trm.jsonl
{"exact_positive": 0, "near_miss": 0, "weak_positive": 0, "negative": 1}
Wrote 1 TRM rows to C:\projects\Hermes Skills\data\primehub_trm_autoresearch\cycle_06\stage\qwen35_27b_uq_project_q0004.trm.jsonl
{"exact_positive": 0, "near_miss": 0, "weak_positive": 0, "negative": 1}
Wrote 1 TRM rows to C:\projects\Hermes Skills\data\primehub_trm_autoresearch\cycle_06\stage\qwen35_27b_uq_q0003.trm.jsonl
{"exact_positive": 0, "near_miss": 0, "weak_positive": 0, "negative": 1}
Wrote 1 TRM rows to C:\projects\Hermes Skills\data\primehub_trm_autoresearch\cycle_06\stage\qwen35_27b_verbatim_copy_q0023.trm.jsonl
{"exact_positive": 0, "near_miss": 0, "weak_positive": 0, "negative": 1}
Wrote 1 TRM rows to C:\projects\Hermes Skills\data\primehub_trm_autoresearch\cycle_06\stage\qwen35_27b_vpct_1_q0005.trm.jsonl
{"exact_positive": 0, "near_miss": 0, "weak_positive": 0, "negative": 1}
Wrote 1 TRM rows to C:\projects\Hermes Skills\data\primehub_trm_autoresearch\cycle_06\stage\qwen35_27b_winogrande_q0006.trm.jsonl
{"exact_positive": 1, "near_miss": 0, "weak_positive": 0, "negative": 0}
Wrote 1 TRM rows to C:\projects\Hermes Skills\data\primehub_trm_autoresearch\cycle_06\stage\qwen35_27b_wmdp_q0007.trm.jsonl
{"exact_positive": 0, "near_miss": 0, "weak_positive": 0, "negative": 1}
Wrote 1 TRM rows to C:\projects\Hermes Skills\data\primehub_trm_autoresearch\cycle_06\stage\qwen35_27b_writing_bench_q0008.trm.jsonl
{"exact_positive": 0, "near_miss": 0, "weak_positive": 0, "negative": 1}
Wrote 1 TRM rows to C:\projects\Hermes Skills\data\primehub_trm_autoresearch\cycle_06\stage\qwen35_9b_agency_bench_q0001.trm.jsonl
{"exact_positive": 0, "near_miss": 0, "weak_positive": 0, "negative": 1}
Wrote 1 TRM rows to C:\projects\Hermes Skills\data\primehub_trm_autoresearch\cycle_06\stage\qwen35_9b_aime2024_q0014.trm.jsonl
{"exact_positive": 0, "near_miss": 0, "weak_positive": 0, "negative": 1}
Wrote 1 TRM rows to C:\projects\Hermes Skills\data\primehub_trm_autoresearch\cycle_06\stage\qwen35_9b_aime2025_q0015.trm.jsonl
{"exact_positive": 0, "near_miss": 0, "weak_positive": 0, "negative": 1}
Wrote 1 TRM rows to C:\projects\Hermes Skills\data\primehub_trm_autoresearch\cycle_06\stage\qwen35_9b_aime2026_q0016.trm.jsonl
{"exact_positive": 0, "near_miss": 0, "weak_positive": 0, "negative": 1}
Wrote 1 TRM rows to C:\projects\Hermes Skills\data\primehub_trm_autoresearch\cycle_06\stage\qwen35_9b_allenai_ifeval_q0002.trm.jsonl
{"exact_positive": 0, "near_miss": 0, "weak_positive": 0, "negative": 1}
Wrote 1 TRM rows to C:\projects\Hermes Skills\data\primehub_trm_autoresearch\cycle_06\stage\qwen35_9b_antislop_q0003.trm.jsonl
{"exact_positive": 1, "near_miss": 0, "weak_positive": 0, "negative": 0}
Wrote 1 TRM rows to C:\projects\Hermes Skills\data\primehub_trm_autoresearch\cycle_06\stage\qwen35_9b_arc_q0004.trm.jsonl
{"exact_positive": 1, "near_miss": 0, "weak_positive": 0, "negative": 0}
Wrote 1 TRM rows to C:\projects\Hermes Skills\data\primehub_trm_autoresearch\cycle_06\stage\qwen35_9b_ascii_tree_q0005.trm.jsonl
{"exact_positive": 0, "near_miss": 0, "weak_positive": 1, "negative": 0}
Wrote 1 TRM rows to C:\projects\Hermes Skills\data\primehub_trm_autoresearch\cycle_06\stage\qwen35_9b_bixbench_q0006.trm.jsonl
{"exact_positive": 0, "near_miss": 0, "weak_positive": 0, "negative": 1}
Wrote 1 TRM rows to C:\projects\Hermes Skills\data\primehub_trm_autoresearch\cycle_06\stage\qwen35_9b_boolq_q0007.trm.jsonl
{"exact_positive": 1, "near_miss": 0, "weak_positive": 0, "negative": 0}
Wrote 1 TRM rows to C:\projects\Hermes Skills\data\primehub_trm_autoresearch\cycle_06\stage\qwen35_9b_clbench_q0017.trm.jsonl
{"exact_positive": 0, "near_miss": 0, "weak_positive": 0, "negative": 1}
Wrote 1 TRM rows to C:\projects\Hermes Skills\data\primehub_trm_autoresearch\cycle_06\stage\qwen35_9b_coconot_q0008.trm.jsonl
{"exact_positive": 0, "near_miss": 0, "weak_positive": 0, "negative": 1}
Wrote 1 TRM rows to C:\projects\Hermes Skills\data\primehub_trm_autoresearch\cycle_06\stage\qwen35_9b_colf_q0009.trm.jsonl
{"exact_positive": 0, "near_miss": 0, "weak_positive": 0, "negative": 1}
Wrote 1 TRM rows to C:\projects\Hermes Skills\data\primehub_trm_autoresearch\cycle_06\stage\qwen35_9b_deep_consult_q0010.trm.jsonl
{"exact_positive": 0, "near_miss": 0, "weak_positive": 0, "negative": 1}
Wrote 1 TRM rows to C:\projects\Hermes Skills\data\primehub_trm_autoresearch\cycle_06\stage\qwen35_9b_gauss_q0011.trm.jsonl
{"exact_positive": 0, "near_miss": 0, "weak_positive": 0, "negative": 1}
Wrote 1 TRM rows to C:\projects\Hermes Skills\data\primehub_trm_autoresearch\cycle_06\stage\qwen35_9b_hellaswag_q0012.trm.jsonl
{"exact_positive": 1, "near_miss": 0, "weak_positive": 0, "negative": 0}
Wrote 1 TRM rows to C:\projects\Hermes Skills\data\primehub_trm_autoresearch\cycle_06\stage\qwen35_9b_if_summarize_judge_q0018.trm.jsonl
{"exact_positive": 0, "near_miss": 0, "weak_positive": 0, "negative": 1}
Wrote 1 TRM rows to C:\projects\Hermes Skills\data\primehub_trm_autoresearch\cycle_06\stage\qwen35_9b_jailbreak_bench_q0013.trm.jsonl
{"exact_positive": 0, "near_miss": 0, "weak_positive": 0, "negative": 1}
Wrote 1 TRM rows to C:\projects\Hermes Skills\data\primehub_trm_autoresearch\cycle_06\stage\qwen35_9b_lisanbench_q0014.trm.jsonl
{"exact_positive": 1, "near_miss": 0, "weak_positive": 0, "negative": 0}
Wrote 1 TRM rows to C:\projects\Hermes Skills\data\primehub_trm_autoresearch\cycle_06\stage\qwen35_9b_llm_writing_detection_q0015.trm.jsonl
{"exact_positive": 0, "near_miss": 0, "weak_positive": 0, "negative": 1}
Wrote 1 TRM rows to C:\projects\Hermes Skills\data\primehub_trm_autoresearch\cycle_06\stage\qwen35_9b_logic_env_q0019.trm.jsonl
{"exact_positive": 0, "near_miss": 0, "weak_positive": 0, "negative": 1}
Wrote 1 TRM rows to C:\projects\Hermes Skills\data\primehub_trm_autoresearch\cycle_06\stage\qwen35_9b_longbench_v2_q0016.trm.jsonl
{"exact_positive": 0, "near_miss": 0, "weak_positive": 0, "negative": 1}
Wrote 1 TRM rows to C:\projects\Hermes Skills\data\primehub_trm_autoresearch\cycle_06\stage\qwen35_9b_math500_q0020.trm.jsonl
{"exact_positive": 0, "near_miss": 0, "weak_positive": 0, "negative": 1}
Wrote 1 TRM rows to C:\projects\Hermes Skills\data\primehub_trm_autoresearch\cycle_06\stage\qwen35_9b_math_env_q0021.trm.jsonl
{"exact_positive": 1, "near_miss": 0, "weak_positive": 0, "negative": 0}
Wrote 1 TRM rows to C:\projects\Hermes Skills\data\primehub_trm_autoresearch\cycle_06\stage\qwen35_9b_medsafetybench_q0017.trm.jsonl
{"exact_positive": 0, "near_miss": 0, "weak_positive": 0, "negative": 1}
Wrote 1 TRM rows to C:\projects\Hermes Skills\data\primehub_trm_autoresearch\cycle_06\stage\qwen35_9b_misguided_attn_q0018.trm.jsonl
{"exact_positive": 0, "near_miss": 0, "weak_positive": 0, "negative": 1}
Wrote 1 TRM rows to C:\projects\Hermes Skills\data\primehub_trm_autoresearch\cycle_06\stage\qwen35_9b_mmlu_pro_q0022.trm.jsonl
{"exact_positive": 0, "near_miss": 0, "weak_positive": 0, "negative": 1}
Wrote 1 TRM rows to C:\projects\Hermes Skills\data\primehub_trm_autoresearch\cycle_06\stage\qwen35_9b_mmlu_q0019.trm.jsonl
{"exact_positive": 0, "near_miss": 0, "weak_positive": 0, "negative": 1}
Wrote 1 TRM rows to C:\projects\Hermes Skills\data\primehub_trm_autoresearch\cycle_06\stage\qwen35_9b_passthrough_q0001.trm.jsonl
{"exact_positive": 0, "near_miss": 0, "weak_positive": 0, "negative": 1}
Wrote 1 TRM rows to C:\projects\Hermes Skills\data\primehub_trm_autoresearch\cycle_06\stage\qwen35_9b_passthrough_q0023.trm.jsonl
{"exact_positive": 0, "near_miss": 0, "weak_positive": 0, "negative": 1}
Wrote 2 TRM rows to C:\projects\Hermes Skills\data\primehub_trm_autoresearch\cycle_06\stage\qwen35_9b_psycho_bench_q0001.trm.jsonl
{"exact_positive": 2, "near_miss": 0, "weak_positive": 0, "negative": 0}
Wrote 0 TRM rows to C:\projects\Hermes Skills\data\primehub_trm_autoresearch\cycle_06\stage\qwen35_9b_psycho_bench_q0020.trm.jsonl
{"exact_positive": 0, "near_miss": 0, "weak_positive": 0, "negative": 0}
Wrote 2 TRM rows to C:\projects\Hermes Skills\data\primehub_trm_autoresearch\cycle_06\stage\qwen35_9b_pydantic_adherence_q0002.trm.jsonl
{"exact_positive": 0, "near_miss": 0, "weak_positive": 0, "negative": 2}
Wrote 1 TRM rows to C:\projects\Hermes Skills\data\primehub_trm_autoresearch\cycle_06\stage\qwen35_9b_reward_bench_q0003.trm.jsonl
{"exact_positive": 0, "near_miss": 0, "weak_positive": 1, "negative": 0}
Wrote 1 TRM rows to C:\projects\Hermes Skills\data\primehub_trm_autoresearch\cycle_06\stage\qwen35_9b_rust_cargo_q0004.trm.jsonl
{"exact_positive": 0, "near_miss": 0, "weak_positive": 0, "negative": 1}
Wrote 1 TRM rows to C:\projects\Hermes Skills\data\primehub_trm_autoresearch\cycle_06\stage\qwen35_9b_science_env_q0024.trm.jsonl
{"exact_positive": 0, "near_miss": 0, "weak_positive": 0, "negative": 1}
Wrote 1 TRM rows to C:\projects\Hermes Skills\data\primehub_trm_autoresearch\cycle_06\stage\qwen35_9b_simple_bench_q0005.trm.jsonl
{"exact_positive": 1, "near_miss": 0, "weak_positive": 0, "negative": 0}
Wrote 1 TRM rows to C:\projects\Hermes Skills\data\primehub_trm_autoresearch\cycle_06\stage\qwen35_9b_simpleqa_q0025.trm.jsonl
{"exact_positive": 0, "near_miss": 0, "weak_positive": 0, "negative": 1}
Wrote 1 TRM rows to C:\projects\Hermes Skills\data\primehub_trm_autoresearch\cycle_06\stage\qwen35_9b_simpleqa_verified_2_q0006.trm.jsonl
{"exact_positive": 0, "near_miss": 0, "weak_positive": 0, "negative": 1}
Wrote 1 TRM rows to C:\projects\Hermes Skills\data\primehub_trm_autoresearch\cycle_06\stage\qwen35_9b_simpleqa_verified_q0026.trm.jsonl
{"exact_positive": 0, "near_miss": 0, "weak_positive": 0, "negative": 1}
Wrote 1 TRM rows to C:\projects\Hermes Skills\data\primehub_trm_autoresearch\cycle_06\stage\qwen35_9b_truthfulqa_q0007.trm.jsonl
{"exact_positive": 1, "near_miss": 0, "weak_positive": 0, "negative": 0}
Wrote 1 TRM rows to C:\projects\Hermes Skills\data\primehub_trm_autoresearch\cycle_06\stage\qwen35_9b_unscramble_q0027.trm.jsonl
{"exact_positive": 0, "near_miss": 0, "weak_positive": 0, "negative": 1}
Wrote 1 TRM rows to C:\projects\Hermes Skills\data\primehub_trm_autoresearch\cycle_06\stage\qwen35_9b_uq_project_q0009.trm.jsonl
{"exact_positive": 0, "near_miss": 0, "weak_positive": 0, "negative": 1}
Wrote 1 TRM rows to C:\projects\Hermes Skills\data\primehub_trm_autoresearch\cycle_06\stage\qwen35_9b_uq_q0008.trm.jsonl
{"exact_positive": 0, "near_miss": 0, "weak_positive": 0, "negative": 1}
Wrote 1 TRM rows to C:\projects\Hermes Skills\data\primehub_trm_autoresearch\cycle_06\stage\qwen35_9b_verbatim_copy_q0028.trm.jsonl
{"exact_positive": 0, "near_miss": 0, "weak_positive": 0, "negative": 1}
Wrote 1 TRM rows to C:\projects\Hermes Skills\data\primehub_trm_autoresearch\cycle_06\stage\qwen35_9b_vpct_1_q0010.trm.jsonl
{"exact_positive": 0, "near_miss": 0, "weak_positive": 0, "negative": 1}
Wrote 1 TRM rows to C:\projects\Hermes Skills\data\primehub_trm_autoresearch\cycle_06\stage\qwen35_9b_winogrande_q0011.trm.jsonl
{"exact_positive": 1, "near_miss": 0, "weak_positive": 0, "negative": 0}
Wrote 1 TRM rows to C:\projects\Hermes Skills\data\primehub_trm_autoresearch\cycle_06\stage\qwen35_9b_wmdp_q0012.trm.jsonl
{"exact_positive": 0, "near_miss": 0, "weak_positive": 0, "negative": 1}
Wrote 1 TRM rows to C:\projects\Hermes Skills\data\primehub_trm_autoresearch\cycle_06\stage\qwen35_9b_writing_bench_q0013.trm.jsonl
{"exact_positive": 0, "near_miss": 0, "weak_positive": 0, "negative": 1}
Wrote 1 TRM rows to C:\projects\Hermes Skills\data\primehub_trm_autoresearch\cycle_06\stage\qwen35_27b_agency_bench_q0046.trm.jsonl
{"exact_positive": 0, "near_miss": 0, "weak_positive": 0, "negative": 1}
Wrote 1 TRM rows to C:\projects\Hermes Skills\data\primehub_trm_autoresearch\cycle_06\stage\qwen35_27b_allenai_ifeval_q0047.trm.jsonl
{"exact_positive": 0, "near_miss": 0, "weak_positive": 0, "negative": 1}
Wrote 1 TRM rows to C:\projects\Hermes Skills\data\primehub_trm_autoresearch\cycle_06\stage\qwen35_27b_antislop_q0048.trm.jsonl
{"exact_positive": 1, "near_miss": 0, "weak_positive": 0, "negative": 0}
Wrote 1 TRM rows to C:\projects\Hermes Skills\data\primehub_trm_autoresearch\cycle_06\stage\qwen35_27b_arc_q0049.trm.jsonl
{"exact_positive": 0, "near_miss": 0, "weak_positive": 0, "negative": 1}
Wrote 1 TRM rows to C:\projects\Hermes Skills\data\primehub_trm_autoresearch\cycle_06\stage\qwen35_27b_ascii_tree_q0050.trm.jsonl
{"exact_positive": 0, "near_miss": 0, "weak_positive": 0, "negative": 1}
Wrote 1 TRM rows to C:\projects\Hermes Skills\data\primehub_trm_autoresearch\cycle_06\stage\qwen35_27b_bixbench_q0051.trm.jsonl
{"exact_positive": 0, "near_miss": 0, "weak_positive": 0, "negative": 1}
Wrote 1 TRM rows to C:\projects\Hermes Skills\data\primehub_trm_autoresearch\cycle_06\stage\qwen35_27b_boolq_q0052.trm.jsonl
{"exact_positive": 1, "near_miss": 0, "weak_positive": 0, "negative": 0}
Wrote 1 TRM rows to C:\projects\Hermes Skills\data\primehub_trm_autoresearch\cycle_06\stage\qwen35_27b_coconot_q0053.trm.jsonl
{"exact_positive": 0, "near_miss": 0, "weak_positive": 0, "negative": 1}
Wrote 1 TRM rows to C:\projects\Hermes Skills\data\primehub_trm_autoresearch\cycle_06\stage\qwen35_27b_colf_q0054.trm.jsonl
{"exact_positive": 0, "near_miss": 0, "weak_positive": 0, "negative": 1}
Wrote 1 TRM rows to C:\projects\Hermes Skills\data\primehub_trm_autoresearch\cycle_06\stage\qwen35_27b_deep_consult_q0055.trm.jsonl
{"exact_positive": 0, "near_miss": 0, "weak_positive": 0, "negative": 1}
Wrote 1 TRM rows to C:\projects\Hermes Skills\data\primehub_trm_autoresearch\cycle_06\stage\qwen35_27b_gauss_q0056.trm.jsonl
{"exact_positive": 0, "near_miss": 0, "weak_positive": 0, "negative": 1}
Wrote 1 TRM rows to C:\projects\Hermes Skills\data\primehub_trm_autoresearch\cycle_06\stage\qwen35_27b_hellaswag_q0057.trm.jsonl
{"exact_positive": 0, "near_miss": 0, "weak_positive": 0, "negative": 1}
Wrote 1 TRM rows to C:\projects\Hermes Skills\data\primehub_trm_autoresearch\cycle_06\stage\qwen35_27b_jailbreak_bench_q0058.trm.jsonl
{"exact_positive": 0, "near_miss": 0, "weak_positive": 0, "negative": 1}
Wrote 0 TRM rows to C:\projects\Hermes Skills\data\primehub_trm_autoresearch\cycle_06\stage\qwen35_27b_lisanbench_q0059.trm.jsonl
{"exact_positive": 0, "near_miss": 0, "weak_positive": 0, "negative": 0}
Wrote 1 TRM rows to C:\projects\Hermes Skills\data\primehub_trm_autoresearch\cycle_06\stage\qwen35_9b_agency_bench_q0001.trm.jsonl
{"exact_positive": 0, "near_miss": 0, "weak_positive": 0, "negative": 1}
Wrote 1 TRM rows to C:\projects\Hermes Skills\data\primehub_trm_autoresearch\cycle_06\stage\qwen35_9b_aime2024_q0033.trm.jsonl
{"exact_positive": 0, "near_miss": 0, "weak_positive": 0, "negative": 1}
Wrote 1 TRM rows to C:\projects\Hermes Skills\data\primehub_trm_autoresearch\cycle_06\stage\qwen35_9b_aime2025_q0034.trm.jsonl
{"exact_positive": 0, "near_miss": 0, "weak_positive": 0, "negative": 1}
Wrote 1 TRM rows to C:\projects\Hermes Skills\data\primehub_trm_autoresearch\cycle_06\stage\qwen35_9b_aime2026_q0035.trm.jsonl
{"exact_positive": 0, "near_miss": 0, "weak_positive": 0, "negative": 1}
Wrote 1 TRM rows to C:\projects\Hermes Skills\data\primehub_trm_autoresearch\cycle_06\stage\qwen35_9b_allenai_ifeval_q0002.trm.jsonl
{"exact_positive": 0, "near_miss": 0, "weak_positive": 0, "negative": 1}
Wrote 1 TRM rows to C:\projects\Hermes Skills\data\primehub_trm_autoresearch\cycle_06\stage\qwen35_9b_antislop_q0003.trm.jsonl
{"exact_positive": 1, "near_miss": 0, "weak_positive": 0, "negative": 0}
Wrote 1 TRM rows to C:\projects\Hermes Skills\data\primehub_trm_autoresearch\cycle_06\stage\qwen35_9b_arc_q0004.trm.jsonl
{"exact_positive": 1, "near_miss": 0, "weak_positive": 0, "negative": 0}
Wrote 1 TRM rows to C:\projects\Hermes Skills\data\primehub_trm_autoresearch\cycle_06\stage\qwen35_9b_ascii_tree_q0005.trm.jsonl
{"exact_positive": 0, "near_miss": 0, "weak_positive": 1, "negative": 0}
Wrote 1 TRM rows to C:\projects\Hermes Skills\data\primehub_trm_autoresearch\cycle_06\stage\qwen35_9b_bixbench_q0006.trm.jsonl
{"exact_positive": 0, "near_miss": 0, "weak_positive": 0, "negative": 1}
Wrote 1 TRM rows to C:\projects\Hermes Skills\data\primehub_trm_autoresearch\cycle_06\stage\qwen35_9b_boolq_q0007.trm.jsonl
{"exact_positive": 1, "near_miss": 0, "weak_positive": 0, "negative": 0}
Wrote 1 TRM rows to C:\projects\Hermes Skills\data\primehub_trm_autoresearch\cycle_06\stage\qwen35_9b_clbench_q0036.trm.jsonl
{"exact_positive": 0, "near_miss": 0, "weak_positive": 0, "negative": 1}
Wrote 1 TRM rows to C:\projects\Hermes Skills\data\primehub_trm_autoresearch\cycle_06\stage\qwen35_9b_coconot_q0008.trm.jsonl
{"exact_positive": 0, "near_miss": 0, "weak_positive": 0, "negative": 1}
Wrote 1 TRM rows to C:\projects\Hermes Skills\data\primehub_trm_autoresearch\cycle_06\stage\qwen35_9b_colf_q0009.trm.jsonl
{"exact_positive": 0, "near_miss": 0, "weak_positive": 0, "negative": 1}
Wrote 1 TRM rows to C:\projects\Hermes Skills\data\primehub_trm_autoresearch\cycle_06\stage\qwen35_9b_deep_consult_q0010.trm.jsonl
{"exact_positive": 0, "near_miss": 0, "weak_positive": 0, "negative": 1}
Wrote 1 TRM rows to C:\projects\Hermes Skills\data\primehub_trm_autoresearch\cycle_06\stage\qwen35_9b_gauss_q0011.trm.jsonl
{"exact_positive": 0, "near_miss": 0, "weak_positive": 0, "negative": 1}
Wrote 1 TRM rows to C:\projects\Hermes Skills\data\primehub_trm_autoresearch\cycle_06\stage\qwen35_9b_hellaswag_q0012.trm.jsonl
{"exact_positive": 1, "near_miss": 0, "weak_positive": 0, "negative": 0}
Wrote 1 TRM rows to C:\projects\Hermes Skills\data\primehub_trm_autoresearch\cycle_06\stage\qwen35_9b_if_summarize_judge_q0037.trm.jsonl
{"exact_positive": 0, "near_miss": 0, "weak_positive": 0, "negative": 1}
Wrote 1 TRM rows to C:\projects\Hermes Skills\data\primehub_trm_autoresearch\cycle_06\stage\qwen35_9b_jailbreak_bench_q0013.trm.jsonl
{"exact_positive": 0, "near_miss": 0, "weak_positive": 0, "negative": 1}
Wrote 1 TRM rows to C:\projects\Hermes Skills\data\primehub_trm_autoresearch\cycle_06\stage\qwen35_9b_lisanbench_q0014.trm.jsonl
{"exact_positive": 1, "near_miss": 0, "weak_positive": 0, "negative": 0}
Wrote 1 TRM rows to C:\projects\Hermes Skills\data\primehub_trm_autoresearch\cycle_06\stage\qwen35_9b_llm_writing_detection_q0015.trm.jsonl
{"exact_positive": 0, "near_miss": 0, "weak_positive": 0, "negative": 1}
Wrote 1 TRM rows to C:\projects\Hermes Skills\data\primehub_trm_autoresearch\cycle_06\stage\qwen35_9b_logic_env_q0038.trm.jsonl
{"exact_positive": 0, "near_miss": 0, "weak_positive": 0, "negative": 1}
Wrote 1 TRM rows to C:\projects\Hermes Skills\data\primehub_trm_autoresearch\cycle_06\stage\qwen35_9b_longbench_v2_q0016.trm.jsonl
{"exact_positive": 0, "near_miss": 0, "weak_positive": 0, "negative": 1}
Wrote 1 TRM rows to C:\projects\Hermes Skills\data\primehub_trm_autoresearch\cycle_06\stage\qwen35_9b_math500_q0039.trm.jsonl
{"exact_positive": 0, "near_miss": 0, "weak_positive": 0, "negative": 1}
Wrote 1 TRM rows to C:\projects\Hermes Skills\data\primehub_trm_autoresearch\cycle_06\stage\qwen35_9b_math_env_q0040.trm.jsonl
{"exact_positive": 1, "near_miss": 0, "weak_positive": 0, "negative": 0}
Wrote 1 TRM rows to C:\projects\Hermes Skills\data\primehub_trm_autoresearch\cycle_06\stage\qwen35_9b_medsafetybench_q0017.trm.jsonl
{"exact_positive": 0, "near_miss": 0, "weak_positive": 0, "negative": 1}
Wrote 1 TRM rows to C:\projects\Hermes Skills\data\primehub_trm_autoresearch\cycle_06\stage\qwen35_9b_misguided_attn_q0018.trm.jsonl
{"exact_positive": 0, "near_miss": 0, "weak_positive": 0, "negative": 1}
Wrote 1 TRM rows to C:\projects\Hermes Skills\data\primehub_trm_autoresearch\cycle_06\stage\qwen35_9b_mmlu_pro_q0041.trm.jsonl
{"exact_positive": 0, "near_miss": 0, "weak_positive": 0, "negative": 1}
Wrote 1 TRM rows to C:\projects\Hermes Skills\data\primehub_trm_autoresearch\cycle_06\stage\qwen35_9b_mmlu_q0019.trm.jsonl
{"exact_positive": 0, "near_miss": 0, "weak_positive": 0, "negative": 1}
Wrote 1 TRM rows to C:\projects\Hermes Skills\data\primehub_trm_autoresearch\cycle_06\stage\qwen35_9b_psycho_bench_q0020.trm.jsonl
{"exact_positive": 1, "near_miss": 0, "weak_positive": 0, "negative": 0}
Wrote 1 TRM rows to C:\projects\Hermes Skills\data\primehub_trm_autoresearch\cycle_06\stage\qwen35_9b_pydantic_adherence_q0021.trm.jsonl
{"exact_positive": 0, "near_miss": 0, "weak_positive": 0, "negative": 1}
Wrote 1 TRM rows to C:\projects\Hermes Skills\data\primehub_trm_autoresearch\cycle_06\stage\qwen35_9b_reward_bench_q0022.trm.jsonl
{"exact_positive": 0, "near_miss": 0, "weak_positive": 1, "negative": 0}
Wrote 1 TRM rows to C:\projects\Hermes Skills\data\primehub_trm_autoresearch\cycle_06\stage\qwen35_9b_rust_cargo_q0023.trm.jsonl
{"exact_positive": 0, "near_miss": 0, "weak_positive": 0, "negative": 1}
Wrote 1 TRM rows to C:\projects\Hermes Skills\data\primehub_trm_autoresearch\cycle_06\stage\qwen35_9b_science_env_q0042.trm.jsonl
{"exact_positive": 0, "near_miss": 0, "weak_positive": 0, "negative": 1}
Wrote 1 TRM rows to C:\projects\Hermes Skills\data\primehub_trm_autoresearch\cycle_06\stage\qwen35_9b_simple_bench_q0024.trm.jsonl
{"exact_positive": 1, "near_miss": 0, "weak_positive": 0, "negative": 0}
Wrote 1 TRM rows to C:\projects\Hermes Skills\data\primehub_trm_autoresearch\cycle_06\stage\qwen35_9b_simpleqa_q0043.trm.jsonl
{"exact_positive": 0, "near_miss": 0, "weak_positive": 0, "negative": 1}
Wrote 1 TRM rows to C:\projects\Hermes Skills\data\primehub_trm_autoresearch\cycle_06\stage\qwen35_9b_simpleqa_verified_2_q0025.trm.jsonl
{"exact_positive": 0, "near_miss": 0, "weak_positive": 0, "negative": 1}
Wrote 1 TRM rows to C:\projects\Hermes Skills\data\primehub_trm_autoresearch\cycle_06\stage\qwen35_9b_simpleqa_verified_q0044.trm.jsonl
{"exact_positive": 0, "near_miss": 0, "weak_positive": 0, "negative": 1}
Wrote 1 TRM rows to C:\projects\Hermes Skills\data\primehub_trm_autoresearch\cycle_06\stage\qwen35_9b_truthfulqa_q0026.trm.jsonl
{"exact_positive": 1, "near_miss": 0, "weak_positive": 0, "negative": 0}
Wrote 1 TRM rows to C:\projects\Hermes Skills\data\primehub_trm_autoresearch\cycle_06\stage\qwen35_9b_unscramble_q0045.trm.jsonl
{"exact_positive": 0, "near_miss": 0, "weak_positive": 0, "negative": 1}
Wrote 1 TRM rows to C:\projects\Hermes Skills\data\primehub_trm_autoresearch\cycle_06\stage\qwen35_9b_uq_project_q0028.trm.jsonl
{"exact_positive": 0, "near_miss": 0, "weak_positive": 0, "negative": 1}
Wrote 1 TRM rows to C:\projects\Hermes Skills\data\primehub_trm_autoresearch\cycle_06\stage\qwen35_9b_uq_q0027.trm.jsonl
{"exact_positive": 0, "near_miss": 0, "weak_positive": 0, "negative": 1}
Wrote 1 TRM rows to C:\projects\Hermes Skills\data\primehub_trm_autoresearch\cycle_06\stage\qwen35_9b_vpct_1_q0029.trm.jsonl
{"exact_positive": 0, "near_miss": 0, "weak_positive": 0, "negative": 1}
Wrote 1 TRM rows to C:\projects\Hermes Skills\data\primehub_trm_autoresearch\cycle_06\stage\qwen35_9b_winogrande_q0030.trm.jsonl
{"exact_positive": 1, "near_miss": 0, "weak_positive": 0, "negative": 0}
Wrote 1 TRM rows to C:\projects\Hermes Skills\data\primehub_trm_autoresearch\cycle_06\stage\qwen35_9b_wmdp_q0031.trm.jsonl
{"exact_positive": 0, "near_miss": 0, "weak_positive": 0, "negative": 1}
Wrote 1 TRM rows to C:\projects\Hermes Skills\data\primehub_trm_autoresearch\cycle_06\stage\qwen35_9b_writing_bench_q0032.trm.jsonl
{"exact_positive": 0, "near_miss": 0, "weak_positive": 0, "negative": 1}
Wrote 163 merged TRM rows to C:\projects\Hermes Skills\data\primehub_trm_autoresearch\cycle_06\primehub_trm_merged.jsonl
{"negative": 136, "exact_positive": 23, "weak_positive": 4}
Wrote critic model with 163 examples to C:\projects\Hermes Skills\data\primehub_trm_autoresearch\cycle_06\models\trm_critic.json
{'negative': 136, 'exact_positive': 23, 'weak_positive': 4}
Wrote benchmark summary to C:\projects\Hermes Skills\data\primehub_trm_autoresearch\cycle_06\bench\trm_critic_bench.summary.json
{"eval_rows": 28, "bucket_accuracy": 0.75, "per_family": {"primehub": {"rows": 28, "bucket_accuracy": 0.75, "avg_bucket_abs_error": 0.75, "visible_output_accuracy": 0.5, "avg_grid_cell_accuracy_abs_error": null}}}
Wrote retriever model with 23 examples to C:\projects\Hermes Skills\data\primehub_trm_autoresearch\cycle_06\models\trm_retriever.json
{"exact_positive": 23}
Wrote benchmark summary to C:\projects\Hermes Skills\data\primehub_trm_autoresearch\cycle_06\bench\trm_retriever_bench.summary.json
{"eval_rows": 28, "exact_match_rate": 0.0714, "per_family": {"primehub": {"rows": 28, "exact_match_rate": 0.0714, "nonempty_prediction_rate": 1.0, "avg_similarity": 0.3467, "avg_grid_cell_accuracy": null}}}
Wrote router benchmark summary to C:\projects\Hermes Skills\data\primehub_trm_autoresearch\cycle_06\bench\trm_router_bench.summary.json
{"eval_rows": 28, "retrieval_only": {"exact_match_rate": 0.0714, "nonempty_prediction_rate": 1.0, "avg_grid_cell_accuracy": null}, "critic_gated": {"exact_match_rate": 0.0, "nonempty_prediction_rate": 0.0714, "route_abstain_rate": 0.9286, "avg_grid_cell_accuracy": null}}
{
  "manifest": "C:\\projects\\Hermes Skills\\data\\primehub_trm_autoresearch\\cycle_06\\primehub_trm_rollup.manifest.json",
  "merged_rows": 163,
  "bucket_counts": {
    "negative": 136,
    "exact_positive": 23,
    "weak_positive": 4
  }
}
{
  "output_json": "C:\\projects\\Hermes Skills\\data\\primehub_trm_autoresearch\\cycle_06\\imprint\\primehub_skill_imprint.json",
  "output_md": "C:\\projects\\Hermes Skills\\data\\primehub_trm_autoresearch\\cycle_06\\imprint\\primehub_skill_imprint.md",
  "rows": 163
}
Wrote 1 TRM rows to C:\projects\Hermes Skills\data\primehub_trm_autoresearch\cycle_07\stage\qwen35_27b_aime2024_q0016.trm.jsonl
{"exact_positive": 0, "near_miss": 0, "weak_positive": 0, "negative": 1}
Wrote 1 TRM rows to C:\projects\Hermes Skills\data\primehub_trm_autoresearch\cycle_07\stage\qwen35_27b_aime2025_q0017.trm.jsonl
{"exact_positive": 0, "near_miss": 0, "weak_positive": 0, "negative": 1}
Wrote 1 TRM rows to C:\projects\Hermes Skills\data\primehub_trm_autoresearch\cycle_07\stage\qwen35_27b_aime2026_q0018.trm.jsonl
{"exact_positive": 0, "near_miss": 0, "weak_positive": 0, "negative": 1}
Wrote 1 TRM rows to C:\projects\Hermes Skills\data\primehub_trm_autoresearch\cycle_07\stage\qwen35_27b_clbench_q0019.trm.jsonl
{"exact_positive": 0, "near_miss": 0, "weak_positive": 0, "negative": 1}
Wrote 1 TRM rows to C:\projects\Hermes Skills\data\primehub_trm_autoresearch\cycle_07\stage\qwen35_27b_if_summarize_judge_q0020.trm.jsonl
{"exact_positive": 0, "near_miss": 0, "weak_positive": 0, "negative": 1}
Wrote 1 TRM rows to C:\projects\Hermes Skills\data\primehub_trm_autoresearch\cycle_07\stage\qwen35_27b_lisanbench_q0013.trm.jsonl
{"exact_positive": 0, "near_miss": 0, "weak_positive": 0, "negative": 1}
Wrote 1 TRM rows to C:\projects\Hermes Skills\data\primehub_trm_autoresearch\cycle_07\stage\qwen35_27b_logic_env_q0021.trm.jsonl
{"exact_positive": 0, "near_miss": 0, "weak_positive": 0, "negative": 1}
Wrote 1 TRM rows to C:\projects\Hermes Skills\data\primehub_trm_autoresearch\cycle_07\stage\qwen35_27b_math500_q0022.trm.jsonl
{"exact_positive": 0, "near_miss": 0, "weak_positive": 0, "negative": 1}
Wrote 1 TRM rows to C:\projects\Hermes Skills\data\primehub_trm_autoresearch\cycle_07\stage\qwen35_27b_math_env_q0023.trm.jsonl
{"exact_positive": 0, "near_miss": 0, "weak_positive": 0, "negative": 1}
Wrote 1 TRM rows to C:\projects\Hermes Skills\data\primehub_trm_autoresearch\cycle_07\stage\qwen35_27b_misguided_attn_q0014.trm.jsonl
{"exact_positive": 0, "near_miss": 0, "weak_positive": 0, "negative": 1}
Wrote 1 TRM rows to C:\projects\Hermes Skills\data\primehub_trm_autoresearch\cycle_07\stage\qwen35_27b_mmlu_pro_q0024.trm.jsonl
{"exact_positive": 0, "near_miss": 0, "weak_positive": 0, "negative": 1}
Wrote 1 TRM rows to C:\projects\Hermes Skills\data\primehub_trm_autoresearch\cycle_07\stage\qwen35_27b_psycho_bench_q0015.trm.jsonl
{"exact_positive": 0, "near_miss": 0, "weak_positive": 0, "negative": 1}
Wrote 1 TRM rows to C:\projects\Hermes Skills\data\primehub_trm_autoresearch\cycle_07\stage\qwen35_9b_aime2024_q0004.trm.jsonl
{"exact_positive": 0, "near_miss": 0, "weak_positive": 0, "negative": 1}
Wrote 1 TRM rows to C:\projects\Hermes Skills\data\primehub_trm_autoresearch\cycle_07\stage\qwen35_9b_aime2025_q0005.trm.jsonl
{"exact_positive": 0, "near_miss": 0, "weak_positive": 0, "negative": 1}
Wrote 1 TRM rows to C:\projects\Hermes Skills\data\primehub_trm_autoresearch\cycle_07\stage\qwen35_9b_aime2026_q0006.trm.jsonl
{"exact_positive": 0, "near_miss": 0, "weak_positive": 0, "negative": 1}
Wrote 1 TRM rows to C:\projects\Hermes Skills\data\primehub_trm_autoresearch\cycle_07\stage\qwen35_9b_clbench_q0007.trm.jsonl
{"exact_positive": 0, "near_miss": 0, "weak_positive": 0, "negative": 1}
Wrote 1 TRM rows to C:\projects\Hermes Skills\data\primehub_trm_autoresearch\cycle_07\stage\qwen35_9b_if_summarize_judge_q0008.trm.jsonl
{"exact_positive": 0, "near_miss": 0, "weak_positive": 0, "negative": 1}
Wrote 1 TRM rows to C:\projects\Hermes Skills\data\primehub_trm_autoresearch\cycle_07\stage\qwen35_9b_lisanbench_q0001.trm.jsonl
{"exact_positive": 1, "near_miss": 0, "weak_positive": 0, "negative": 0}
Wrote 1 TRM rows to C:\projects\Hermes Skills\data\primehub_trm_autoresearch\cycle_07\stage\qwen35_9b_logic_env_q0009.trm.jsonl
{"exact_positive": 0, "near_miss": 0, "weak_positive": 0, "negative": 1}
Wrote 1 TRM rows to C:\projects\Hermes Skills\data\primehub_trm_autoresearch\cycle_07\stage\qwen35_9b_math500_q0010.trm.jsonl
{"exact_positive": 0, "near_miss": 0, "weak_positive": 0, "negative": 1}
Wrote 1 TRM rows to C:\projects\Hermes Skills\data\primehub_trm_autoresearch\cycle_07\stage\qwen35_9b_math_env_q0011.trm.jsonl
{"exact_positive": 1, "near_miss": 0, "weak_positive": 0, "negative": 0}
Wrote 1 TRM rows to C:\projects\Hermes Skills\data\primehub_trm_autoresearch\cycle_07\stage\qwen35_9b_misguided_attn_q0002.trm.jsonl
{"exact_positive": 0, "near_miss": 0, "weak_positive": 0, "negative": 1}
Wrote 1 TRM rows to C:\projects\Hermes Skills\data\primehub_trm_autoresearch\cycle_07\stage\qwen35_9b_mmlu_pro_q0012.trm.jsonl
{"exact_positive": 0, "near_miss": 0, "weak_positive": 0, "negative": 1}
Wrote 1 TRM rows to C:\projects\Hermes Skills\data\primehub_trm_autoresearch\cycle_07\stage\qwen35_9b_psycho_bench_q0003.trm.jsonl
{"exact_positive": 1, "near_miss": 0, "weak_positive": 0, "negative": 0}
Wrote 1 TRM rows to C:\projects\Hermes Skills\data\primehub_trm_autoresearch\cycle_07\stage\qwen35_27b_math_env_q0001.trm.jsonl
{"exact_positive": 0, "near_miss": 0, "weak_positive": 0, "negative": 1}
Wrote 1 TRM rows to C:\projects\Hermes Skills\data\primehub_trm_autoresearch\cycle_07\stage\qwen35_27b_mmlu_pro_q0002.trm.jsonl
{"exact_positive": 0, "near_miss": 0, "weak_positive": 0, "negative": 1}
Wrote 1 TRM rows to C:\projects\Hermes Skills\data\primehub_trm_autoresearch\cycle_07\stage\qwen35_27b_agency_bench_q0029.trm.jsonl
{"exact_positive": 0, "near_miss": 0, "weak_positive": 0, "negative": 1}
Wrote 1 TRM rows to C:\projects\Hermes Skills\data\primehub_trm_autoresearch\cycle_07\stage\qwen35_27b_aime2024_q0009.trm.jsonl
{"exact_positive": 0, "near_miss": 0, "weak_positive": 0, "negative": 1}
Wrote 1 TRM rows to C:\projects\Hermes Skills\data\primehub_trm_autoresearch\cycle_07\stage\qwen35_27b_aime2025_q0010.trm.jsonl
{"exact_positive": 0, "near_miss": 0, "weak_positive": 0, "negative": 1}
Wrote 1 TRM rows to C:\projects\Hermes Skills\data\primehub_trm_autoresearch\cycle_07\stage\qwen35_27b_aime2026_q0011.trm.jsonl
{"exact_positive": 0, "near_miss": 0, "weak_positive": 0, "negative": 1}
Wrote 1 TRM rows to C:\projects\Hermes Skills\data\primehub_trm_autoresearch\cycle_07\stage\qwen35_27b_allenai_ifeval_q0030.trm.jsonl
{"exact_positive": 0, "near_miss": 0, "weak_positive": 0, "negative": 1}
Wrote 1 TRM rows to C:\projects\Hermes Skills\data\primehub_trm_autoresearch\cycle_07\stage\qwen35_27b_antislop_q0031.trm.jsonl
{"exact_positive": 1, "near_miss": 0, "weak_positive": 0, "negative": 0}
Wrote 1 TRM rows to C:\projects\Hermes Skills\data\primehub_trm_autoresearch\cycle_07\stage\qwen35_27b_arc_q0032.trm.jsonl
{"exact_positive": 0, "near_miss": 0, "weak_positive": 0, "negative": 1}
Wrote 1 TRM rows to C:\projects\Hermes Skills\data\primehub_trm_autoresearch\cycle_07\stage\qwen35_27b_ascii_tree_q0033.trm.jsonl
{"exact_positive": 0, "near_miss": 0, "weak_positive": 0, "negative": 1}
Wrote 1 TRM rows to C:\projects\Hermes Skills\data\primehub_trm_autoresearch\cycle_07\stage\qwen35_27b_bixbench_q0034.trm.jsonl
{"exact_positive": 0, "near_miss": 0, "weak_positive": 0, "negative": 1}
Wrote 1 TRM rows to C:\projects\Hermes Skills\data\primehub_trm_autoresearch\cycle_07\stage\qwen35_27b_boolq_q0035.trm.jsonl
{"exact_positive": 0, "near_miss": 0, "weak_positive": 0, "negative": 1}
Wrote 1 TRM rows to C:\projects\Hermes Skills\data\primehub_trm_autoresearch\cycle_07\stage\qwen35_27b_clbench_q0012.trm.jsonl
{"exact_positive": 0, "near_miss": 0, "weak_positive": 0, "negative": 1}
Wrote 1 TRM rows to C:\projects\Hermes Skills\data\primehub_trm_autoresearch\cycle_07\stage\qwen35_27b_coconot_q0036.trm.jsonl
{"exact_positive": 0, "near_miss": 0, "weak_positive": 0, "negative": 1}
Wrote 1 TRM rows to C:\projects\Hermes Skills\data\primehub_trm_autoresearch\cycle_07\stage\qwen35_27b_colf_q0037.trm.jsonl
{"exact_positive": 0, "near_miss": 0, "weak_positive": 0, "negative": 1}
Wrote 1 TRM rows to C:\projects\Hermes Skills\data\primehub_trm_autoresearch\cycle_07\stage\qwen35_27b_deep_consult_q0038.trm.jsonl
{"exact_positive": 0, "near_miss": 0, "weak_positive": 0, "negative": 1}
Wrote 1 TRM rows to C:\projects\Hermes Skills\data\primehub_trm_autoresearch\cycle_07\stage\qwen35_27b_gauss_q0039.trm.jsonl
{"exact_positive": 0, "near_miss": 0, "weak_positive": 0, "negative": 1}
Wrote 1 TRM rows to C:\projects\Hermes Skills\data\primehub_trm_autoresearch\cycle_07\stage\qwen35_27b_hellaswag_q0040.trm.jsonl
{"exact_positive": 0, "near_miss": 0, "weak_positive": 0, "negative": 1}
Wrote 1 TRM rows to C:\projects\Hermes Skills\data\primehub_trm_autoresearch\cycle_07\stage\qwen35_27b_if_summarize_judge_q0013.trm.jsonl
{"exact_positive": 0, "near_miss": 0, "weak_positive": 0, "negative": 1}
Wrote 1 TRM rows to C:\projects\Hermes Skills\data\primehub_trm_autoresearch\cycle_07\stage\qwen35_27b_jailbreak_bench_q0041.trm.jsonl
{"exact_positive": 0, "near_miss": 0, "weak_positive": 0, "negative": 1}
Wrote 1 TRM rows to C:\projects\Hermes Skills\data\primehub_trm_autoresearch\cycle_07\stage\qwen35_27b_lisanbench_q0042.trm.jsonl
{"exact_positive": 0, "near_miss": 0, "weak_positive": 0, "negative": 1}
Wrote 1 TRM rows to C:\projects\Hermes Skills\data\primehub_trm_autoresearch\cycle_07\stage\qwen35_27b_llm_writing_detection_q0043.trm.jsonl
{"exact_positive": 0, "near_miss": 0, "weak_positive": 0, "negative": 1}
Wrote 1 TRM rows to C:\projects\Hermes Skills\data\primehub_trm_autoresearch\cycle_07\stage\qwen35_27b_logic_env_q0014.trm.jsonl
{"exact_positive": 0, "near_miss": 0, "weak_positive": 0, "negative": 1}
Wrote 1 TRM rows to C:\projects\Hermes Skills\data\primehub_trm_autoresearch\cycle_07\stage\qwen35_27b_longbench_v2_q0044.trm.jsonl
{"exact_positive": 0, "near_miss": 0, "weak_positive": 0, "negative": 1}
Wrote 1 TRM rows to C:\projects\Hermes Skills\data\primehub_trm_autoresearch\cycle_07\stage\qwen35_27b_math500_q0015.trm.jsonl
{"exact_positive": 0, "near_miss": 0, "weak_positive": 0, "negative": 1}
Wrote 1 TRM rows to C:\projects\Hermes Skills\data\primehub_trm_autoresearch\cycle_07\stage\qwen35_27b_math_env_q0016.trm.jsonl
{"exact_positive": 0, "near_miss": 0, "weak_positive": 0, "negative": 1}
Wrote 1 TRM rows to C:\projects\Hermes Skills\data\primehub_trm_autoresearch\cycle_07\stage\qwen35_27b_medsafetybench_q0045.trm.jsonl
{"exact_positive": 0, "near_miss": 0, "weak_positive": 0, "negative": 1}
Wrote 1 TRM rows to C:\projects\Hermes Skills\data\primehub_trm_autoresearch\cycle_07\stage\qwen35_27b_misguided_attn_q0046.trm.jsonl
{"exact_positive": 0, "near_miss": 0, "weak_positive": 0, "negative": 1}
Wrote 1 TRM rows to C:\projects\Hermes Skills\data\primehub_trm_autoresearch\cycle_07\stage\qwen35_27b_mmlu_pro_q0017.trm.jsonl
{"exact_positive": 0, "near_miss": 0, "weak_positive": 0, "negative": 1}
Wrote 1 TRM rows to C:\projects\Hermes Skills\data\primehub_trm_autoresearch\cycle_07\stage\qwen35_27b_mmlu_q0047.trm.jsonl
{"exact_positive": 0, "near_miss": 0, "weak_positive": 0, "negative": 1}
Wrote 1 TRM rows to C:\projects\Hermes Skills\data\primehub_trm_autoresearch\cycle_07\stage\qwen35_27b_passthrough_q0018.trm.jsonl
{"exact_positive": 0, "near_miss": 0, "weak_positive": 0, "negative": 1}
Wrote 1 TRM rows to C:\projects\Hermes Skills\data\primehub_trm_autoresearch\cycle_07\stage\qwen35_27b_psycho_bench_q0048.trm.jsonl
{"exact_positive": 0, "near_miss": 0, "weak_positive": 0, "negative": 1}
Wrote 1 TRM rows to C:\projects\Hermes Skills\data\primehub_trm_autoresearch\cycle_07\stage\qwen35_27b_pydantic_adherence_q0049.trm.jsonl
{"exact_positive": 0, "near_miss": 0, "weak_positive": 0, "negative": 1}
Wrote 1 TRM rows to C:\projects\Hermes Skills\data\primehub_trm_autoresearch\cycle_07\stage\qwen35_27b_reward_bench_q0050.trm.jsonl
{"exact_positive": 0, "near_miss": 0, "weak_positive": 1, "negative": 0}
Wrote 1 TRM rows to C:\projects\Hermes Skills\data\primehub_trm_autoresearch\cycle_07\stage\qwen35_27b_rust_cargo_q0051.trm.jsonl
{"exact_positive": 0, "near_miss": 0, "weak_positive": 0, "negative": 1}
Wrote 1 TRM rows to C:\projects\Hermes Skills\data\primehub_trm_autoresearch\cycle_07\stage\qwen35_27b_science_env_q0019.trm.jsonl
{"exact_positive": 0, "near_miss": 0, "weak_positive": 0, "negative": 1}
Wrote 1 TRM rows to C:\projects\Hermes Skills\data\primehub_trm_autoresearch\cycle_07\stage\qwen35_27b_simple_bench_q0052.trm.jsonl
{"exact_positive": 0, "near_miss": 0, "weak_positive": 0, "negative": 1}
Wrote 1 TRM rows to C:\projects\Hermes Skills\data\primehub_trm_autoresearch\cycle_07\stage\qwen35_27b_simpleqa_q0020.trm.jsonl
{"exact_positive": 0, "near_miss": 0, "weak_positive": 0, "negative": 1}
Wrote 1 TRM rows to C:\projects\Hermes Skills\data\primehub_trm_autoresearch\cycle_07\stage\qwen35_27b_simpleqa_verified_2_q0053.trm.jsonl
{"exact_positive": 0, "near_miss": 0, "weak_positive": 0, "negative": 1}
Wrote 1 TRM rows to C:\projects\Hermes Skills\data\primehub_trm_autoresearch\cycle_07\stage\qwen35_27b_simpleqa_verified_q0021.trm.jsonl
{"exact_positive": 0, "near_miss": 0, "weak_positive": 0, "negative": 1}
Wrote 1 TRM rows to C:\projects\Hermes Skills\data\primehub_trm_autoresearch\cycle_07\stage\qwen35_27b_truthfulqa_q0002.trm.jsonl
{"exact_positive": 0, "near_miss": 0, "weak_positive": 0, "negative": 1}
Wrote 1 TRM rows to C:\projects\Hermes Skills\data\primehub_trm_autoresearch\cycle_07\stage\qwen35_27b_truthfulqa_q0054.trm.jsonl
{"exact_positive": 0, "near_miss": 0, "weak_positive": 0, "negative": 1}
Wrote 1 TRM rows to C:\projects\Hermes Skills\data\primehub_trm_autoresearch\cycle_07\stage\qwen35_27b_unscramble_q0022.trm.jsonl
{"exact_positive": 0, "near_miss": 0, "weak_positive": 0, "negative": 1}
Wrote 1 TRM rows to C:\projects\Hermes Skills\data\primehub_trm_autoresearch\cycle_07\stage\qwen35_27b_uq_project_q0004.trm.jsonl
{"exact_positive": 0, "near_miss": 0, "weak_positive": 0, "negative": 1}
Wrote 1 TRM rows to C:\projects\Hermes Skills\data\primehub_trm_autoresearch\cycle_07\stage\qwen35_27b_uq_q0003.trm.jsonl
{"exact_positive": 0, "near_miss": 0, "weak_positive": 0, "negative": 1}
Wrote 1 TRM rows to C:\projects\Hermes Skills\data\primehub_trm_autoresearch\cycle_07\stage\qwen35_27b_verbatim_copy_q0023.trm.jsonl
{"exact_positive": 0, "near_miss": 0, "weak_positive": 0, "negative": 1}
Wrote 1 TRM rows to C:\projects\Hermes Skills\data\primehub_trm_autoresearch\cycle_07\stage\qwen35_27b_vpct_1_q0005.trm.jsonl
{"exact_positive": 0, "near_miss": 0, "weak_positive": 0, "negative": 1}
Wrote 1 TRM rows to C:\projects\Hermes Skills\data\primehub_trm_autoresearch\cycle_07\stage\qwen35_27b_winogrande_q0006.trm.jsonl
{"exact_positive": 1, "near_miss": 0, "weak_positive": 0, "negative": 0}
Wrote 1 TRM rows to C:\projects\Hermes Skills\data\primehub_trm_autoresearch\cycle_07\stage\qwen35_27b_wmdp_q0007.trm.jsonl
{"exact_positive": 0, "near_miss": 0, "weak_positive": 0, "negative": 1}
Wrote 1 TRM rows to C:\projects\Hermes Skills\data\primehub_trm_autoresearch\cycle_07\stage\qwen35_27b_writing_bench_q0008.trm.jsonl
{"exact_positive": 0, "near_miss": 0, "weak_positive": 0, "negative": 1}
Wrote 1 TRM rows to C:\projects\Hermes Skills\data\primehub_trm_autoresearch\cycle_07\stage\qwen35_9b_agency_bench_q0001.trm.jsonl
{"exact_positive": 0, "near_miss": 0, "weak_positive": 0, "negative": 1}
Wrote 1 TRM rows to C:\projects\Hermes Skills\data\primehub_trm_autoresearch\cycle_07\stage\qwen35_9b_aime2024_q0014.trm.jsonl
{"exact_positive": 0, "near_miss": 0, "weak_positive": 0, "negative": 1}
Wrote 1 TRM rows to C:\projects\Hermes Skills\data\primehub_trm_autoresearch\cycle_07\stage\qwen35_9b_aime2025_q0015.trm.jsonl
{"exact_positive": 0, "near_miss": 0, "weak_positive": 0, "negative": 1}
Wrote 1 TRM rows to C:\projects\Hermes Skills\data\primehub_trm_autoresearch\cycle_07\stage\qwen35_9b_aime2026_q0016.trm.jsonl
{"exact_positive": 0, "near_miss": 0, "weak_positive": 0, "negative": 1}
Wrote 1 TRM rows to C:\projects\Hermes Skills\data\primehub_trm_autoresearch\cycle_07\stage\qwen35_9b_allenai_ifeval_q0002.trm.jsonl
{"exact_positive": 0, "near_miss": 0, "weak_positive": 0, "negative": 1}
Wrote 1 TRM rows to C:\projects\Hermes Skills\data\primehub_trm_autoresearch\cycle_07\stage\qwen35_9b_antislop_q0003.trm.jsonl
{"exact_positive": 1, "near_miss": 0, "weak_positive": 0, "negative": 0}
Wrote 1 TRM rows to C:\projects\Hermes Skills\data\primehub_trm_autoresearch\cycle_07\stage\qwen35_9b_arc_q0004.trm.jsonl
{"exact_positive": 1, "near_miss": 0, "weak_positive": 0, "negative": 0}
Wrote 1 TRM rows to C:\projects\Hermes Skills\data\primehub_trm_autoresearch\cycle_07\stage\qwen35_9b_ascii_tree_q0005.trm.jsonl
{"exact_positive": 0, "near_miss": 0, "weak_positive": 1, "negative": 0}
Wrote 1 TRM rows to C:\projects\Hermes Skills\data\primehub_trm_autoresearch\cycle_07\stage\qwen35_9b_bixbench_q0006.trm.jsonl
{"exact_positive": 0, "near_miss": 0, "weak_positive": 0, "negative": 1}
Wrote 1 TRM rows to C:\projects\Hermes Skills\data\primehub_trm_autoresearch\cycle_07\stage\qwen35_9b_boolq_q0007.trm.jsonl
{"exact_positive": 1, "near_miss": 0, "weak_positive": 0, "negative": 0}
Wrote 1 TRM rows to C:\projects\Hermes Skills\data\primehub_trm_autoresearch\cycle_07\stage\qwen35_9b_clbench_q0017.trm.jsonl
{"exact_positive": 0, "near_miss": 0, "weak_positive": 0, "negative": 1}
Wrote 1 TRM rows to C:\projects\Hermes Skills\data\primehub_trm_autoresearch\cycle_07\stage\qwen35_9b_coconot_q0008.trm.jsonl
{"exact_positive": 0, "near_miss": 0, "weak_positive": 0, "negative": 1}
Wrote 1 TRM rows to C:\projects\Hermes Skills\data\primehub_trm_autoresearch\cycle_07\stage\qwen35_9b_colf_q0009.trm.jsonl
{"exact_positive": 0, "near_miss": 0, "weak_positive": 0, "negative": 1}
Wrote 1 TRM rows to C:\projects\Hermes Skills\data\primehub_trm_autoresearch\cycle_07\stage\qwen35_9b_deep_consult_q0010.trm.jsonl
{"exact_positive": 0, "near_miss": 0, "weak_positive": 0, "negative": 1}
Wrote 1 TRM rows to C:\projects\Hermes Skills\data\primehub_trm_autoresearch\cycle_07\stage\qwen35_9b_gauss_q0011.trm.jsonl
{"exact_positive": 0, "near_miss": 0, "weak_positive": 0, "negative": 1}
Wrote 1 TRM rows to C:\projects\Hermes Skills\data\primehub_trm_autoresearch\cycle_07\stage\qwen35_9b_hellaswag_q0012.trm.jsonl
{"exact_positive": 1, "near_miss": 0, "weak_positive": 0, "negative": 0}
Wrote 1 TRM rows to C:\projects\Hermes Skills\data\primehub_trm_autoresearch\cycle_07\stage\qwen35_9b_if_summarize_judge_q0018.trm.jsonl
{"exact_positive": 0, "near_miss": 0, "weak_positive": 0, "negative": 1}
Wrote 1 TRM rows to C:\projects\Hermes Skills\data\primehub_trm_autoresearch\cycle_07\stage\qwen35_9b_jailbreak_bench_q0013.trm.jsonl
{"exact_positive": 0, "near_miss": 0, "weak_positive": 0, "negative": 1}
Wrote 1 TRM rows to C:\projects\Hermes Skills\data\primehub_trm_autoresearch\cycle_07\stage\qwen35_9b_lisanbench_q0014.trm.jsonl
{"exact_positive": 1, "near_miss": 0, "weak_positive": 0, "negative": 0}
Wrote 1 TRM rows to C:\projects\Hermes Skills\data\primehub_trm_autoresearch\cycle_07\stage\qwen35_9b_llm_writing_detection_q0015.trm.jsonl
{"exact_positive": 0, "near_miss": 0, "weak_positive": 0, "negative": 1}
Wrote 1 TRM rows to C:\projects\Hermes Skills\data\primehub_trm_autoresearch\cycle_07\stage\qwen35_9b_logic_env_q0019.trm.jsonl
{"exact_positive": 0, "near_miss": 0, "weak_positive": 0, "negative": 1}
Wrote 1 TRM rows to C:\projects\Hermes Skills\data\primehub_trm_autoresearch\cycle_07\stage\qwen35_9b_longbench_v2_q0016.trm.jsonl
{"exact_positive": 0, "near_miss": 0, "weak_positive": 0, "negative": 1}
Wrote 1 TRM rows to C:\projects\Hermes Skills\data\primehub_trm_autoresearch\cycle_07\stage\qwen35_9b_math500_q0020.trm.jsonl
{"exact_positive": 0, "near_miss": 0, "weak_positive": 0, "negative": 1}
Wrote 1 TRM rows to C:\projects\Hermes Skills\data\primehub_trm_autoresearch\cycle_07\stage\qwen35_9b_math_env_q0021.trm.jsonl
{"exact_positive": 1, "near_miss": 0, "weak_positive": 0, "negative": 0}
Wrote 1 TRM rows to C:\projects\Hermes Skills\data\primehub_trm_autoresearch\cycle_07\stage\qwen35_9b_medsafetybench_q0017.trm.jsonl
{"exact_positive": 0, "near_miss": 0, "weak_positive": 0, "negative": 1}
Wrote 1 TRM rows to C:\projects\Hermes Skills\data\primehub_trm_autoresearch\cycle_07\stage\qwen35_9b_misguided_attn_q0018.trm.jsonl
{"exact_positive": 0, "near_miss": 0, "weak_positive": 0, "negative": 1}
Wrote 1 TRM rows to C:\projects\Hermes Skills\data\primehub_trm_autoresearch\cycle_07\stage\qwen35_9b_mmlu_pro_q0022.trm.jsonl
{"exact_positive": 0, "near_miss": 0, "weak_positive": 0, "negative": 1}
Wrote 1 TRM rows to C:\projects\Hermes Skills\data\primehub_trm_autoresearch\cycle_07\stage\qwen35_9b_mmlu_q0019.trm.jsonl
{"exact_positive": 0, "near_miss": 0, "weak_positive": 0, "negative": 1}
Wrote 1 TRM rows to C:\projects\Hermes Skills\data\primehub_trm_autoresearch\cycle_07\stage\qwen35_9b_passthrough_q0001.trm.jsonl
{"exact_positive": 0, "near_miss": 0, "weak_positive": 0, "negative": 1}
Wrote 1 TRM rows to C:\projects\Hermes Skills\data\primehub_trm_autoresearch\cycle_07\stage\qwen35_9b_passthrough_q0023.trm.jsonl
{"exact_positive": 0, "near_miss": 0, "weak_positive": 0, "negative": 1}
Wrote 2 TRM rows to C:\projects\Hermes Skills\data\primehub_trm_autoresearch\cycle_07\stage\qwen35_9b_psycho_bench_q0001.trm.jsonl
{"exact_positive": 2, "near_miss": 0, "weak_positive": 0, "negative": 0}
Wrote 0 TRM rows to C:\projects\Hermes Skills\data\primehub_trm_autoresearch\cycle_07\stage\qwen35_9b_psycho_bench_q0020.trm.jsonl
{"exact_positive": 0, "near_miss": 0, "weak_positive": 0, "negative": 0}
Wrote 2 TRM rows to C:\projects\Hermes Skills\data\primehub_trm_autoresearch\cycle_07\stage\qwen35_9b_pydantic_adherence_q0002.trm.jsonl
{"exact_positive": 0, "near_miss": 0, "weak_positive": 0, "negative": 2}
Wrote 1 TRM rows to C:\projects\Hermes Skills\data\primehub_trm_autoresearch\cycle_07\stage\qwen35_9b_reward_bench_q0003.trm.jsonl
{"exact_positive": 0, "near_miss": 0, "weak_positive": 1, "negative": 0}
Wrote 1 TRM rows to C:\projects\Hermes Skills\data\primehub_trm_autoresearch\cycle_07\stage\qwen35_9b_rust_cargo_q0004.trm.jsonl
{"exact_positive": 0, "near_miss": 0, "weak_positive": 0, "negative": 1}
Wrote 1 TRM rows to C:\projects\Hermes Skills\data\primehub_trm_autoresearch\cycle_07\stage\qwen35_9b_science_env_q0024.trm.jsonl
{"exact_positive": 0, "near_miss": 0, "weak_positive": 0, "negative": 1}
Wrote 1 TRM rows to C:\projects\Hermes Skills\data\primehub_trm_autoresearch\cycle_07\stage\qwen35_9b_simple_bench_q0005.trm.jsonl
{"exact_positive": 1, "near_miss": 0, "weak_positive": 0, "negative": 0}
Wrote 1 TRM rows to C:\projects\Hermes Skills\data\primehub_trm_autoresearch\cycle_07\stage\qwen35_9b_simpleqa_q0025.trm.jsonl
{"exact_positive": 0, "near_miss": 0, "weak_positive": 0, "negative": 1}
Wrote 1 TRM rows to C:\projects\Hermes Skills\data\primehub_trm_autoresearch\cycle_07\stage\qwen35_9b_simpleqa_verified_2_q0006.trm.jsonl
{"exact_positive": 0, "near_miss": 0, "weak_positive": 0, "negative": 1}
Wrote 1 TRM rows to C:\projects\Hermes Skills\data\primehub_trm_autoresearch\cycle_07\stage\qwen35_9b_simpleqa_verified_q0026.trm.jsonl
{"exact_positive": 0, "near_miss": 0, "weak_positive": 0, "negative": 1}
Wrote 1 TRM rows to C:\projects\Hermes Skills\data\primehub_trm_autoresearch\cycle_07\stage\qwen35_9b_truthfulqa_q0007.trm.jsonl
{"exact_positive": 1, "near_miss": 0, "weak_positive": 0, "negative": 0}
Wrote 1 TRM rows to C:\projects\Hermes Skills\data\primehub_trm_autoresearch\cycle_07\stage\qwen35_9b_unscramble_q0027.trm.jsonl
{"exact_positive": 0, "near_miss": 0, "weak_positive": 0, "negative": 1}
Wrote 1 TRM rows to C:\projects\Hermes Skills\data\primehub_trm_autoresearch\cycle_07\stage\qwen35_9b_uq_project_q0009.trm.jsonl
{"exact_positive": 0, "near_miss": 0, "weak_positive": 0, "negative": 1}
Wrote 1 TRM rows to C:\projects\Hermes Skills\data\primehub_trm_autoresearch\cycle_07\stage\qwen35_9b_uq_q0008.trm.jsonl
{"exact_positive": 0, "near_miss": 0, "weak_positive": 0, "negative": 1}
Wrote 1 TRM rows to C:\projects\Hermes Skills\data\primehub_trm_autoresearch\cycle_07\stage\qwen35_9b_verbatim_copy_q0028.trm.jsonl
{"exact_positive": 0, "near_miss": 0, "weak_positive": 0, "negative": 1}
Wrote 1 TRM rows to C:\projects\Hermes Skills\data\primehub_trm_autoresearch\cycle_07\stage\qwen35_9b_vpct_1_q0010.trm.jsonl
{"exact_positive": 0, "near_miss": 0, "weak_positive": 0, "negative": 1}
Wrote 1 TRM rows to C:\projects\Hermes Skills\data\primehub_trm_autoresearch\cycle_07\stage\qwen35_9b_winogrande_q0011.trm.jsonl
{"exact_positive": 1, "near_miss": 0, "weak_positive": 0, "negative": 0}
Wrote 1 TRM rows to C:\projects\Hermes Skills\data\primehub_trm_autoresearch\cycle_07\stage\qwen35_9b_wmdp_q0012.trm.jsonl
{"exact_positive": 0, "near_miss": 0, "weak_positive": 0, "negative": 1}
Wrote 1 TRM rows to C:\projects\Hermes Skills\data\primehub_trm_autoresearch\cycle_07\stage\qwen35_9b_writing_bench_q0013.trm.jsonl
{"exact_positive": 0, "near_miss": 0, "weak_positive": 0, "negative": 1}
Wrote 1 TRM rows to C:\projects\Hermes Skills\data\primehub_trm_autoresearch\cycle_07\stage\qwen35_27b_agency_bench_q0046.trm.jsonl
{"exact_positive": 0, "near_miss": 0, "weak_positive": 0, "negative": 1}
Wrote 1 TRM rows to C:\projects\Hermes Skills\data\primehub_trm_autoresearch\cycle_07\stage\qwen35_27b_allenai_ifeval_q0047.trm.jsonl
{"exact_positive": 0, "near_miss": 0, "weak_positive": 0, "negative": 1}
Wrote 1 TRM rows to C:\projects\Hermes Skills\data\primehub_trm_autoresearch\cycle_07\stage\qwen35_27b_antislop_q0048.trm.jsonl
{"exact_positive": 1, "near_miss": 0, "weak_positive": 0, "negative": 0}
Wrote 1 TRM rows to C:\projects\Hermes Skills\data\primehub_trm_autoresearch\cycle_07\stage\qwen35_27b_arc_q0049.trm.jsonl
{"exact_positive": 0, "near_miss": 0, "weak_positive": 0, "negative": 1}
Wrote 1 TRM rows to C:\projects\Hermes Skills\data\primehub_trm_autoresearch\cycle_07\stage\qwen35_27b_ascii_tree_q0050.trm.jsonl
{"exact_positive": 0, "near_miss": 0, "weak_positive": 0, "negative": 1}
Wrote 1 TRM rows to C:\projects\Hermes Skills\data\primehub_trm_autoresearch\cycle_07\stage\qwen35_27b_bixbench_q0051.trm.jsonl
{"exact_positive": 0, "near_miss": 0, "weak_positive": 0, "negative": 1}
Wrote 1 TRM rows to C:\projects\Hermes Skills\data\primehub_trm_autoresearch\cycle_07\stage\qwen35_27b_boolq_q0052.trm.jsonl
{"exact_positive": 1, "near_miss": 0, "weak_positive": 0, "negative": 0}
Wrote 1 TRM rows to C:\projects\Hermes Skills\data\primehub_trm_autoresearch\cycle_07\stage\qwen35_27b_coconot_q0053.trm.jsonl
{"exact_positive": 0, "near_miss": 0, "weak_positive": 0, "negative": 1}
Wrote 1 TRM rows to C:\projects\Hermes Skills\data\primehub_trm_autoresearch\cycle_07\stage\qwen35_27b_colf_q0054.trm.jsonl
{"exact_positive": 0, "near_miss": 0, "weak_positive": 0, "negative": 1}
Wrote 1 TRM rows to C:\projects\Hermes Skills\data\primehub_trm_autoresearch\cycle_07\stage\qwen35_27b_deep_consult_q0055.trm.jsonl
{"exact_positive": 0, "near_miss": 0, "weak_positive": 0, "negative": 1}
Wrote 1 TRM rows to C:\projects\Hermes Skills\data\primehub_trm_autoresearch\cycle_07\stage\qwen35_27b_gauss_q0056.trm.jsonl
{"exact_positive": 0, "near_miss": 0, "weak_positive": 0, "negative": 1}
Wrote 1 TRM rows to C:\projects\Hermes Skills\data\primehub_trm_autoresearch\cycle_07\stage\qwen35_27b_hellaswag_q0057.trm.jsonl
{"exact_positive": 0, "near_miss": 0, "weak_positive": 0, "negative": 1}
Wrote 1 TRM rows to C:\projects\Hermes Skills\data\primehub_trm_autoresearch\cycle_07\stage\qwen35_27b_jailbreak_bench_q0058.trm.jsonl
{"exact_positive": 0, "near_miss": 0, "weak_positive": 0, "negative": 1}
Wrote 1 TRM rows to C:\projects\Hermes Skills\data\primehub_trm_autoresearch\cycle_07\stage\qwen35_27b_lisanbench_q0059.trm.jsonl
{"exact_positive": 0, "near_miss": 0, "weak_positive": 0, "negative": 1}
Wrote 1 TRM rows to C:\projects\Hermes Skills\data\primehub_trm_autoresearch\cycle_07\stage\qwen35_27b_llm_writing_detection_q0060.trm.jsonl
{"exact_positive": 0, "near_miss": 0, "weak_positive": 0, "negative": 1}
Wrote 1 TRM rows to C:\projects\Hermes Skills\data\primehub_trm_autoresearch\cycle_07\stage\qwen35_27b_longbench_v2_q0061.trm.jsonl
{"exact_positive": 0, "near_miss": 0, "weak_positive": 0, "negative": 1}
Wrote 1 TRM rows to C:\projects\Hermes Skills\data\primehub_trm_autoresearch\cycle_07\stage\qwen35_27b_medsafetybench_q0062.trm.jsonl
{"exact_positive": 0, "near_miss": 0, "weak_positive": 0, "negative": 1}
Wrote 1 TRM rows to C:\projects\Hermes Skills\data\primehub_trm_autoresearch\cycle_07\stage\qwen35_27b_misguided_attn_q0063.trm.jsonl
{"exact_positive": 0, "near_miss": 0, "weak_positive": 0, "negative": 1}
Wrote 1 TRM rows to C:\projects\Hermes Skills\data\primehub_trm_autoresearch\cycle_07\stage\qwen35_27b_mmlu_q0064.trm.jsonl
{"exact_positive": 0, "near_miss": 0, "weak_positive": 0, "negative": 1}
Wrote 0 TRM rows to C:\projects\Hermes Skills\data\primehub_trm_autoresearch\cycle_07\stage\qwen35_27b_psycho_bench_q0065.trm.jsonl
{"exact_positive": 0, "near_miss": 0, "weak_positive": 0, "negative": 0}
Wrote 1 TRM rows to C:\projects\Hermes Skills\data\primehub_trm_autoresearch\cycle_07\stage\qwen35_9b_agency_bench_q0001.trm.jsonl
{"exact_positive": 0, "near_miss": 0, "weak_positive": 0, "negative": 1}
Wrote 1 TRM rows to C:\projects\Hermes Skills\data\primehub_trm_autoresearch\cycle_07\stage\qwen35_9b_aime2024_q0033.trm.jsonl
{"exact_positive": 0, "near_miss": 0, "weak_positive": 0, "negative": 1}
Wrote 1 TRM rows to C:\projects\Hermes Skills\data\primehub_trm_autoresearch\cycle_07\stage\qwen35_9b_aime2025_q0034.trm.jsonl
{"exact_positive": 0, "near_miss": 0, "weak_positive": 0, "negative": 1}
Wrote 1 TRM rows to C:\projects\Hermes Skills\data\primehub_trm_autoresearch\cycle_07\stage\qwen35_9b_aime2026_q0035.trm.jsonl
{"exact_positive": 0, "near_miss": 0, "weak_positive": 0, "negative": 1}
Wrote 1 TRM rows to C:\projects\Hermes Skills\data\primehub_trm_autoresearch\cycle_07\stage\qwen35_9b_allenai_ifeval_q0002.trm.jsonl
{"exact_positive": 0, "near_miss": 0, "weak_positive": 0, "negative": 1}
Wrote 1 TRM rows to C:\projects\Hermes Skills\data\primehub_trm_autoresearch\cycle_07\stage\qwen35_9b_antislop_q0003.trm.jsonl
{"exact_positive": 1, "near_miss": 0, "weak_positive": 0, "negative": 0}
Wrote 1 TRM rows to C:\projects\Hermes Skills\data\primehub_trm_autoresearch\cycle_07\stage\qwen35_9b_arc_q0004.trm.jsonl
{"exact_positive": 1, "near_miss": 0, "weak_positive": 0, "negative": 0}
Wrote 1 TRM rows to C:\projects\Hermes Skills\data\primehub_trm_autoresearch\cycle_07\stage\qwen35_9b_ascii_tree_q0005.trm.jsonl
{"exact_positive": 0, "near_miss": 0, "weak_positive": 1, "negative": 0}
Wrote 1 TRM rows to C:\projects\Hermes Skills\data\primehub_trm_autoresearch\cycle_07\stage\qwen35_9b_bixbench_q0006.trm.jsonl
{"exact_positive": 0, "near_miss": 0, "weak_positive": 0, "negative": 1}
Wrote 1 TRM rows to C:\projects\Hermes Skills\data\primehub_trm_autoresearch\cycle_07\stage\qwen35_9b_boolq_q0007.trm.jsonl
{"exact_positive": 1, "near_miss": 0, "weak_positive": 0, "negative": 0}
Wrote 1 TRM rows to C:\projects\Hermes Skills\data\primehub_trm_autoresearch\cycle_07\stage\qwen35_9b_clbench_q0036.trm.jsonl
{"exact_positive": 0, "near_miss": 0, "weak_positive": 0, "negative": 1}
Wrote 1 TRM rows to C:\projects\Hermes Skills\data\primehub_trm_autoresearch\cycle_07\stage\qwen35_9b_coconot_q0008.trm.jsonl
{"exact_positive": 0, "near_miss": 0, "weak_positive": 0, "negative": 1}
Wrote 1 TRM rows to C:\projects\Hermes Skills\data\primehub_trm_autoresearch\cycle_07\stage\qwen35_9b_colf_q0009.trm.jsonl
{"exact_positive": 0, "near_miss": 0, "weak_positive": 0, "negative": 1}
Wrote 1 TRM rows to C:\projects\Hermes Skills\data\primehub_trm_autoresearch\cycle_07\stage\qwen35_9b_deep_consult_q0010.trm.jsonl
{"exact_positive": 0, "near_miss": 0, "weak_positive": 0, "negative": 1}
Wrote 1 TRM rows to C:\projects\Hermes Skills\data\primehub_trm_autoresearch\cycle_07\stage\qwen35_9b_gauss_q0011.trm.jsonl
{"exact_positive": 0, "near_miss": 0, "weak_positive": 0, "negative": 1}
Wrote 1 TRM rows to C:\projects\Hermes Skills\data\primehub_trm_autoresearch\cycle_07\stage\qwen35_9b_hellaswag_q0012.trm.jsonl
{"exact_positive": 1, "near_miss": 0, "weak_positive": 0, "negative": 0}
Wrote 1 TRM rows to C:\projects\Hermes Skills\data\primehub_trm_autoresearch\cycle_07\stage\qwen35_9b_if_summarize_judge_q0037.trm.jsonl
{"exact_positive": 0, "near_miss": 0, "weak_positive": 0, "negative": 1}
Wrote 1 TRM rows to C:\projects\Hermes Skills\data\primehub_trm_autoresearch\cycle_07\stage\qwen35_9b_jailbreak_bench_q0013.trm.jsonl
{"exact_positive": 0, "near_miss": 0, "weak_positive": 0, "negative": 1}
Wrote 1 TRM rows to C:\projects\Hermes Skills\data\primehub_trm_autoresearch\cycle_07\stage\qwen35_9b_lisanbench_q0014.trm.jsonl
{"exact_positive": 1, "near_miss": 0, "weak_positive": 0, "negative": 0}
Wrote 1 TRM rows to C:\projects\Hermes Skills\data\primehub_trm_autoresearch\cycle_07\stage\qwen35_9b_llm_writing_detection_q0015.trm.jsonl
{"exact_positive": 0, "near_miss": 0, "weak_positive": 0, "negative": 1}
Wrote 1 TRM rows to C:\projects\Hermes Skills\data\primehub_trm_autoresearch\cycle_07\stage\qwen35_9b_logic_env_q0038.trm.jsonl
{"exact_positive": 0, "near_miss": 0, "weak_positive": 0, "negative": 1}
Wrote 1 TRM rows to C:\projects\Hermes Skills\data\primehub_trm_autoresearch\cycle_07\stage\qwen35_9b_longbench_v2_q0016.trm.jsonl
{"exact_positive": 0, "near_miss": 0, "weak_positive": 0, "negative": 1}
Wrote 1 TRM rows to C:\projects\Hermes Skills\data\primehub_trm_autoresearch\cycle_07\stage\qwen35_9b_math500_q0039.trm.jsonl
{"exact_positive": 0, "near_miss": 0, "weak_positive": 0, "negative": 1}
Wrote 1 TRM rows to C:\projects\Hermes Skills\data\primehub_trm_autoresearch\cycle_07\stage\qwen35_9b_math_env_q0040.trm.jsonl
{"exact_positive": 1, "near_miss": 0, "weak_positive": 0, "negative": 0}
Wrote 1 TRM rows to C:\projects\Hermes Skills\data\primehub_trm_autoresearch\cycle_07\stage\qwen35_9b_medsafetybench_q0017.trm.jsonl
{"exact_positive": 0, "near_miss": 0, "weak_positive": 0, "negative": 1}
Wrote 1 TRM rows to C:\projects\Hermes Skills\data\primehub_trm_autoresearch\cycle_07\stage\qwen35_9b_misguided_attn_q0018.trm.jsonl
{"exact_positive": 0, "near_miss": 0, "weak_positive": 0, "negative": 1}
Wrote 1 TRM rows to C:\projects\Hermes Skills\data\primehub_trm_autoresearch\cycle_07\stage\qwen35_9b_mmlu_pro_q0041.trm.jsonl
{"exact_positive": 0, "near_miss": 0, "weak_positive": 0, "negative": 1}
Wrote 1 TRM rows to C:\projects\Hermes Skills\data\primehub_trm_autoresearch\cycle_07\stage\qwen35_9b_mmlu_q0019.trm.jsonl
{"exact_positive": 0, "near_miss": 0, "weak_positive": 0, "negative": 1}
Wrote 1 TRM rows to C:\projects\Hermes Skills\data\primehub_trm_autoresearch\cycle_07\stage\qwen35_9b_psycho_bench_q0020.trm.jsonl
{"exact_positive": 1, "near_miss": 0, "weak_positive": 0, "negative": 0}
Wrote 1 TRM rows to C:\projects\Hermes Skills\data\primehub_trm_autoresearch\cycle_07\stage\qwen35_9b_pydantic_adherence_q0021.trm.jsonl
{"exact_positive": 0, "near_miss": 0, "weak_positive": 0, "negative": 1}
Wrote 1 TRM rows to C:\projects\Hermes Skills\data\primehub_trm_autoresearch\cycle_07\stage\qwen35_9b_reward_bench_q0022.trm.jsonl
{"exact_positive": 0, "near_miss": 0, "weak_positive": 1, "negative": 0}
Wrote 1 TRM rows to C:\projects\Hermes Skills\data\primehub_trm_autoresearch\cycle_07\stage\qwen35_9b_rust_cargo_q0023.trm.jsonl
{"exact_positive": 0, "near_miss": 0, "weak_positive": 0, "negative": 1}
Wrote 1 TRM rows to C:\projects\Hermes Skills\data\primehub_trm_autoresearch\cycle_07\stage\qwen35_9b_science_env_q0042.trm.jsonl
{"exact_positive": 0, "near_miss": 0, "weak_positive": 0, "negative": 1}
Wrote 1 TRM rows to C:\projects\Hermes Skills\data\primehub_trm_autoresearch\cycle_07\stage\qwen35_9b_simple_bench_q0024.trm.jsonl
{"exact_positive": 1, "near_miss": 0, "weak_positive": 0, "negative": 0}
Wrote 1 TRM rows to C:\projects\Hermes Skills\data\primehub_trm_autoresearch\cycle_07\stage\qwen35_9b_simpleqa_q0043.trm.jsonl
{"exact_positive": 0, "near_miss": 0, "weak_positive": 0, "negative": 1}
Wrote 1 TRM rows to C:\projects\Hermes Skills\data\primehub_trm_autoresearch\cycle_07\stage\qwen35_9b_simpleqa_verified_2_q0025.trm.jsonl
{"exact_positive": 0, "near_miss": 0, "weak_positive": 0, "negative": 1}
Wrote 1 TRM rows to C:\projects\Hermes Skills\data\primehub_trm_autoresearch\cycle_07\stage\qwen35_9b_simpleqa_verified_q0044.trm.jsonl
{"exact_positive": 0, "near_miss": 0, "weak_positive": 0, "negative": 1}
Wrote 1 TRM rows to C:\projects\Hermes Skills\data\primehub_trm_autoresearch\cycle_07\stage\qwen35_9b_truthfulqa_q0026.trm.jsonl
{"exact_positive": 1, "near_miss": 0, "weak_positive": 0, "negative": 0}
Wrote 1 TRM rows to C:\projects\Hermes Skills\data\primehub_trm_autoresearch\cycle_07\stage\qwen35_9b_unscramble_q0045.trm.jsonl
{"exact_positive": 0, "near_miss": 0, "weak_positive": 0, "negative": 1}
Wrote 1 TRM rows to C:\projects\Hermes Skills\data\primehub_trm_autoresearch\cycle_07\stage\qwen35_9b_uq_project_q0028.trm.jsonl
{"exact_positive": 0, "near_miss": 0, "weak_positive": 0, "negative": 1}
Wrote 1 TRM rows to C:\projects\Hermes Skills\data\primehub_trm_autoresearch\cycle_07\stage\qwen35_9b_uq_q0027.trm.jsonl
{"exact_positive": 0, "near_miss": 0, "weak_positive": 0, "negative": 1}
Wrote 1 TRM rows to C:\projects\Hermes Skills\data\primehub_trm_autoresearch\cycle_07\stage\qwen35_9b_vpct_1_q0029.trm.jsonl
{"exact_positive": 0, "near_miss": 0, "weak_positive": 0, "negative": 1}
Wrote 1 TRM rows to C:\projects\Hermes Skills\data\primehub_trm_autoresearch\cycle_07\stage\qwen35_9b_winogrande_q0030.trm.jsonl
{"exact_positive": 1, "near_miss": 0, "weak_positive": 0, "negative": 0}
Wrote 1 TRM rows to C:\projects\Hermes Skills\data\primehub_trm_autoresearch\cycle_07\stage\qwen35_9b_wmdp_q0031.trm.jsonl
{"exact_positive": 0, "near_miss": 0, "weak_positive": 0, "negative": 1}
Wrote 1 TRM rows to C:\projects\Hermes Skills\data\primehub_trm_autoresearch\cycle_07\stage\qwen35_9b_writing_bench_q0032.trm.jsonl
{"exact_positive": 0, "near_miss": 0, "weak_positive": 0, "negative": 1}
Wrote 169 merged TRM rows to C:\projects\Hermes Skills\data\primehub_trm_autoresearch\cycle_07\primehub_trm_merged.jsonl
{"negative": 142, "exact_positive": 23, "weak_positive": 4}
Wrote critic model with 169 examples to C:\projects\Hermes Skills\data\primehub_trm_autoresearch\cycle_07\models\trm_critic.json
{'negative': 142, 'exact_positive': 23, 'weak_positive': 4}
Wrote benchmark summary to C:\projects\Hermes Skills\data\primehub_trm_autoresearch\cycle_07\bench\trm_critic_bench.summary.json
{"eval_rows": 29, "bucket_accuracy": 0.7586, "per_family": {"primehub": {"rows": 29, "bucket_accuracy": 0.7586, "avg_bucket_abs_error": 0.7241, "visible_output_accuracy": 0.4828, "avg_grid_cell_accuracy_abs_error": null}}}
Wrote retriever model with 23 examples to C:\projects\Hermes Skills\data\primehub_trm_autoresearch\cycle_07\models\trm_retriever.json
{"exact_positive": 23}
Wrote benchmark summary to C:\projects\Hermes Skills\data\primehub_trm_autoresearch\cycle_07\bench\trm_retriever_bench.summary.json
{"eval_rows": 29, "exact_match_rate": 0.069, "per_family": {"primehub": {"rows": 29, "exact_match_rate": 0.069, "nonempty_prediction_rate": 1.0, "avg_similarity": 0.3454, "avg_grid_cell_accuracy": null}}}
Wrote router benchmark summary to C:\projects\Hermes Skills\data\primehub_trm_autoresearch\cycle_07\bench\trm_router_bench.summary.json
{"eval_rows": 29, "retrieval_only": {"exact_match_rate": 0.069, "nonempty_prediction_rate": 1.0, "avg_grid_cell_accuracy": null}, "critic_gated": {"exact_match_rate": 0.0, "nonempty_prediction_rate": 0.069, "route_abstain_rate": 0.931, "avg_grid_cell_accuracy": null}}
{
  "manifest": "C:\\projects\\Hermes Skills\\data\\primehub_trm_autoresearch\\cycle_07\\primehub_trm_rollup.manifest.json",
  "merged_rows": 169,
  "bucket_counts": {
    "negative": 142,
    "exact_positive": 23,
    "weak_positive": 4
  }
}
{
  "output_json": "C:\\projects\\Hermes Skills\\data\\primehub_trm_autoresearch\\cycle_07\\imprint\\primehub_skill_imprint.json",
  "output_md": "C:\\projects\\Hermes Skills\\data\\primehub_trm_autoresearch\\cycle_07\\imprint\\primehub_skill_imprint.md",
  "rows": 169
}
Wrote 1 TRM rows to C:\projects\Hermes Skills\data\primehub_trm_autoresearch\cycle_08\stage\qwen35_27b_aime2024_q0016.trm.jsonl
{"exact_positive": 0, "near_miss": 0, "weak_positive": 0, "negative": 1}
Wrote 1 TRM rows to C:\projects\Hermes Skills\data\primehub_trm_autoresearch\cycle_08\stage\qwen35_27b_aime2025_q0017.trm.jsonl
{"exact_positive": 0, "near_miss": 0, "weak_positive": 0, "negative": 1}
Wrote 1 TRM rows to C:\projects\Hermes Skills\data\primehub_trm_autoresearch\cycle_08\stage\qwen35_27b_aime2026_q0018.trm.jsonl
{"exact_positive": 0, "near_miss": 0, "weak_positive": 0, "negative": 1}
Wrote 1 TRM rows to C:\projects\Hermes Skills\data\primehub_trm_autoresearch\cycle_08\stage\qwen35_27b_clbench_q0019.trm.jsonl
{"exact_positive": 0, "near_miss": 0, "weak_positive": 0, "negative": 1}
Wrote 1 TRM rows to C:\projects\Hermes Skills\data\primehub_trm_autoresearch\cycle_08\stage\qwen35_27b_if_summarize_judge_q0020.trm.jsonl
{"exact_positive": 0, "near_miss": 0, "weak_positive": 0, "negative": 1}
Wrote 1 TRM rows to C:\projects\Hermes Skills\data\primehub_trm_autoresearch\cycle_08\stage\qwen35_27b_lisanbench_q0013.trm.jsonl
{"exact_positive": 0, "near_miss": 0, "weak_positive": 0, "negative": 1}
Wrote 1 TRM rows to C:\projects\Hermes Skills\data\primehub_trm_autoresearch\cycle_08\stage\qwen35_27b_logic_env_q0021.trm.jsonl
{"exact_positive": 0, "near_miss": 0, "weak_positive": 0, "negative": 1}
Wrote 1 TRM rows to C:\projects\Hermes Skills\data\primehub_trm_autoresearch\cycle_08\stage\qwen35_27b_math500_q0022.trm.jsonl
{"exact_positive": 0, "near_miss": 0, "weak_positive": 0, "negative": 1}
Wrote 1 TRM rows to C:\projects\Hermes Skills\data\primehub_trm_autoresearch\cycle_08\stage\qwen35_27b_math_env_q0023.trm.jsonl
{"exact_positive": 0, "near_miss": 0, "weak_positive": 0, "negative": 1}
Wrote 1 TRM rows to C:\projects\Hermes Skills\data\primehub_trm_autoresearch\cycle_08\stage\qwen35_27b_misguided_attn_q0014.trm.jsonl
{"exact_positive": 0, "near_miss": 0, "weak_positive": 0, "negative": 1}
Wrote 1 TRM rows to C:\projects\Hermes Skills\data\primehub_trm_autoresearch\cycle_08\stage\qwen35_27b_mmlu_pro_q0024.trm.jsonl
{"exact_positive": 0, "near_miss": 0, "weak_positive": 0, "negative": 1}
Wrote 1 TRM rows to C:\projects\Hermes Skills\data\primehub_trm_autoresearch\cycle_08\stage\qwen35_27b_psycho_bench_q0015.trm.jsonl
{"exact_positive": 0, "near_miss": 0, "weak_positive": 0, "negative": 1}
Wrote 1 TRM rows to C:\projects\Hermes Skills\data\primehub_trm_autoresearch\cycle_08\stage\qwen35_9b_aime2024_q0004.trm.jsonl
{"exact_positive": 0, "near_miss": 0, "weak_positive": 0, "negative": 1}
Wrote 1 TRM rows to C:\projects\Hermes Skills\data\primehub_trm_autoresearch\cycle_08\stage\qwen35_9b_aime2025_q0005.trm.jsonl
{"exact_positive": 0, "near_miss": 0, "weak_positive": 0, "negative": 1}
Wrote 1 TRM rows to C:\projects\Hermes Skills\data\primehub_trm_autoresearch\cycle_08\stage\qwen35_9b_aime2026_q0006.trm.jsonl
{"exact_positive": 0, "near_miss": 0, "weak_positive": 0, "negative": 1}
Wrote 1 TRM rows to C:\projects\Hermes Skills\data\primehub_trm_autoresearch\cycle_08\stage\qwen35_9b_clbench_q0007.trm.jsonl
{"exact_positive": 0, "near_miss": 0, "weak_positive": 0, "negative": 1}
Wrote 1 TRM rows to C:\projects\Hermes Skills\data\primehub_trm_autoresearch\cycle_08\stage\qwen35_9b_if_summarize_judge_q0008.trm.jsonl
{"exact_positive": 0, "near_miss": 0, "weak_positive": 0, "negative": 1}
Wrote 1 TRM rows to C:\projects\Hermes Skills\data\primehub_trm_autoresearch\cycle_08\stage\qwen35_9b_lisanbench_q0001.trm.jsonl
{"exact_positive": 1, "near_miss": 0, "weak_positive": 0, "negative": 0}
Wrote 1 TRM rows to C:\projects\Hermes Skills\data\primehub_trm_autoresearch\cycle_08\stage\qwen35_9b_logic_env_q0009.trm.jsonl
{"exact_positive": 0, "near_miss": 0, "weak_positive": 0, "negative": 1}
Wrote 1 TRM rows to C:\projects\Hermes Skills\data\primehub_trm_autoresearch\cycle_08\stage\qwen35_9b_math500_q0010.trm.jsonl
{"exact_positive": 0, "near_miss": 0, "weak_positive": 0, "negative": 1}
Wrote 1 TRM rows to C:\projects\Hermes Skills\data\primehub_trm_autoresearch\cycle_08\stage\qwen35_9b_math_env_q0011.trm.jsonl
{"exact_positive": 1, "near_miss": 0, "weak_positive": 0, "negative": 0}
Wrote 1 TRM rows to C:\projects\Hermes Skills\data\primehub_trm_autoresearch\cycle_08\stage\qwen35_9b_misguided_attn_q0002.trm.jsonl
{"exact_positive": 0, "near_miss": 0, "weak_positive": 0, "negative": 1}
Wrote 1 TRM rows to C:\projects\Hermes Skills\data\primehub_trm_autoresearch\cycle_08\stage\qwen35_9b_mmlu_pro_q0012.trm.jsonl
{"exact_positive": 0, "near_miss": 0, "weak_positive": 0, "negative": 1}
Wrote 1 TRM rows to C:\projects\Hermes Skills\data\primehub_trm_autoresearch\cycle_08\stage\qwen35_9b_psycho_bench_q0003.trm.jsonl
{"exact_positive": 1, "near_miss": 0, "weak_positive": 0, "negative": 0}
Wrote 1 TRM rows to C:\projects\Hermes Skills\data\primehub_trm_autoresearch\cycle_08\stage\qwen35_27b_math_env_q0001.trm.jsonl
{"exact_positive": 0, "near_miss": 0, "weak_positive": 0, "negative": 1}
Wrote 1 TRM rows to C:\projects\Hermes Skills\data\primehub_trm_autoresearch\cycle_08\stage\qwen35_27b_mmlu_pro_q0002.trm.jsonl
{"exact_positive": 0, "near_miss": 0, "weak_positive": 0, "negative": 1}
Wrote 1 TRM rows to C:\projects\Hermes Skills\data\primehub_trm_autoresearch\cycle_08\stage\qwen35_27b_agency_bench_q0029.trm.jsonl
{"exact_positive": 0, "near_miss": 0, "weak_positive": 0, "negative": 1}
Wrote 1 TRM rows to C:\projects\Hermes Skills\data\primehub_trm_autoresearch\cycle_08\stage\qwen35_27b_aime2024_q0009.trm.jsonl
{"exact_positive": 0, "near_miss": 0, "weak_positive": 0, "negative": 1}
Wrote 1 TRM rows to C:\projects\Hermes Skills\data\primehub_trm_autoresearch\cycle_08\stage\qwen35_27b_aime2025_q0010.trm.jsonl
{"exact_positive": 0, "near_miss": 0, "weak_positive": 0, "negative": 1}
Wrote 1 TRM rows to C:\projects\Hermes Skills\data\primehub_trm_autoresearch\cycle_08\stage\qwen35_27b_aime2026_q0011.trm.jsonl
{"exact_positive": 0, "near_miss": 0, "weak_positive": 0, "negative": 1}
Wrote 1 TRM rows to C:\projects\Hermes Skills\data\primehub_trm_autoresearch\cycle_08\stage\qwen35_27b_allenai_ifeval_q0030.trm.jsonl
{"exact_positive": 0, "near_miss": 0, "weak_positive": 0, "negative": 1}
Wrote 1 TRM rows to C:\projects\Hermes Skills\data\primehub_trm_autoresearch\cycle_08\stage\qwen35_27b_antislop_q0031.trm.jsonl
{"exact_positive": 1, "near_miss": 0, "weak_positive": 0, "negative": 0}
Wrote 1 TRM rows to C:\projects\Hermes Skills\data\primehub_trm_autoresearch\cycle_08\stage\qwen35_27b_arc_q0032.trm.jsonl
{"exact_positive": 0, "near_miss": 0, "weak_positive": 0, "negative": 1}
Wrote 1 TRM rows to C:\projects\Hermes Skills\data\primehub_trm_autoresearch\cycle_08\stage\qwen35_27b_ascii_tree_q0033.trm.jsonl
{"exact_positive": 0, "near_miss": 0, "weak_positive": 0, "negative": 1}
Wrote 1 TRM rows to C:\projects\Hermes Skills\data\primehub_trm_autoresearch\cycle_08\stage\qwen35_27b_bixbench_q0034.trm.jsonl
{"exact_positive": 0, "near_miss": 0, "weak_positive": 0, "negative": 1}
Wrote 1 TRM rows to C:\projects\Hermes Skills\data\primehub_trm_autoresearch\cycle_08\stage\qwen35_27b_boolq_q0035.trm.jsonl
{"exact_positive": 0, "near_miss": 0, "weak_positive": 0, "negative": 1}
Wrote 1 TRM rows to C:\projects\Hermes Skills\data\primehub_trm_autoresearch\cycle_08\stage\qwen35_27b_clbench_q0012.trm.jsonl
{"exact_positive": 0, "near_miss": 0, "weak_positive": 0, "negative": 1}
Wrote 1 TRM rows to C:\projects\Hermes Skills\data\primehub_trm_autoresearch\cycle_08\stage\qwen35_27b_coconot_q0036.trm.jsonl
{"exact_positive": 0, "near_miss": 0, "weak_positive": 0, "negative": 1}
Wrote 1 TRM rows to C:\projects\Hermes Skills\data\primehub_trm_autoresearch\cycle_08\stage\qwen35_27b_colf_q0037.trm.jsonl
{"exact_positive": 0, "near_miss": 0, "weak_positive": 0, "negative": 1}
Wrote 1 TRM rows to C:\projects\Hermes Skills\data\primehub_trm_autoresearch\cycle_08\stage\qwen35_27b_deep_consult_q0038.trm.jsonl
{"exact_positive": 0, "near_miss": 0, "weak_positive": 0, "negative": 1}
Wrote 1 TRM rows to C:\projects\Hermes Skills\data\primehub_trm_autoresearch\cycle_08\stage\qwen35_27b_gauss_q0039.trm.jsonl
{"exact_positive": 0, "near_miss": 0, "weak_positive": 0, "negative": 1}
Wrote 1 TRM rows to C:\projects\Hermes Skills\data\primehub_trm_autoresearch\cycle_08\stage\qwen35_27b_hellaswag_q0040.trm.jsonl
{"exact_positive": 0, "near_miss": 0, "weak_positive": 0, "negative": 1}
Wrote 1 TRM rows to C:\projects\Hermes Skills\data\primehub_trm_autoresearch\cycle_08\stage\qwen35_27b_if_summarize_judge_q0013.trm.jsonl
{"exact_positive": 0, "near_miss": 0, "weak_positive": 0, "negative": 1}
Wrote 1 TRM rows to C:\projects\Hermes Skills\data\primehub_trm_autoresearch\cycle_08\stage\qwen35_27b_jailbreak_bench_q0041.trm.jsonl
{"exact_positive": 0, "near_miss": 0, "weak_positive": 0, "negative": 1}
Wrote 1 TRM rows to C:\projects\Hermes Skills\data\primehub_trm_autoresearch\cycle_08\stage\qwen35_27b_lisanbench_q0042.trm.jsonl
{"exact_positive": 0, "near_miss": 0, "weak_positive": 0, "negative": 1}
Wrote 1 TRM rows to C:\projects\Hermes Skills\data\primehub_trm_autoresearch\cycle_08\stage\qwen35_27b_llm_writing_detection_q0043.trm.jsonl
{"exact_positive": 0, "near_miss": 0, "weak_positive": 0, "negative": 1}
Wrote 1 TRM rows to C:\projects\Hermes Skills\data\primehub_trm_autoresearch\cycle_08\stage\qwen35_27b_logic_env_q0014.trm.jsonl
{"exact_positive": 0, "near_miss": 0, "weak_positive": 0, "negative": 1}
Wrote 1 TRM rows to C:\projects\Hermes Skills\data\primehub_trm_autoresearch\cycle_08\stage\qwen35_27b_longbench_v2_q0044.trm.jsonl
{"exact_positive": 0, "near_miss": 0, "weak_positive": 0, "negative": 1}
Wrote 1 TRM rows to C:\projects\Hermes Skills\data\primehub_trm_autoresearch\cycle_08\stage\qwen35_27b_math500_q0015.trm.jsonl
{"exact_positive": 0, "near_miss": 0, "weak_positive": 0, "negative": 1}
Wrote 1 TRM rows to C:\projects\Hermes Skills\data\primehub_trm_autoresearch\cycle_08\stage\qwen35_27b_math_env_q0016.trm.jsonl
{"exact_positive": 0, "near_miss": 0, "weak_positive": 0, "negative": 1}
Wrote 1 TRM rows to C:\projects\Hermes Skills\data\primehub_trm_autoresearch\cycle_08\stage\qwen35_27b_medsafetybench_q0045.trm.jsonl
{"exact_positive": 0, "near_miss": 0, "weak_positive": 0, "negative": 1}
Wrote 1 TRM rows to C:\projects\Hermes Skills\data\primehub_trm_autoresearch\cycle_08\stage\qwen35_27b_misguided_attn_q0046.trm.jsonl
{"exact_positive": 0, "near_miss": 0, "weak_positive": 0, "negative": 1}
Wrote 1 TRM rows to C:\projects\Hermes Skills\data\primehub_trm_autoresearch\cycle_08\stage\qwen35_27b_mmlu_pro_q0017.trm.jsonl
{"exact_positive": 0, "near_miss": 0, "weak_positive": 0, "negative": 1}
Wrote 1 TRM rows to C:\projects\Hermes Skills\data\primehub_trm_autoresearch\cycle_08\stage\qwen35_27b_mmlu_q0047.trm.jsonl
{"exact_positive": 0, "near_miss": 0, "weak_positive": 0, "negative": 1}
Wrote 1 TRM rows to C:\projects\Hermes Skills\data\primehub_trm_autoresearch\cycle_08\stage\qwen35_27b_passthrough_q0018.trm.jsonl
{"exact_positive": 0, "near_miss": 0, "weak_positive": 0, "negative": 1}
Wrote 1 TRM rows to C:\projects\Hermes Skills\data\primehub_trm_autoresearch\cycle_08\stage\qwen35_27b_psycho_bench_q0048.trm.jsonl
{"exact_positive": 0, "near_miss": 0, "weak_positive": 0, "negative": 1}
Wrote 1 TRM rows to C:\projects\Hermes Skills\data\primehub_trm_autoresearch\cycle_08\stage\qwen35_27b_pydantic_adherence_q0049.trm.jsonl
{"exact_positive": 0, "near_miss": 0, "weak_positive": 0, "negative": 1}
Wrote 1 TRM rows to C:\projects\Hermes Skills\data\primehub_trm_autoresearch\cycle_08\stage\qwen35_27b_reward_bench_q0050.trm.jsonl
{"exact_positive": 0, "near_miss": 0, "weak_positive": 1, "negative": 0}
Wrote 1 TRM rows to C:\projects\Hermes Skills\data\primehub_trm_autoresearch\cycle_08\stage\qwen35_27b_rust_cargo_q0051.trm.jsonl
{"exact_positive": 0, "near_miss": 0, "weak_positive": 0, "negative": 1}
Wrote 1 TRM rows to C:\projects\Hermes Skills\data\primehub_trm_autoresearch\cycle_08\stage\qwen35_27b_science_env_q0019.trm.jsonl
{"exact_positive": 0, "near_miss": 0, "weak_positive": 0, "negative": 1}
Wrote 1 TRM rows to C:\projects\Hermes Skills\data\primehub_trm_autoresearch\cycle_08\stage\qwen35_27b_simple_bench_q0052.trm.jsonl
{"exact_positive": 0, "near_miss": 0, "weak_positive": 0, "negative": 1}
Wrote 1 TRM rows to C:\projects\Hermes Skills\data\primehub_trm_autoresearch\cycle_08\stage\qwen35_27b_simpleqa_q0020.trm.jsonl
{"exact_positive": 0, "near_miss": 0, "weak_positive": 0, "negative": 1}
Wrote 1 TRM rows to C:\projects\Hermes Skills\data\primehub_trm_autoresearch\cycle_08\stage\qwen35_27b_simpleqa_verified_2_q0053.trm.jsonl
{"exact_positive": 0, "near_miss": 0, "weak_positive": 0, "negative": 1}
Wrote 1 TRM rows to C:\projects\Hermes Skills\data\primehub_trm_autoresearch\cycle_08\stage\qwen35_27b_simpleqa_verified_q0021.trm.jsonl
{"exact_positive": 0, "near_miss": 0, "weak_positive": 0, "negative": 1}
Wrote 1 TRM rows to C:\projects\Hermes Skills\data\primehub_trm_autoresearch\cycle_08\stage\qwen35_27b_truthfulqa_q0002.trm.jsonl
{"exact_positive": 0, "near_miss": 0, "weak_positive": 0, "negative": 1}
Wrote 1 TRM rows to C:\projects\Hermes Skills\data\primehub_trm_autoresearch\cycle_08\stage\qwen35_27b_truthfulqa_q0054.trm.jsonl
{"exact_positive": 0, "near_miss": 0, "weak_positive": 0, "negative": 1}
Wrote 1 TRM rows to C:\projects\Hermes Skills\data\primehub_trm_autoresearch\cycle_08\stage\qwen35_27b_unscramble_q0022.trm.jsonl
{"exact_positive": 0, "near_miss": 0, "weak_positive": 0, "negative": 1}
Wrote 1 TRM rows to C:\projects\Hermes Skills\data\primehub_trm_autoresearch\cycle_08\stage\qwen35_27b_uq_project_q0004.trm.jsonl
{"exact_positive": 0, "near_miss": 0, "weak_positive": 0, "negative": 1}
Wrote 1 TRM rows to C:\projects\Hermes Skills\data\primehub_trm_autoresearch\cycle_08\stage\qwen35_27b_uq_q0003.trm.jsonl
{"exact_positive": 0, "near_miss": 0, "weak_positive": 0, "negative": 1}
Wrote 1 TRM rows to C:\projects\Hermes Skills\data\primehub_trm_autoresearch\cycle_08\stage\qwen35_27b_verbatim_copy_q0023.trm.jsonl
{"exact_positive": 0, "near_miss": 0, "weak_positive": 0, "negative": 1}
Wrote 1 TRM rows to C:\projects\Hermes Skills\data\primehub_trm_autoresearch\cycle_08\stage\qwen35_27b_vpct_1_q0005.trm.jsonl
{"exact_positive": 0, "near_miss": 0, "weak_positive": 0, "negative": 1}
Wrote 1 TRM rows to C:\projects\Hermes Skills\data\primehub_trm_autoresearch\cycle_08\stage\qwen35_27b_winogrande_q0006.trm.jsonl
{"exact_positive": 1, "near_miss": 0, "weak_positive": 0, "negative": 0}
Wrote 1 TRM rows to C:\projects\Hermes Skills\data\primehub_trm_autoresearch\cycle_08\stage\qwen35_27b_wmdp_q0007.trm.jsonl
{"exact_positive": 0, "near_miss": 0, "weak_positive": 0, "negative": 1}
Wrote 1 TRM rows to C:\projects\Hermes Skills\data\primehub_trm_autoresearch\cycle_08\stage\qwen35_27b_writing_bench_q0008.trm.jsonl
{"exact_positive": 0, "near_miss": 0, "weak_positive": 0, "negative": 1}
Wrote 1 TRM rows to C:\projects\Hermes Skills\data\primehub_trm_autoresearch\cycle_08\stage\qwen35_9b_agency_bench_q0001.trm.jsonl
{"exact_positive": 0, "near_miss": 0, "weak_positive": 0, "negative": 1}
Wrote 1 TRM rows to C:\projects\Hermes Skills\data\primehub_trm_autoresearch\cycle_08\stage\qwen35_9b_aime2024_q0014.trm.jsonl
{"exact_positive": 0, "near_miss": 0, "weak_positive": 0, "negative": 1}
Wrote 1 TRM rows to C:\projects\Hermes Skills\data\primehub_trm_autoresearch\cycle_08\stage\qwen35_9b_aime2025_q0015.trm.jsonl
{"exact_positive": 0, "near_miss": 0, "weak_positive": 0, "negative": 1}
Wrote 1 TRM rows to C:\projects\Hermes Skills\data\primehub_trm_autoresearch\cycle_08\stage\qwen35_9b_aime2026_q0016.trm.jsonl
{"exact_positive": 0, "near_miss": 0, "weak_positive": 0, "negative": 1}
Wrote 1 TRM rows to C:\projects\Hermes Skills\data\primehub_trm_autoresearch\cycle_08\stage\qwen35_9b_allenai_ifeval_q0002.trm.jsonl
{"exact_positive": 0, "near_miss": 0, "weak_positive": 0, "negative": 1}
Wrote 1 TRM rows to C:\projects\Hermes Skills\data\primehub_trm_autoresearch\cycle_08\stage\qwen35_9b_antislop_q0003.trm.jsonl
{"exact_positive": 1, "near_miss": 0, "weak_positive": 0, "negative": 0}
Wrote 1 TRM rows to C:\projects\Hermes Skills\data\primehub_trm_autoresearch\cycle_08\stage\qwen35_9b_arc_q0004.trm.jsonl
{"exact_positive": 1, "near_miss": 0, "weak_positive": 0, "negative": 0}
Wrote 1 TRM rows to C:\projects\Hermes Skills\data\primehub_trm_autoresearch\cycle_08\stage\qwen35_9b_ascii_tree_q0005.trm.jsonl
{"exact_positive": 0, "near_miss": 0, "weak_positive": 1, "negative": 0}
Wrote 1 TRM rows to C:\projects\Hermes Skills\data\primehub_trm_autoresearch\cycle_08\stage\qwen35_9b_bixbench_q0006.trm.jsonl
{"exact_positive": 0, "near_miss": 0, "weak_positive": 0, "negative": 1}
Wrote 1 TRM rows to C:\projects\Hermes Skills\data\primehub_trm_autoresearch\cycle_08\stage\qwen35_9b_boolq_q0007.trm.jsonl
{"exact_positive": 1, "near_miss": 0, "weak_positive": 0, "negative": 0}
Wrote 1 TRM rows to C:\projects\Hermes Skills\data\primehub_trm_autoresearch\cycle_08\stage\qwen35_9b_clbench_q0017.trm.jsonl
{"exact_positive": 0, "near_miss": 0, "weak_positive": 0, "negative": 1}
Wrote 1 TRM rows to C:\projects\Hermes Skills\data\primehub_trm_autoresearch\cycle_08\stage\qwen35_9b_coconot_q0008.trm.jsonl
{"exact_positive": 0, "near_miss": 0, "weak_positive": 0, "negative": 1}
Wrote 1 TRM rows to C:\projects\Hermes Skills\data\primehub_trm_autoresearch\cycle_08\stage\qwen35_9b_colf_q0009.trm.jsonl
{"exact_positive": 0, "near_miss": 0, "weak_positive": 0, "negative": 1}
Wrote 1 TRM rows to C:\projects\Hermes Skills\data\primehub_trm_autoresearch\cycle_08\stage\qwen35_9b_deep_consult_q0010.trm.jsonl
{"exact_positive": 0, "near_miss": 0, "weak_positive": 0, "negative": 1}
Wrote 1 TRM rows to C:\projects\Hermes Skills\data\primehub_trm_autoresearch\cycle_08\stage\qwen35_9b_gauss_q0011.trm.jsonl
{"exact_positive": 0, "near_miss": 0, "weak_positive": 0, "negative": 1}
Wrote 1 TRM rows to C:\projects\Hermes Skills\data\primehub_trm_autoresearch\cycle_08\stage\qwen35_9b_hellaswag_q0012.trm.jsonl
{"exact_positive": 1, "near_miss": 0, "weak_positive": 0, "negative": 0}
Wrote 1 TRM rows to C:\projects\Hermes Skills\data\primehub_trm_autoresearch\cycle_08\stage\qwen35_9b_if_summarize_judge_q0018.trm.jsonl
{"exact_positive": 0, "near_miss": 0, "weak_positive": 0, "negative": 1}
Wrote 1 TRM rows to C:\projects\Hermes Skills\data\primehub_trm_autoresearch\cycle_08\stage\qwen35_9b_jailbreak_bench_q0013.trm.jsonl
{"exact_positive": 0, "near_miss": 0, "weak_positive": 0, "negative": 1}
Wrote 1 TRM rows to C:\projects\Hermes Skills\data\primehub_trm_autoresearch\cycle_08\stage\qwen35_9b_lisanbench_q0014.trm.jsonl
{"exact_positive": 1, "near_miss": 0, "weak_positive": 0, "negative": 0}
Wrote 1 TRM rows to C:\projects\Hermes Skills\data\primehub_trm_autoresearch\cycle_08\stage\qwen35_9b_llm_writing_detection_q0015.trm.jsonl
{"exact_positive": 0, "near_miss": 0, "weak_positive": 0, "negative": 1}
Wrote 1 TRM rows to C:\projects\Hermes Skills\data\primehub_trm_autoresearch\cycle_08\stage\qwen35_9b_logic_env_q0019.trm.jsonl
{"exact_positive": 0, "near_miss": 0, "weak_positive": 0, "negative": 1}
Wrote 1 TRM rows to C:\projects\Hermes Skills\data\primehub_trm_autoresearch\cycle_08\stage\qwen35_9b_longbench_v2_q0016.trm.jsonl
{"exact_positive": 0, "near_miss": 0, "weak_positive": 0, "negative": 1}
Wrote 1 TRM rows to C:\projects\Hermes Skills\data\primehub_trm_autoresearch\cycle_08\stage\qwen35_9b_math500_q0020.trm.jsonl
{"exact_positive": 0, "near_miss": 0, "weak_positive": 0, "negative": 1}
Wrote 1 TRM rows to C:\projects\Hermes Skills\data\primehub_trm_autoresearch\cycle_08\stage\qwen35_9b_math_env_q0021.trm.jsonl
{"exact_positive": 1, "near_miss": 0, "weak_positive": 0, "negative": 0}
Wrote 1 TRM rows to C:\projects\Hermes Skills\data\primehub_trm_autoresearch\cycle_08\stage\qwen35_9b_medsafetybench_q0017.trm.jsonl
{"exact_positive": 0, "near_miss": 0, "weak_positive": 0, "negative": 1}
Wrote 1 TRM rows to C:\projects\Hermes Skills\data\primehub_trm_autoresearch\cycle_08\stage\qwen35_9b_misguided_attn_q0018.trm.jsonl
{"exact_positive": 0, "near_miss": 0, "weak_positive": 0, "negative": 1}
Wrote 1 TRM rows to C:\projects\Hermes Skills\data\primehub_trm_autoresearch\cycle_08\stage\qwen35_9b_mmlu_pro_q0022.trm.jsonl
{"exact_positive": 0, "near_miss": 0, "weak_positive": 0, "negative": 1}
Wrote 1 TRM rows to C:\projects\Hermes Skills\data\primehub_trm_autoresearch\cycle_08\stage\qwen35_9b_mmlu_q0019.trm.jsonl
{"exact_positive": 0, "near_miss": 0, "weak_positive": 0, "negative": 1}
Wrote 1 TRM rows to C:\projects\Hermes Skills\data\primehub_trm_autoresearch\cycle_08\stage\qwen35_9b_passthrough_q0001.trm.jsonl
{"exact_positive": 0, "near_miss": 0, "weak_positive": 0, "negative": 1}
Wrote 1 TRM rows to C:\projects\Hermes Skills\data\primehub_trm_autoresearch\cycle_08\stage\qwen35_9b_passthrough_q0023.trm.jsonl
{"exact_positive": 0, "near_miss": 0, "weak_positive": 0, "negative": 1}
Wrote 2 TRM rows to C:\projects\Hermes Skills\data\primehub_trm_autoresearch\cycle_08\stage\qwen35_9b_psycho_bench_q0001.trm.jsonl
{"exact_positive": 2, "near_miss": 0, "weak_positive": 0, "negative": 0}
Wrote 0 TRM rows to C:\projects\Hermes Skills\data\primehub_trm_autoresearch\cycle_08\stage\qwen35_9b_psycho_bench_q0020.trm.jsonl
{"exact_positive": 0, "near_miss": 0, "weak_positive": 0, "negative": 0}
Wrote 2 TRM rows to C:\projects\Hermes Skills\data\primehub_trm_autoresearch\cycle_08\stage\qwen35_9b_pydantic_adherence_q0002.trm.jsonl
{"exact_positive": 0, "near_miss": 0, "weak_positive": 0, "negative": 2}
Wrote 1 TRM rows to C:\projects\Hermes Skills\data\primehub_trm_autoresearch\cycle_08\stage\qwen35_9b_reward_bench_q0003.trm.jsonl
{"exact_positive": 0, "near_miss": 0, "weak_positive": 1, "negative": 0}
Wrote 1 TRM rows to C:\projects\Hermes Skills\data\primehub_trm_autoresearch\cycle_08\stage\qwen35_9b_rust_cargo_q0004.trm.jsonl
{"exact_positive": 0, "near_miss": 0, "weak_positive": 0, "negative": 1}
Wrote 1 TRM rows to C:\projects\Hermes Skills\data\primehub_trm_autoresearch\cycle_08\stage\qwen35_9b_science_env_q0024.trm.jsonl
{"exact_positive": 0, "near_miss": 0, "weak_positive": 0, "negative": 1}
Wrote 1 TRM rows to C:\projects\Hermes Skills\data\primehub_trm_autoresearch\cycle_08\stage\qwen35_9b_simple_bench_q0005.trm.jsonl
{"exact_positive": 1, "near_miss": 0, "weak_positive": 0, "negative": 0}
Wrote 1 TRM rows to C:\projects\Hermes Skills\data\primehub_trm_autoresearch\cycle_08\stage\qwen35_9b_simpleqa_q0025.trm.jsonl
{"exact_positive": 0, "near_miss": 0, "weak_positive": 0, "negative": 1}
Wrote 1 TRM rows to C:\projects\Hermes Skills\data\primehub_trm_autoresearch\cycle_08\stage\qwen35_9b_simpleqa_verified_2_q0006.trm.jsonl
{"exact_positive": 0, "near_miss": 0, "weak_positive": 0, "negative": 1}
Wrote 1 TRM rows to C:\projects\Hermes Skills\data\primehub_trm_autoresearch\cycle_08\stage\qwen35_9b_simpleqa_verified_q0026.trm.jsonl
{"exact_positive": 0, "near_miss": 0, "weak_positive": 0, "negative": 1}
Wrote 1 TRM rows to C:\projects\Hermes Skills\data\primehub_trm_autoresearch\cycle_08\stage\qwen35_9b_truthfulqa_q0007.trm.jsonl
{"exact_positive": 1, "near_miss": 0, "weak_positive": 0, "negative": 0}
Wrote 1 TRM rows to C:\projects\Hermes Skills\data\primehub_trm_autoresearch\cycle_08\stage\qwen35_9b_unscramble_q0027.trm.jsonl
{"exact_positive": 0, "near_miss": 0, "weak_positive": 0, "negative": 1}
Wrote 1 TRM rows to C:\projects\Hermes Skills\data\primehub_trm_autoresearch\cycle_08\stage\qwen35_9b_uq_project_q0009.trm.jsonl
{"exact_positive": 0, "near_miss": 0, "weak_positive": 0, "negative": 1}
Wrote 1 TRM rows to C:\projects\Hermes Skills\data\primehub_trm_autoresearch\cycle_08\stage\qwen35_9b_uq_q0008.trm.jsonl
{"exact_positive": 0, "near_miss": 0, "weak_positive": 0, "negative": 1}
Wrote 1 TRM rows to C:\projects\Hermes Skills\data\primehub_trm_autoresearch\cycle_08\stage\qwen35_9b_verbatim_copy_q0028.trm.jsonl
{"exact_positive": 0, "near_miss": 0, "weak_positive": 0, "negative": 1}
Wrote 1 TRM rows to C:\projects\Hermes Skills\data\primehub_trm_autoresearch\cycle_08\stage\qwen35_9b_vpct_1_q0010.trm.jsonl
{"exact_positive": 0, "near_miss": 0, "weak_positive": 0, "negative": 1}
Wrote 1 TRM rows to C:\projects\Hermes Skills\data\primehub_trm_autoresearch\cycle_08\stage\qwen35_9b_winogrande_q0011.trm.jsonl
{"exact_positive": 1, "near_miss": 0, "weak_positive": 0, "negative": 0}
Wrote 1 TRM rows to C:\projects\Hermes Skills\data\primehub_trm_autoresearch\cycle_08\stage\qwen35_9b_wmdp_q0012.trm.jsonl
{"exact_positive": 0, "near_miss": 0, "weak_positive": 0, "negative": 1}
Wrote 1 TRM rows to C:\projects\Hermes Skills\data\primehub_trm_autoresearch\cycle_08\stage\qwen35_9b_writing_bench_q0013.trm.jsonl
{"exact_positive": 0, "near_miss": 0, "weak_positive": 0, "negative": 1}
Wrote 1 TRM rows to C:\projects\Hermes Skills\data\primehub_trm_autoresearch\cycle_08\stage\qwen35_27b_agency_bench_q0046.trm.jsonl
{"exact_positive": 0, "near_miss": 0, "weak_positive": 0, "negative": 1}
Wrote 1 TRM rows to C:\projects\Hermes Skills\data\primehub_trm_autoresearch\cycle_08\stage\qwen35_27b_allenai_ifeval_q0047.trm.jsonl
{"exact_positive": 0, "near_miss": 0, "weak_positive": 0, "negative": 1}
Wrote 1 TRM rows to C:\projects\Hermes Skills\data\primehub_trm_autoresearch\cycle_08\stage\qwen35_27b_antislop_q0048.trm.jsonl
{"exact_positive": 1, "near_miss": 0, "weak_positive": 0, "negative": 0}
Wrote 1 TRM rows to C:\projects\Hermes Skills\data\primehub_trm_autoresearch\cycle_08\stage\qwen35_27b_arc_q0049.trm.jsonl
{"exact_positive": 0, "near_miss": 0, "weak_positive": 0, "negative": 1}
Wrote 1 TRM rows to C:\projects\Hermes Skills\data\primehub_trm_autoresearch\cycle_08\stage\qwen35_27b_ascii_tree_q0050.trm.jsonl
{"exact_positive": 0, "near_miss": 0, "weak_positive": 0, "negative": 1}
Wrote 1 TRM rows to C:\projects\Hermes Skills\data\primehub_trm_autoresearch\cycle_08\stage\qwen35_27b_bixbench_q0051.trm.jsonl
{"exact_positive": 0, "near_miss": 0, "weak_positive": 0, "negative": 1}
Wrote 1 TRM rows to C:\projects\Hermes Skills\data\primehub_trm_autoresearch\cycle_08\stage\qwen35_27b_boolq_q0052.trm.jsonl
{"exact_positive": 1, "near_miss": 0, "weak_positive": 0, "negative": 0}
Wrote 1 TRM rows to C:\projects\Hermes Skills\data\primehub_trm_autoresearch\cycle_08\stage\qwen35_27b_coconot_q0053.trm.jsonl
{"exact_positive": 0, "near_miss": 0, "weak_positive": 0, "negative": 1}
Wrote 1 TRM rows to C:\projects\Hermes Skills\data\primehub_trm_autoresearch\cycle_08\stage\qwen35_27b_colf_q0054.trm.jsonl
{"exact_positive": 0, "near_miss": 0, "weak_positive": 0, "negative": 1}
Wrote 1 TRM rows to C:\projects\Hermes Skills\data\primehub_trm_autoresearch\cycle_08\stage\qwen35_27b_deep_consult_q0055.trm.jsonl
{"exact_positive": 0, "near_miss": 0, "weak_positive": 0, "negative": 1}
Wrote 1 TRM rows to C:\projects\Hermes Skills\data\primehub_trm_autoresearch\cycle_08\stage\qwen35_27b_gauss_q0056.trm.jsonl
{"exact_positive": 0, "near_miss": 0, "weak_positive": 0, "negative": 1}
Wrote 1 TRM rows to C:\projects\Hermes Skills\data\primehub_trm_autoresearch\cycle_08\stage\qwen35_27b_hellaswag_q0057.trm.jsonl
{"exact_positive": 0, "near_miss": 0, "weak_positive": 0, "negative": 1}
Wrote 1 TRM rows to C:\projects\Hermes Skills\data\primehub_trm_autoresearch\cycle_08\stage\qwen35_27b_jailbreak_bench_q0058.trm.jsonl
{"exact_positive": 0, "near_miss": 0, "weak_positive": 0, "negative": 1}
Wrote 1 TRM rows to C:\projects\Hermes Skills\data\primehub_trm_autoresearch\cycle_08\stage\qwen35_27b_lisanbench_q0059.trm.jsonl
{"exact_positive": 0, "near_miss": 0, "weak_positive": 0, "negative": 1}
Wrote 1 TRM rows to C:\projects\Hermes Skills\data\primehub_trm_autoresearch\cycle_08\stage\qwen35_27b_llm_writing_detection_q0060.trm.jsonl
{"exact_positive": 0, "near_miss": 0, "weak_positive": 0, "negative": 1}
Wrote 1 TRM rows to C:\projects\Hermes Skills\data\primehub_trm_autoresearch\cycle_08\stage\qwen35_27b_longbench_v2_q0061.trm.jsonl
{"exact_positive": 0, "near_miss": 0, "weak_positive": 0, "negative": 1}
Wrote 1 TRM rows to C:\projects\Hermes Skills\data\primehub_trm_autoresearch\cycle_08\stage\qwen35_27b_medsafetybench_q0062.trm.jsonl
{"exact_positive": 0, "near_miss": 0, "weak_positive": 0, "negative": 1}
Wrote 1 TRM rows to C:\projects\Hermes Skills\data\primehub_trm_autoresearch\cycle_08\stage\qwen35_27b_misguided_attn_q0063.trm.jsonl
{"exact_positive": 0, "near_miss": 0, "weak_positive": 0, "negative": 1}
Wrote 1 TRM rows to C:\projects\Hermes Skills\data\primehub_trm_autoresearch\cycle_08\stage\qwen35_27b_mmlu_q0064.trm.jsonl
{"exact_positive": 0, "near_miss": 0, "weak_positive": 0, "negative": 1}
Wrote 1 TRM rows to C:\projects\Hermes Skills\data\primehub_trm_autoresearch\cycle_08\stage\qwen35_27b_psycho_bench_q0065.trm.jsonl
{"exact_positive": 0, "near_miss": 0, "weak_positive": 0, "negative": 1}
Wrote 1 TRM rows to C:\projects\Hermes Skills\data\primehub_trm_autoresearch\cycle_08\stage\qwen35_27b_pydantic_adherence_q0066.trm.jsonl
{"exact_positive": 0, "near_miss": 0, "weak_positive": 0, "negative": 1}
Wrote 1 TRM rows to C:\projects\Hermes Skills\data\primehub_trm_autoresearch\cycle_08\stage\qwen35_27b_reward_bench_q0067.trm.jsonl
{"exact_positive": 0, "near_miss": 0, "weak_positive": 1, "negative": 0}
Wrote 1 TRM rows to C:\projects\Hermes Skills\data\primehub_trm_autoresearch\cycle_08\stage\qwen35_27b_rust_cargo_q0068.trm.jsonl
{"exact_positive": 0, "near_miss": 0, "weak_positive": 0, "negative": 1}
Wrote 0 TRM rows to C:\projects\Hermes Skills\data\primehub_trm_autoresearch\cycle_08\stage\qwen35_27b_simple_bench_q0069.trm.jsonl
{"exact_positive": 0, "near_miss": 0, "weak_positive": 0, "negative": 0}
Wrote 1 TRM rows to C:\projects\Hermes Skills\data\primehub_trm_autoresearch\cycle_08\stage\qwen35_9b_agency_bench_q0001.trm.jsonl
{"exact_positive": 0, "near_miss": 0, "weak_positive": 0, "negative": 1}
Wrote 1 TRM rows to C:\projects\Hermes Skills\data\primehub_trm_autoresearch\cycle_08\stage\qwen35_9b_aime2024_q0033.trm.jsonl
{"exact_positive": 0, "near_miss": 0, "weak_positive": 0, "negative": 1}
Wrote 1 TRM rows to C:\projects\Hermes Skills\data\primehub_trm_autoresearch\cycle_08\stage\qwen35_9b_aime2025_q0034.trm.jsonl
{"exact_positive": 0, "near_miss": 0, "weak_positive": 0, "negative": 1}
Wrote 1 TRM rows to C:\projects\Hermes Skills\data\primehub_trm_autoresearch\cycle_08\stage\qwen35_9b_aime2026_q0035.trm.jsonl
{"exact_positive": 0, "near_miss": 0, "weak_positive": 0, "negative": 1}
Wrote 1 TRM rows to C:\projects\Hermes Skills\data\primehub_trm_autoresearch\cycle_08\stage\qwen35_9b_allenai_ifeval_q0002.trm.jsonl
{"exact_positive": 0, "near_miss": 0, "weak_positive": 0, "negative": 1}
Wrote 1 TRM rows to C:\projects\Hermes Skills\data\primehub_trm_autoresearch\cycle_08\stage\qwen35_9b_antislop_q0003.trm.jsonl
{"exact_positive": 1, "near_miss": 0, "weak_positive": 0, "negative": 0}
Wrote 1 TRM rows to C:\projects\Hermes Skills\data\primehub_trm_autoresearch\cycle_08\stage\qwen35_9b_arc_q0004.trm.jsonl
{"exact_positive": 1, "near_miss": 0, "weak_positive": 0, "negative": 0}
Wrote 1 TRM rows to C:\projects\Hermes Skills\data\primehub_trm_autoresearch\cycle_08\stage\qwen35_9b_ascii_tree_q0005.trm.jsonl
{"exact_positive": 0, "near_miss": 0, "weak_positive": 1, "negative": 0}
Wrote 1 TRM rows to C:\projects\Hermes Skills\data\primehub_trm_autoresearch\cycle_08\stage\qwen35_9b_bixbench_q0006.trm.jsonl
{"exact_positive": 0, "near_miss": 0, "weak_positive": 0, "negative": 1}
Wrote 1 TRM rows to C:\projects\Hermes Skills\data\primehub_trm_autoresearch\cycle_08\stage\qwen35_9b_boolq_q0007.trm.jsonl
{"exact_positive": 1, "near_miss": 0, "weak_positive": 0, "negative": 0}
Wrote 1 TRM rows to C:\projects\Hermes Skills\data\primehub_trm_autoresearch\cycle_08\stage\qwen35_9b_clbench_q0036.trm.jsonl
{"exact_positive": 0, "near_miss": 0, "weak_positive": 0, "negative": 1}
Wrote 1 TRM rows to C:\projects\Hermes Skills\data\primehub_trm_autoresearch\cycle_08\stage\qwen35_9b_coconot_q0008.trm.jsonl
{"exact_positive": 0, "near_miss": 0, "weak_positive": 0, "negative": 1}
Wrote 1 TRM rows to C:\projects\Hermes Skills\data\primehub_trm_autoresearch\cycle_08\stage\qwen35_9b_colf_q0009.trm.jsonl
{"exact_positive": 0, "near_miss": 0, "weak_positive": 0, "negative": 1}
Wrote 1 TRM rows to C:\projects\Hermes Skills\data\primehub_trm_autoresearch\cycle_08\stage\qwen35_9b_deep_consult_q0010.trm.jsonl
{"exact_positive": 0, "near_miss": 0, "weak_positive": 0, "negative": 1}
Wrote 1 TRM rows to C:\projects\Hermes Skills\data\primehub_trm_autoresearch\cycle_08\stage\qwen35_9b_gauss_q0011.trm.jsonl
{"exact_positive": 0, "near_miss": 0, "weak_positive": 0, "negative": 1}
Wrote 1 TRM rows to C:\projects\Hermes Skills\data\primehub_trm_autoresearch\cycle_08\stage\qwen35_9b_hellaswag_q0012.trm.jsonl
{"exact_positive": 1, "near_miss": 0, "weak_positive": 0, "negative": 0}
Wrote 1 TRM rows to C:\projects\Hermes Skills\data\primehub_trm_autoresearch\cycle_08\stage\qwen35_9b_if_summarize_judge_q0037.trm.jsonl
{"exact_positive": 0, "near_miss": 0, "weak_positive": 0, "negative": 1}
Wrote 1 TRM rows to C:\projects\Hermes Skills\data\primehub_trm_autoresearch\cycle_08\stage\qwen35_9b_jailbreak_bench_q0013.trm.jsonl
{"exact_positive": 0, "near_miss": 0, "weak_positive": 0, "negative": 1}
Wrote 1 TRM rows to C:\projects\Hermes Skills\data\primehub_trm_autoresearch\cycle_08\stage\qwen35_9b_lisanbench_q0014.trm.jsonl
{"exact_positive": 1, "near_miss": 0, "weak_positive": 0, "negative": 0}
Wrote 1 TRM rows to C:\projects\Hermes Skills\data\primehub_trm_autoresearch\cycle_08\stage\qwen35_9b_llm_writing_detection_q0015.trm.jsonl
{"exact_positive": 0, "near_miss": 0, "weak_positive": 0, "negative": 1}
Wrote 1 TRM rows to C:\projects\Hermes Skills\data\primehub_trm_autoresearch\cycle_08\stage\qwen35_9b_logic_env_q0038.trm.jsonl
{"exact_positive": 0, "near_miss": 0, "weak_positive": 0, "negative": 1}
Wrote 1 TRM rows to C:\projects\Hermes Skills\data\primehub_trm_autoresearch\cycle_08\stage\qwen35_9b_longbench_v2_q0016.trm.jsonl
{"exact_positive": 0, "near_miss": 0, "weak_positive": 0, "negative": 1}
Wrote 1 TRM rows to C:\projects\Hermes Skills\data\primehub_trm_autoresearch\cycle_08\stage\qwen35_9b_math500_q0039.trm.jsonl
{"exact_positive": 0, "near_miss": 0, "weak_positive": 0, "negative": 1}
Wrote 1 TRM rows to C:\projects\Hermes Skills\data\primehub_trm_autoresearch\cycle_08\stage\qwen35_9b_math_env_q0040.trm.jsonl
{"exact_positive": 1, "near_miss": 0, "weak_positive": 0, "negative": 0}
Wrote 1 TRM rows to C:\projects\Hermes Skills\data\primehub_trm_autoresearch\cycle_08\stage\qwen35_9b_medsafetybench_q0017.trm.jsonl
{"exact_positive": 0, "near_miss": 0, "weak_positive": 0, "negative": 1}
Wrote 1 TRM rows to C:\projects\Hermes Skills\data\primehub_trm_autoresearch\cycle_08\stage\qwen35_9b_misguided_attn_q0018.trm.jsonl
{"exact_positive": 0, "near_miss": 0, "weak_positive": 0, "negative": 1}
Wrote 1 TRM rows to C:\projects\Hermes Skills\data\primehub_trm_autoresearch\cycle_08\stage\qwen35_9b_mmlu_pro_q0041.trm.jsonl
{"exact_positive": 0, "near_miss": 0, "weak_positive": 0, "negative": 1}
Wrote 1 TRM rows to C:\projects\Hermes Skills\data\primehub_trm_autoresearch\cycle_08\stage\qwen35_9b_mmlu_q0019.trm.jsonl
{"exact_positive": 0, "near_miss": 0, "weak_positive": 0, "negative": 1}
Wrote 1 TRM rows to C:\projects\Hermes Skills\data\primehub_trm_autoresearch\cycle_08\stage\qwen35_9b_psycho_bench_q0020.trm.jsonl
{"exact_positive": 1, "near_miss": 0, "weak_positive": 0, "negative": 0}
Wrote 1 TRM rows to C:\projects\Hermes Skills\data\primehub_trm_autoresearch\cycle_08\stage\qwen35_9b_pydantic_adherence_q0021.trm.jsonl
{"exact_positive": 0, "near_miss": 0, "weak_positive": 0, "negative": 1}
Wrote 1 TRM rows to C:\projects\Hermes Skills\data\primehub_trm_autoresearch\cycle_08\stage\qwen35_9b_reward_bench_q0022.trm.jsonl
{"exact_positive": 0, "near_miss": 0, "weak_positive": 1, "negative": 0}
Wrote 1 TRM rows to C:\projects\Hermes Skills\data\primehub_trm_autoresearch\cycle_08\stage\qwen35_9b_rust_cargo_q0023.trm.jsonl
{"exact_positive": 0, "near_miss": 0, "weak_positive": 0, "negative": 1}
Wrote 1 TRM rows to C:\projects\Hermes Skills\data\primehub_trm_autoresearch\cycle_08\stage\qwen35_9b_science_env_q0042.trm.jsonl
{"exact_positive": 0, "near_miss": 0, "weak_positive": 0, "negative": 1}
Wrote 1 TRM rows to C:\projects\Hermes Skills\data\primehub_trm_autoresearch\cycle_08\stage\qwen35_9b_simple_bench_q0024.trm.jsonl
{"exact_positive": 1, "near_miss": 0, "weak_positive": 0, "negative": 0}
Wrote 1 TRM rows to C:\projects\Hermes Skills\data\primehub_trm_autoresearch\cycle_08\stage\qwen35_9b_simpleqa_q0043.trm.jsonl
{"exact_positive": 0, "near_miss": 0, "weak_positive": 0, "negative": 1}
Wrote 1 TRM rows to C:\projects\Hermes Skills\data\primehub_trm_autoresearch\cycle_08\stage\qwen35_9b_simpleqa_verified_2_q0025.trm.jsonl
{"exact_positive": 0, "near_miss": 0, "weak_positive": 0, "negative": 1}
Wrote 1 TRM rows to C:\projects\Hermes Skills\data\primehub_trm_autoresearch\cycle_08\stage\qwen35_9b_simpleqa_verified_q0044.trm.jsonl
{"exact_positive": 0, "near_miss": 0, "weak_positive": 0, "negative": 1}
Wrote 1 TRM rows to C:\projects\Hermes Skills\data\primehub_trm_autoresearch\cycle_08\stage\qwen35_9b_truthfulqa_q0026.trm.jsonl
{"exact_positive": 1, "near_miss": 0, "weak_positive": 0, "negative": 0}
Wrote 1 TRM rows to C:\projects\Hermes Skills\data\primehub_trm_autoresearch\cycle_08\stage\qwen35_9b_unscramble_q0045.trm.jsonl
{"exact_positive": 0, "near_miss": 0, "weak_positive": 0, "negative": 1}
Wrote 1 TRM rows to C:\projects\Hermes Skills\data\primehub_trm_autoresearch\cycle_08\stage\qwen35_9b_uq_project_q0028.trm.jsonl
{"exact_positive": 0, "near_miss": 0, "weak_positive": 0, "negative": 1}
Wrote 1 TRM rows to C:\projects\Hermes Skills\data\primehub_trm_autoresearch\cycle_08\stage\qwen35_9b_uq_q0027.trm.jsonl
{"exact_positive": 0, "near_miss": 0, "weak_positive": 0, "negative": 1}
Wrote 1 TRM rows to C:\projects\Hermes Skills\data\primehub_trm_autoresearch\cycle_08\stage\qwen35_9b_vpct_1_q0029.trm.jsonl
{"exact_positive": 0, "near_miss": 0, "weak_positive": 0, "negative": 1}
Wrote 1 TRM rows to C:\projects\Hermes Skills\data\primehub_trm_autoresearch\cycle_08\stage\qwen35_9b_winogrande_q0030.trm.jsonl
{"exact_positive": 1, "near_miss": 0, "weak_positive": 0, "negative": 0}
Wrote 1 TRM rows to C:\projects\Hermes Skills\data\primehub_trm_autoresearch\cycle_08\stage\qwen35_9b_wmdp_q0031.trm.jsonl
{"exact_positive": 0, "near_miss": 0, "weak_positive": 0, "negative": 1}
Wrote 1 TRM rows to C:\projects\Hermes Skills\data\primehub_trm_autoresearch\cycle_08\stage\qwen35_9b_writing_bench_q0032.trm.jsonl
{"exact_positive": 0, "near_miss": 0, "weak_positive": 0, "negative": 1}
Wrote 173 merged TRM rows to C:\projects\Hermes Skills\data\primehub_trm_autoresearch\cycle_08\primehub_trm_merged.jsonl
{"negative": 145, "exact_positive": 23, "weak_positive": 5}
Wrote critic model with 173 examples to C:\projects\Hermes Skills\data\primehub_trm_autoresearch\cycle_08\models\trm_critic.json
{'negative': 145, 'exact_positive': 23, 'weak_positive': 5}
Wrote benchmark summary to C:\projects\Hermes Skills\data\primehub_trm_autoresearch\cycle_08\bench\trm_critic_bench.summary.json
{"eval_rows": 30, "bucket_accuracy": 0.7333, "per_family": {"primehub": {"rows": 30, "bucket_accuracy": 0.7333, "avg_bucket_abs_error": 0.8, "visible_output_accuracy": 0.5, "avg_grid_cell_accuracy_abs_error": null}}}
Wrote retriever model with 23 examples to C:\projects\Hermes Skills\data\primehub_trm_autoresearch\cycle_08\models\trm_retriever.json
{"exact_positive": 23}
Wrote benchmark summary to C:\projects\Hermes Skills\data\primehub_trm_autoresearch\cycle_08\bench\trm_retriever_bench.summary.json
{"eval_rows": 30, "exact_match_rate": 0.0667, "per_family": {"primehub": {"rows": 30, "exact_match_rate": 0.0667, "nonempty_prediction_rate": 1.0, "avg_similarity": 0.3705, "avg_grid_cell_accuracy": null}}}
Wrote router benchmark summary to C:\projects\Hermes Skills\data\primehub_trm_autoresearch\cycle_08\bench\trm_router_bench.summary.json
{"eval_rows": 30, "retrieval_only": {"exact_match_rate": 0.0667, "nonempty_prediction_rate": 1.0, "avg_grid_cell_accuracy": null}, "critic_gated": {"exact_match_rate": 0.0, "nonempty_prediction_rate": 0.1, "route_abstain_rate": 0.9, "avg_grid_cell_accuracy": null}}
{
  "manifest": "C:\\projects\\Hermes Skills\\data\\primehub_trm_autoresearch\\cycle_08\\primehub_trm_rollup.manifest.json",
  "merged_rows": 173,
  "bucket_counts": {
    "negative": 145,
    "exact_positive": 23,
    "weak_positive": 5
  }
}
{
  "output_json": "C:\\projects\\Hermes Skills\\data\\primehub_trm_autoresearch\\cycle_08\\imprint\\primehub_skill_imprint.json",
  "output_md": "C:\\projects\\Hermes Skills\\data\\primehub_trm_autoresearch\\cycle_08\\imprint\\primehub_skill_imprint.md",
  "rows": 173
}
Wrote 1 TRM rows to C:\projects\Hermes Skills\data\primehub_trm_autoresearch\cycle_09\stage\qwen35_27b_aime2024_q0016.trm.jsonl
{"exact_positive": 0, "near_miss": 0, "weak_positive": 0, "negative": 1}
Wrote 1 TRM rows to C:\projects\Hermes Skills\data\primehub_trm_autoresearch\cycle_09\stage\qwen35_27b_aime2025_q0017.trm.jsonl
{"exact_positive": 0, "near_miss": 0, "weak_positive": 0, "negative": 1}
Wrote 1 TRM rows to C:\projects\Hermes Skills\data\primehub_trm_autoresearch\cycle_09\stage\qwen35_27b_aime2026_q0018.trm.jsonl
{"exact_positive": 0, "near_miss": 0, "weak_positive": 0, "negative": 1}
Wrote 1 TRM rows to C:\projects\Hermes Skills\data\primehub_trm_autoresearch\cycle_09\stage\qwen35_27b_clbench_q0019.trm.jsonl
{"exact_positive": 0, "near_miss": 0, "weak_positive": 0, "negative": 1}
Wrote 1 TRM rows to C:\projects\Hermes Skills\data\primehub_trm_autoresearch\cycle_09\stage\qwen35_27b_if_summarize_judge_q0020.trm.jsonl
{"exact_positive": 0, "near_miss": 0, "weak_positive": 0, "negative": 1}
Wrote 1 TRM rows to C:\projects\Hermes Skills\data\primehub_trm_autoresearch\cycle_09\stage\qwen35_27b_lisanbench_q0013.trm.jsonl
{"exact_positive": 0, "near_miss": 0, "weak_positive": 0, "negative": 1}
Wrote 1 TRM rows to C:\projects\Hermes Skills\data\primehub_trm_autoresearch\cycle_09\stage\qwen35_27b_logic_env_q0021.trm.jsonl
{"exact_positive": 0, "near_miss": 0, "weak_positive": 0, "negative": 1}
Wrote 1 TRM rows to C:\projects\Hermes Skills\data\primehub_trm_autoresearch\cycle_09\stage\qwen35_27b_math500_q0022.trm.jsonl
{"exact_positive": 0, "near_miss": 0, "weak_positive": 0, "negative": 1}
Wrote 1 TRM rows to C:\projects\Hermes Skills\data\primehub_trm_autoresearch\cycle_09\stage\qwen35_27b_math_env_q0023.trm.jsonl
{"exact_positive": 0, "near_miss": 0, "weak_positive": 0, "negative": 1}
Wrote 1 TRM rows to C:\projects\Hermes Skills\data\primehub_trm_autoresearch\cycle_09\stage\qwen35_27b_misguided_attn_q0014.trm.jsonl
{"exact_positive": 0, "near_miss": 0, "weak_positive": 0, "negative": 1}
Wrote 1 TRM rows to C:\projects\Hermes Skills\data\primehub_trm_autoresearch\cycle_09\stage\qwen35_27b_mmlu_pro_q0024.trm.jsonl
{"exact_positive": 0, "near_miss": 0, "weak_positive": 0, "negative": 1}
Wrote 1 TRM rows to C:\projects\Hermes Skills\data\primehub_trm_autoresearch\cycle_09\stage\qwen35_27b_psycho_bench_q0015.trm.jsonl
{"exact_positive": 0, "near_miss": 0, "weak_positive": 0, "negative": 1}
Wrote 1 TRM rows to C:\projects\Hermes Skills\data\primehub_trm_autoresearch\cycle_09\stage\qwen35_9b_aime2024_q0004.trm.jsonl
{"exact_positive": 0, "near_miss": 0, "weak_positive": 0, "negative": 1}
Wrote 1 TRM rows to C:\projects\Hermes Skills\data\primehub_trm_autoresearch\cycle_09\stage\qwen35_9b_aime2025_q0005.trm.jsonl
{"exact_positive": 0, "near_miss": 0, "weak_positive": 0, "negative": 1}
Wrote 1 TRM rows to C:\projects\Hermes Skills\data\primehub_trm_autoresearch\cycle_09\stage\qwen35_9b_aime2026_q0006.trm.jsonl
{"exact_positive": 0, "near_miss": 0, "weak_positive": 0, "negative": 1}
Wrote 1 TRM rows to C:\projects\Hermes Skills\data\primehub_trm_autoresearch\cycle_09\stage\qwen35_9b_clbench_q0007.trm.jsonl
{"exact_positive": 0, "near_miss": 0, "weak_positive": 0, "negative": 1}
Wrote 1 TRM rows to C:\projects\Hermes Skills\data\primehub_trm_autoresearch\cycle_09\stage\qwen35_9b_if_summarize_judge_q0008.trm.jsonl
{"exact_positive": 0, "near_miss": 0, "weak_positive": 0, "negative": 1}
Wrote 1 TRM rows to C:\projects\Hermes Skills\data\primehub_trm_autoresearch\cycle_09\stage\qwen35_9b_lisanbench_q0001.trm.jsonl
{"exact_positive": 1, "near_miss": 0, "weak_positive": 0, "negative": 0}
Wrote 1 TRM rows to C:\projects\Hermes Skills\data\primehub_trm_autoresearch\cycle_09\stage\qwen35_9b_logic_env_q0009.trm.jsonl
{"exact_positive": 0, "near_miss": 0, "weak_positive": 0, "negative": 1}
Wrote 1 TRM rows to C:\projects\Hermes Skills\data\primehub_trm_autoresearch\cycle_09\stage\qwen35_9b_math500_q0010.trm.jsonl
{"exact_positive": 0, "near_miss": 0, "weak_positive": 0, "negative": 1}
Wrote 1 TRM rows to C:\projects\Hermes Skills\data\primehub_trm_autoresearch\cycle_09\stage\qwen35_9b_math_env_q0011.trm.jsonl
{"exact_positive": 1, "near_miss": 0, "weak_positive": 0, "negative": 0}
Wrote 1 TRM rows to C:\projects\Hermes Skills\data\primehub_trm_autoresearch\cycle_09\stage\qwen35_9b_misguided_attn_q0002.trm.jsonl
{"exact_positive": 0, "near_miss": 0, "weak_positive": 0, "negative": 1}
Wrote 1 TRM rows to C:\projects\Hermes Skills\data\primehub_trm_autoresearch\cycle_09\stage\qwen35_9b_mmlu_pro_q0012.trm.jsonl
{"exact_positive": 0, "near_miss": 0, "weak_positive": 0, "negative": 1}
Wrote 1 TRM rows to C:\projects\Hermes Skills\data\primehub_trm_autoresearch\cycle_09\stage\qwen35_9b_psycho_bench_q0003.trm.jsonl
{"exact_positive": 1, "near_miss": 0, "weak_positive": 0, "negative": 0}
Wrote 1 TRM rows to C:\projects\Hermes Skills\data\primehub_trm_autoresearch\cycle_09\stage\qwen35_27b_math_env_q0001.trm.jsonl
{"exact_positive": 0, "near_miss": 0, "weak_positive": 0, "negative": 1}
Wrote 1 TRM rows to C:\projects\Hermes Skills\data\primehub_trm_autoresearch\cycle_09\stage\qwen35_27b_mmlu_pro_q0002.trm.jsonl
{"exact_positive": 0, "near_miss": 0, "weak_positive": 0, "negative": 1}
Wrote 1 TRM rows to C:\projects\Hermes Skills\data\primehub_trm_autoresearch\cycle_09\stage\qwen35_27b_agency_bench_q0029.trm.jsonl
{"exact_positive": 0, "near_miss": 0, "weak_positive": 0, "negative": 1}
Wrote 1 TRM rows to C:\projects\Hermes Skills\data\primehub_trm_autoresearch\cycle_09\stage\qwen35_27b_aime2024_q0009.trm.jsonl
{"exact_positive": 0, "near_miss": 0, "weak_positive": 0, "negative": 1}
Wrote 1 TRM rows to C:\projects\Hermes Skills\data\primehub_trm_autoresearch\cycle_09\stage\qwen35_27b_aime2025_q0010.trm.jsonl
{"exact_positive": 0, "near_miss": 0, "weak_positive": 0, "negative": 1}
Wrote 1 TRM rows to C:\projects\Hermes Skills\data\primehub_trm_autoresearch\cycle_09\stage\qwen35_27b_aime2026_q0011.trm.jsonl
{"exact_positive": 0, "near_miss": 0, "weak_positive": 0, "negative": 1}
Wrote 1 TRM rows to C:\projects\Hermes Skills\data\primehub_trm_autoresearch\cycle_09\stage\qwen35_27b_allenai_ifeval_q0030.trm.jsonl
{"exact_positive": 0, "near_miss": 0, "weak_positive": 0, "negative": 1}
Wrote 1 TRM rows to C:\projects\Hermes Skills\data\primehub_trm_autoresearch\cycle_09\stage\qwen35_27b_antislop_q0031.trm.jsonl
{"exact_positive": 1, "near_miss": 0, "weak_positive": 0, "negative": 0}
Wrote 1 TRM rows to C:\projects\Hermes Skills\data\primehub_trm_autoresearch\cycle_09\stage\qwen35_27b_arc_q0032.trm.jsonl
{"exact_positive": 0, "near_miss": 0, "weak_positive": 0, "negative": 1}
Wrote 1 TRM rows to C:\projects\Hermes Skills\data\primehub_trm_autoresearch\cycle_09\stage\qwen35_27b_ascii_tree_q0033.trm.jsonl
{"exact_positive": 0, "near_miss": 0, "weak_positive": 0, "negative": 1}
Wrote 1 TRM rows to C:\projects\Hermes Skills\data\primehub_trm_autoresearch\cycle_09\stage\qwen35_27b_bixbench_q0034.trm.jsonl
{"exact_positive": 0, "near_miss": 0, "weak_positive": 0, "negative": 1}
Wrote 1 TRM rows to C:\projects\Hermes Skills\data\primehub_trm_autoresearch\cycle_09\stage\qwen35_27b_boolq_q0035.trm.jsonl
{"exact_positive": 0, "near_miss": 0, "weak_positive": 0, "negative": 1}
Wrote 1 TRM rows to C:\projects\Hermes Skills\data\primehub_trm_autoresearch\cycle_09\stage\qwen35_27b_clbench_q0012.trm.jsonl
{"exact_positive": 0, "near_miss": 0, "weak_positive": 0, "negative": 1}
Wrote 1 TRM rows to C:\projects\Hermes Skills\data\primehub_trm_autoresearch\cycle_09\stage\qwen35_27b_coconot_q0036.trm.jsonl
{"exact_positive": 0, "near_miss": 0, "weak_positive": 0, "negative": 1}
Wrote 1 TRM rows to C:\projects\Hermes Skills\data\primehub_trm_autoresearch\cycle_09\stage\qwen35_27b_colf_q0037.trm.jsonl
{"exact_positive": 0, "near_miss": 0, "weak_positive": 0, "negative": 1}
Wrote 1 TRM rows to C:\projects\Hermes Skills\data\primehub_trm_autoresearch\cycle_09\stage\qwen35_27b_deep_consult_q0038.trm.jsonl
{"exact_positive": 0, "near_miss": 0, "weak_positive": 0, "negative": 1}
Wrote 1 TRM rows to C:\projects\Hermes Skills\data\primehub_trm_autoresearch\cycle_09\stage\qwen35_27b_gauss_q0039.trm.jsonl
{"exact_positive": 0, "near_miss": 0, "weak_positive": 0, "negative": 1}
Wrote 1 TRM rows to C:\projects\Hermes Skills\data\primehub_trm_autoresearch\cycle_09\stage\qwen35_27b_hellaswag_q0040.trm.jsonl
{"exact_positive": 0, "near_miss": 0, "weak_positive": 0, "negative": 1}
Wrote 1 TRM rows to C:\projects\Hermes Skills\data\primehub_trm_autoresearch\cycle_09\stage\qwen35_27b_if_summarize_judge_q0013.trm.jsonl
{"exact_positive": 0, "near_miss": 0, "weak_positive": 0, "negative": 1}
Wrote 1 TRM rows to C:\projects\Hermes Skills\data\primehub_trm_autoresearch\cycle_09\stage\qwen35_27b_jailbreak_bench_q0041.trm.jsonl
{"exact_positive": 0, "near_miss": 0, "weak_positive": 0, "negative": 1}
Wrote 1 TRM rows to C:\projects\Hermes Skills\data\primehub_trm_autoresearch\cycle_09\stage\qwen35_27b_lisanbench_q0042.trm.jsonl
{"exact_positive": 0, "near_miss": 0, "weak_positive": 0, "negative": 1}
Wrote 1 TRM rows to C:\projects\Hermes Skills\data\primehub_trm_autoresearch\cycle_09\stage\qwen35_27b_llm_writing_detection_q0043.trm.jsonl
{"exact_positive": 0, "near_miss": 0, "weak_positive": 0, "negative": 1}
Wrote 1 TRM rows to C:\projects\Hermes Skills\data\primehub_trm_autoresearch\cycle_09\stage\qwen35_27b_logic_env_q0014.trm.jsonl
{"exact_positive": 0, "near_miss": 0, "weak_positive": 0, "negative": 1}
Wrote 1 TRM rows to C:\projects\Hermes Skills\data\primehub_trm_autoresearch\cycle_09\stage\qwen35_27b_longbench_v2_q0044.trm.jsonl
{"exact_positive": 0, "near_miss": 0, "weak_positive": 0, "negative": 1}
Wrote 1 TRM rows to C:\projects\Hermes Skills\data\primehub_trm_autoresearch\cycle_09\stage\qwen35_27b_math500_q0015.trm.jsonl
{"exact_positive": 0, "near_miss": 0, "weak_positive": 0, "negative": 1}
Wrote 1 TRM rows to C:\projects\Hermes Skills\data\primehub_trm_autoresearch\cycle_09\stage\qwen35_27b_math_env_q0016.trm.jsonl
{"exact_positive": 0, "near_miss": 0, "weak_positive": 0, "negative": 1}
Wrote 1 TRM rows to C:\projects\Hermes Skills\data\primehub_trm_autoresearch\cycle_09\stage\qwen35_27b_medsafetybench_q0045.trm.jsonl
{"exact_positive": 0, "near_miss": 0, "weak_positive": 0, "negative": 1}
Wrote 1 TRM rows to C:\projects\Hermes Skills\data\primehub_trm_autoresearch\cycle_09\stage\qwen35_27b_misguided_attn_q0046.trm.jsonl
{"exact_positive": 0, "near_miss": 0, "weak_positive": 0, "negative": 1}
Wrote 1 TRM rows to C:\projects\Hermes Skills\data\primehub_trm_autoresearch\cycle_09\stage\qwen35_27b_mmlu_pro_q0017.trm.jsonl
{"exact_positive": 0, "near_miss": 0, "weak_positive": 0, "negative": 1}
Wrote 1 TRM rows to C:\projects\Hermes Skills\data\primehub_trm_autoresearch\cycle_09\stage\qwen35_27b_mmlu_q0047.trm.jsonl
{"exact_positive": 0, "near_miss": 0, "weak_positive": 0, "negative": 1}
Wrote 1 TRM rows to C:\projects\Hermes Skills\data\primehub_trm_autoresearch\cycle_09\stage\qwen35_27b_passthrough_q0018.trm.jsonl
{"exact_positive": 0, "near_miss": 0, "weak_positive": 0, "negative": 1}
Wrote 1 TRM rows to C:\projects\Hermes Skills\data\primehub_trm_autoresearch\cycle_09\stage\qwen35_27b_psycho_bench_q0048.trm.jsonl
{"exact_positive": 0, "near_miss": 0, "weak_positive": 0, "negative": 1}
Wrote 1 TRM rows to C:\projects\Hermes Skills\data\primehub_trm_autoresearch\cycle_09\stage\qwen35_27b_pydantic_adherence_q0049.trm.jsonl
{"exact_positive": 0, "near_miss": 0, "weak_positive": 0, "negative": 1}
Wrote 1 TRM rows to C:\projects\Hermes Skills\data\primehub_trm_autoresearch\cycle_09\stage\qwen35_27b_reward_bench_q0050.trm.jsonl
{"exact_positive": 0, "near_miss": 0, "weak_positive": 1, "negative": 0}
Wrote 1 TRM rows to C:\projects\Hermes Skills\data\primehub_trm_autoresearch\cycle_09\stage\qwen35_27b_rust_cargo_q0051.trm.jsonl
{"exact_positive": 0, "near_miss": 0, "weak_positive": 0, "negative": 1}
Wrote 1 TRM rows to C:\projects\Hermes Skills\data\primehub_trm_autoresearch\cycle_09\stage\qwen35_27b_science_env_q0019.trm.jsonl
{"exact_positive": 0, "near_miss": 0, "weak_positive": 0, "negative": 1}
Wrote 1 TRM rows to C:\projects\Hermes Skills\data\primehub_trm_autoresearch\cycle_09\stage\qwen35_27b_simple_bench_q0052.trm.jsonl
{"exact_positive": 0, "near_miss": 0, "weak_positive": 0, "negative": 1}
Wrote 1 TRM rows to C:\projects\Hermes Skills\data\primehub_trm_autoresearch\cycle_09\stage\qwen35_27b_simpleqa_q0020.trm.jsonl
{"exact_positive": 0, "near_miss": 0, "weak_positive": 0, "negative": 1}
Wrote 1 TRM rows to C:\projects\Hermes Skills\data\primehub_trm_autoresearch\cycle_09\stage\qwen35_27b_simpleqa_verified_2_q0053.trm.jsonl
{"exact_positive": 0, "near_miss": 0, "weak_positive": 0, "negative": 1}
Wrote 1 TRM rows to C:\projects\Hermes Skills\data\primehub_trm_autoresearch\cycle_09\stage\qwen35_27b_simpleqa_verified_q0021.trm.jsonl
{"exact_positive": 0, "near_miss": 0, "weak_positive": 0, "negative": 1}
Wrote 1 TRM rows to C:\projects\Hermes Skills\data\primehub_trm_autoresearch\cycle_09\stage\qwen35_27b_truthfulqa_q0002.trm.jsonl
{"exact_positive": 0, "near_miss": 0, "weak_positive": 0, "negative": 1}
Wrote 1 TRM rows to C:\projects\Hermes Skills\data\primehub_trm_autoresearch\cycle_09\stage\qwen35_27b_truthfulqa_q0054.trm.jsonl
{"exact_positive": 0, "near_miss": 0, "weak_positive": 0, "negative": 1}
Wrote 1 TRM rows to C:\projects\Hermes Skills\data\primehub_trm_autoresearch\cycle_09\stage\qwen35_27b_unscramble_q0022.trm.jsonl
{"exact_positive": 0, "near_miss": 0, "weak_positive": 0, "negative": 1}
Wrote 1 TRM rows to C:\projects\Hermes Skills\data\primehub_trm_autoresearch\cycle_09\stage\qwen35_27b_uq_project_q0004.trm.jsonl
{"exact_positive": 0, "near_miss": 0, "weak_positive": 0, "negative": 1}
Wrote 1 TRM rows to C:\projects\Hermes Skills\data\primehub_trm_autoresearch\cycle_09\stage\qwen35_27b_uq_q0003.trm.jsonl
{"exact_positive": 0, "near_miss": 0, "weak_positive": 0, "negative": 1}
Wrote 1 TRM rows to C:\projects\Hermes Skills\data\primehub_trm_autoresearch\cycle_09\stage\qwen35_27b_verbatim_copy_q0023.trm.jsonl
{"exact_positive": 0, "near_miss": 0, "weak_positive": 0, "negative": 1}
Wrote 1 TRM rows to C:\projects\Hermes Skills\data\primehub_trm_autoresearch\cycle_09\stage\qwen35_27b_vpct_1_q0005.trm.jsonl
{"exact_positive": 0, "near_miss": 0, "weak_positive": 0, "negative": 1}
Wrote 1 TRM rows to C:\projects\Hermes Skills\data\primehub_trm_autoresearch\cycle_09\stage\qwen35_27b_winogrande_q0006.trm.jsonl
{"exact_positive": 1, "near_miss": 0, "weak_positive": 0, "negative": 0}
Wrote 1 TRM rows to C:\projects\Hermes Skills\data\primehub_trm_autoresearch\cycle_09\stage\qwen35_27b_wmdp_q0007.trm.jsonl
{"exact_positive": 0, "near_miss": 0, "weak_positive": 0, "negative": 1}
Wrote 1 TRM rows to C:\projects\Hermes Skills\data\primehub_trm_autoresearch\cycle_09\stage\qwen35_27b_writing_bench_q0008.trm.jsonl
{"exact_positive": 0, "near_miss": 0, "weak_positive": 0, "negative": 1}
Wrote 1 TRM rows to C:\projects\Hermes Skills\data\primehub_trm_autoresearch\cycle_09\stage\qwen35_9b_agency_bench_q0001.trm.jsonl
{"exact_positive": 0, "near_miss": 0, "weak_positive": 0, "negative": 1}
Wrote 1 TRM rows to C:\projects\Hermes Skills\data\primehub_trm_autoresearch\cycle_09\stage\qwen35_9b_aime2024_q0014.trm.jsonl
{"exact_positive": 0, "near_miss": 0, "weak_positive": 0, "negative": 1}
Wrote 1 TRM rows to C:\projects\Hermes Skills\data\primehub_trm_autoresearch\cycle_09\stage\qwen35_9b_aime2025_q0015.trm.jsonl
{"exact_positive": 0, "near_miss": 0, "weak_positive": 0, "negative": 1}
Wrote 1 TRM rows to C:\projects\Hermes Skills\data\primehub_trm_autoresearch\cycle_09\stage\qwen35_9b_aime2026_q0016.trm.jsonl
{"exact_positive": 0, "near_miss": 0, "weak_positive": 0, "negative": 1}
Wrote 1 TRM rows to C:\projects\Hermes Skills\data\primehub_trm_autoresearch\cycle_09\stage\qwen35_9b_allenai_ifeval_q0002.trm.jsonl
{"exact_positive": 0, "near_miss": 0, "weak_positive": 0, "negative": 1}
Wrote 1 TRM rows to C:\projects\Hermes Skills\data\primehub_trm_autoresearch\cycle_09\stage\qwen35_9b_antislop_q0003.trm.jsonl
{"exact_positive": 1, "near_miss": 0, "weak_positive": 0, "negative": 0}
Wrote 1 TRM rows to C:\projects\Hermes Skills\data\primehub_trm_autoresearch\cycle_09\stage\qwen35_9b_arc_q0004.trm.jsonl
{"exact_positive": 1, "near_miss": 0, "weak_positive": 0, "negative": 0}
Wrote 1 TRM rows to C:\projects\Hermes Skills\data\primehub_trm_autoresearch\cycle_09\stage\qwen35_9b_ascii_tree_q0005.trm.jsonl
{"exact_positive": 0, "near_miss": 0, "weak_positive": 1, "negative": 0}
Wrote 1 TRM rows to C:\projects\Hermes Skills\data\primehub_trm_autoresearch\cycle_09\stage\qwen35_9b_bixbench_q0006.trm.jsonl
{"exact_positive": 0, "near_miss": 0, "weak_positive": 0, "negative": 1}
Wrote 1 TRM rows to C:\projects\Hermes Skills\data\primehub_trm_autoresearch\cycle_09\stage\qwen35_9b_boolq_q0007.trm.jsonl
{"exact_positive": 1, "near_miss": 0, "weak_positive": 0, "negative": 0}
Wrote 1 TRM rows to C:\projects\Hermes Skills\data\primehub_trm_autoresearch\cycle_09\stage\qwen35_9b_clbench_q0017.trm.jsonl
{"exact_positive": 0, "near_miss": 0, "weak_positive": 0, "negative": 1}
Wrote 1 TRM rows to C:\projects\Hermes Skills\data\primehub_trm_autoresearch\cycle_09\stage\qwen35_9b_coconot_q0008.trm.jsonl
{"exact_positive": 0, "near_miss": 0, "weak_positive": 0, "negative": 1}
Wrote 1 TRM rows to C:\projects\Hermes Skills\data\primehub_trm_autoresearch\cycle_09\stage\qwen35_9b_colf_q0009.trm.jsonl
{"exact_positive": 0, "near_miss": 0, "weak_positive": 0, "negative": 1}
Wrote 1 TRM rows to C:\projects\Hermes Skills\data\primehub_trm_autoresearch\cycle_09\stage\qwen35_9b_deep_consult_q0010.trm.jsonl
{"exact_positive": 0, "near_miss": 0, "weak_positive": 0, "negative": 1}
Wrote 1 TRM rows to C:\projects\Hermes Skills\data\primehub_trm_autoresearch\cycle_09\stage\qwen35_9b_gauss_q0011.trm.jsonl
{"exact_positive": 0, "near_miss": 0, "weak_positive": 0, "negative": 1}
Wrote 1 TRM rows to C:\projects\Hermes Skills\data\primehub_trm_autoresearch\cycle_09\stage\qwen35_9b_hellaswag_q0012.trm.jsonl
{"exact_positive": 1, "near_miss": 0, "weak_positive": 0, "negative": 0}
Wrote 1 TRM rows to C:\projects\Hermes Skills\data\primehub_trm_autoresearch\cycle_09\stage\qwen35_9b_if_summarize_judge_q0018.trm.jsonl
{"exact_positive": 0, "near_miss": 0, "weak_positive": 0, "negative": 1}
Wrote 1 TRM rows to C:\projects\Hermes Skills\data\primehub_trm_autoresearch\cycle_09\stage\qwen35_9b_jailbreak_bench_q0013.trm.jsonl
{"exact_positive": 0, "near_miss": 0, "weak_positive": 0, "negative": 1}
Wrote 1 TRM rows to C:\projects\Hermes Skills\data\primehub_trm_autoresearch\cycle_09\stage\qwen35_9b_lisanbench_q0014.trm.jsonl
{"exact_positive": 1, "near_miss": 0, "weak_positive": 0, "negative": 0}
Wrote 1 TRM rows to C:\projects\Hermes Skills\data\primehub_trm_autoresearch\cycle_09\stage\qwen35_9b_llm_writing_detection_q0015.trm.jsonl
{"exact_positive": 0, "near_miss": 0, "weak_positive": 0, "negative": 1}
Wrote 1 TRM rows to C:\projects\Hermes Skills\data\primehub_trm_autoresearch\cycle_09\stage\qwen35_9b_logic_env_q0019.trm.jsonl
{"exact_positive": 0, "near_miss": 0, "weak_positive": 0, "negative": 1}
Wrote 1 TRM rows to C:\projects\Hermes Skills\data\primehub_trm_autoresearch\cycle_09\stage\qwen35_9b_longbench_v2_q0016.trm.jsonl
{"exact_positive": 0, "near_miss": 0, "weak_positive": 0, "negative": 1}
Wrote 1 TRM rows to C:\projects\Hermes Skills\data\primehub_trm_autoresearch\cycle_09\stage\qwen35_9b_math500_q0020.trm.jsonl
{"exact_positive": 0, "near_miss": 0, "weak_positive": 0, "negative": 1}
Wrote 1 TRM rows to C:\projects\Hermes Skills\data\primehub_trm_autoresearch\cycle_09\stage\qwen35_9b_math_env_q0021.trm.jsonl
{"exact_positive": 1, "near_miss": 0, "weak_positive": 0, "negative": 0}
Wrote 1 TRM rows to C:\projects\Hermes Skills\data\primehub_trm_autoresearch\cycle_09\stage\qwen35_9b_medsafetybench_q0017.trm.jsonl
{"exact_positive": 0, "near_miss": 0, "weak_positive": 0, "negative": 1}
Wrote 1 TRM rows to C:\projects\Hermes Skills\data\primehub_trm_autoresearch\cycle_09\stage\qwen35_9b_misguided_attn_q0018.trm.jsonl
{"exact_positive": 0, "near_miss": 0, "weak_positive": 0, "negative": 1}
Wrote 1 TRM rows to C:\projects\Hermes Skills\data\primehub_trm_autoresearch\cycle_09\stage\qwen35_9b_mmlu_pro_q0022.trm.jsonl
{"exact_positive": 0, "near_miss": 0, "weak_positive": 0, "negative": 1}
Wrote 1 TRM rows to C:\projects\Hermes Skills\data\primehub_trm_autoresearch\cycle_09\stage\qwen35_9b_mmlu_q0019.trm.jsonl
{"exact_positive": 0, "near_miss": 0, "weak_positive": 0, "negative": 1}
Wrote 1 TRM rows to C:\projects\Hermes Skills\data\primehub_trm_autoresearch\cycle_09\stage\qwen35_9b_passthrough_q0001.trm.jsonl
{"exact_positive": 0, "near_miss": 0, "weak_positive": 0, "negative": 1}
Wrote 1 TRM rows to C:\projects\Hermes Skills\data\primehub_trm_autoresearch\cycle_09\stage\qwen35_9b_passthrough_q0023.trm.jsonl
{"exact_positive": 0, "near_miss": 0, "weak_positive": 0, "negative": 1}
Wrote 2 TRM rows to C:\projects\Hermes Skills\data\primehub_trm_autoresearch\cycle_09\stage\qwen35_9b_psycho_bench_q0001.trm.jsonl
{"exact_positive": 2, "near_miss": 0, "weak_positive": 0, "negative": 0}
Wrote 0 TRM rows to C:\projects\Hermes Skills\data\primehub_trm_autoresearch\cycle_09\stage\qwen35_9b_psycho_bench_q0020.trm.jsonl
{"exact_positive": 0, "near_miss": 0, "weak_positive": 0, "negative": 0}
Wrote 2 TRM rows to C:\projects\Hermes Skills\data\primehub_trm_autoresearch\cycle_09\stage\qwen35_9b_pydantic_adherence_q0002.trm.jsonl
{"exact_positive": 0, "near_miss": 0, "weak_positive": 0, "negative": 2}
Wrote 1 TRM rows to C:\projects\Hermes Skills\data\primehub_trm_autoresearch\cycle_09\stage\qwen35_9b_reward_bench_q0003.trm.jsonl
{"exact_positive": 0, "near_miss": 0, "weak_positive": 1, "negative": 0}
Wrote 1 TRM rows to C:\projects\Hermes Skills\data\primehub_trm_autoresearch\cycle_09\stage\qwen35_9b_rust_cargo_q0004.trm.jsonl
{"exact_positive": 0, "near_miss": 0, "weak_positive": 0, "negative": 1}
Wrote 1 TRM rows to C:\projects\Hermes Skills\data\primehub_trm_autoresearch\cycle_09\stage\qwen35_9b_science_env_q0024.trm.jsonl
{"exact_positive": 0, "near_miss": 0, "weak_positive": 0, "negative": 1}
Wrote 1 TRM rows to C:\projects\Hermes Skills\data\primehub_trm_autoresearch\cycle_09\stage\qwen35_9b_simple_bench_q0005.trm.jsonl
{"exact_positive": 1, "near_miss": 0, "weak_positive": 0, "negative": 0}
Wrote 1 TRM rows to C:\projects\Hermes Skills\data\primehub_trm_autoresearch\cycle_09\stage\qwen35_9b_simpleqa_q0025.trm.jsonl
{"exact_positive": 0, "near_miss": 0, "weak_positive": 0, "negative": 1}
Wrote 1 TRM rows to C:\projects\Hermes Skills\data\primehub_trm_autoresearch\cycle_09\stage\qwen35_9b_simpleqa_verified_2_q0006.trm.jsonl
{"exact_positive": 0, "near_miss": 0, "weak_positive": 0, "negative": 1}
Wrote 1 TRM rows to C:\projects\Hermes Skills\data\primehub_trm_autoresearch\cycle_09\stage\qwen35_9b_simpleqa_verified_q0026.trm.jsonl
{"exact_positive": 0, "near_miss": 0, "weak_positive": 0, "negative": 1}
Wrote 1 TRM rows to C:\projects\Hermes Skills\data\primehub_trm_autoresearch\cycle_09\stage\qwen35_9b_truthfulqa_q0007.trm.jsonl
{"exact_positive": 1, "near_miss": 0, "weak_positive": 0, "negative": 0}
Wrote 1 TRM rows to C:\projects\Hermes Skills\data\primehub_trm_autoresearch\cycle_09\stage\qwen35_9b_unscramble_q0027.trm.jsonl
{"exact_positive": 0, "near_miss": 0, "weak_positive": 0, "negative": 1}
Wrote 1 TRM rows to C:\projects\Hermes Skills\data\primehub_trm_autoresearch\cycle_09\stage\qwen35_9b_uq_project_q0009.trm.jsonl
{"exact_positive": 0, "near_miss": 0, "weak_positive": 0, "negative": 1}
Wrote 1 TRM rows to C:\projects\Hermes Skills\data\primehub_trm_autoresearch\cycle_09\stage\qwen35_9b_uq_q0008.trm.jsonl
{"exact_positive": 0, "near_miss": 0, "weak_positive": 0, "negative": 1}
Wrote 1 TRM rows to C:\projects\Hermes Skills\data\primehub_trm_autoresearch\cycle_09\stage\qwen35_9b_verbatim_copy_q0028.trm.jsonl
{"exact_positive": 0, "near_miss": 0, "weak_positive": 0, "negative": 1}
Wrote 1 TRM rows to C:\projects\Hermes Skills\data\primehub_trm_autoresearch\cycle_09\stage\qwen35_9b_vpct_1_q0010.trm.jsonl
{"exact_positive": 0, "near_miss": 0, "weak_positive": 0, "negative": 1}
Wrote 1 TRM rows to C:\projects\Hermes Skills\data\primehub_trm_autoresearch\cycle_09\stage\qwen35_9b_winogrande_q0011.trm.jsonl
{"exact_positive": 1, "near_miss": 0, "weak_positive": 0, "negative": 0}
Wrote 1 TRM rows to C:\projects\Hermes Skills\data\primehub_trm_autoresearch\cycle_09\stage\qwen35_9b_wmdp_q0012.trm.jsonl
{"exact_positive": 0, "near_miss": 0, "weak_positive": 0, "negative": 1}
Wrote 1 TRM rows to C:\projects\Hermes Skills\data\primehub_trm_autoresearch\cycle_09\stage\qwen35_9b_writing_bench_q0013.trm.jsonl
{"exact_positive": 0, "near_miss": 0, "weak_positive": 0, "negative": 1}
Wrote 1 TRM rows to C:\projects\Hermes Skills\data\primehub_trm_autoresearch\cycle_09\stage\qwen35_27b_agency_bench_q0046.trm.jsonl
{"exact_positive": 0, "near_miss": 0, "weak_positive": 0, "negative": 1}
Wrote 1 TRM rows to C:\projects\Hermes Skills\data\primehub_trm_autoresearch\cycle_09\stage\qwen35_27b_allenai_ifeval_q0047.trm.jsonl
{"exact_positive": 0, "near_miss": 0, "weak_positive": 0, "negative": 1}
Wrote 1 TRM rows to C:\projects\Hermes Skills\data\primehub_trm_autoresearch\cycle_09\stage\qwen35_27b_antislop_q0048.trm.jsonl
{"exact_positive": 1, "near_miss": 0, "weak_positive": 0, "negative": 0}
Wrote 1 TRM rows to C:\projects\Hermes Skills\data\primehub_trm_autoresearch\cycle_09\stage\qwen35_27b_arc_q0049.trm.jsonl
{"exact_positive": 0, "near_miss": 0, "weak_positive": 0, "negative": 1}
Wrote 1 TRM rows to C:\projects\Hermes Skills\data\primehub_trm_autoresearch\cycle_09\stage\qwen35_27b_ascii_tree_q0050.trm.jsonl
{"exact_positive": 0, "near_miss": 0, "weak_positive": 0, "negative": 1}
Wrote 1 TRM rows to C:\projects\Hermes Skills\data\primehub_trm_autoresearch\cycle_09\stage\qwen35_27b_bixbench_q0051.trm.jsonl
{"exact_positive": 0, "near_miss": 0, "weak_positive": 0, "negative": 1}
Wrote 1 TRM rows to C:\projects\Hermes Skills\data\primehub_trm_autoresearch\cycle_09\stage\qwen35_27b_boolq_q0052.trm.jsonl
{"exact_positive": 1, "near_miss": 0, "weak_positive": 0, "negative": 0}
Wrote 1 TRM rows to C:\projects\Hermes Skills\data\primehub_trm_autoresearch\cycle_09\stage\qwen35_27b_coconot_q0053.trm.jsonl
{"exact_positive": 0, "near_miss": 0, "weak_positive": 0, "negative": 1}
Wrote 1 TRM rows to C:\projects\Hermes Skills\data\primehub_trm_autoresearch\cycle_09\stage\qwen35_27b_colf_q0054.trm.jsonl
{"exact_positive": 0, "near_miss": 0, "weak_positive": 0, "negative": 1}
Wrote 1 TRM rows to C:\projects\Hermes Skills\data\primehub_trm_autoresearch\cycle_09\stage\qwen35_27b_deep_consult_q0055.trm.jsonl
{"exact_positive": 0, "near_miss": 0, "weak_positive": 0, "negative": 1}
Wrote 1 TRM rows to C:\projects\Hermes Skills\data\primehub_trm_autoresearch\cycle_09\stage\qwen35_27b_gauss_q0056.trm.jsonl
{"exact_positive": 0, "near_miss": 0, "weak_positive": 0, "negative": 1}
Wrote 1 TRM rows to C:\projects\Hermes Skills\data\primehub_trm_autoresearch\cycle_09\stage\qwen35_27b_hellaswag_q0057.trm.jsonl
{"exact_positive": 0, "near_miss": 0, "weak_positive": 0, "negative": 1}
Wrote 1 TRM rows to C:\projects\Hermes Skills\data\primehub_trm_autoresearch\cycle_09\stage\qwen35_27b_jailbreak_bench_q0058.trm.jsonl
{"exact_positive": 0, "near_miss": 0, "weak_positive": 0, "negative": 1}
Wrote 1 TRM rows to C:\projects\Hermes Skills\data\primehub_trm_autoresearch\cycle_09\stage\qwen35_27b_lisanbench_q0059.trm.jsonl
{"exact_positive": 0, "near_miss": 0, "weak_positive": 0, "negative": 1}
Wrote 1 TRM rows to C:\projects\Hermes Skills\data\primehub_trm_autoresearch\cycle_09\stage\qwen35_27b_llm_writing_detection_q0060.trm.jsonl
{"exact_positive": 0, "near_miss": 0, "weak_positive": 0, "negative": 1}
Wrote 1 TRM rows to C:\projects\Hermes Skills\data\primehub_trm_autoresearch\cycle_09\stage\qwen35_27b_longbench_v2_q0061.trm.jsonl
{"exact_positive": 0, "near_miss": 0, "weak_positive": 0, "negative": 1}
Wrote 1 TRM rows to C:\projects\Hermes Skills\data\primehub_trm_autoresearch\cycle_09\stage\qwen35_27b_medsafetybench_q0062.trm.jsonl
{"exact_positive": 0, "near_miss": 0, "weak_positive": 0, "negative": 1}
Wrote 1 TRM rows to C:\projects\Hermes Skills\data\primehub_trm_autoresearch\cycle_09\stage\qwen35_27b_misguided_attn_q0063.trm.jsonl
{"exact_positive": 0, "near_miss": 0, "weak_positive": 0, "negative": 1}
Wrote 1 TRM rows to C:\projects\Hermes Skills\data\primehub_trm_autoresearch\cycle_09\stage\qwen35_27b_mmlu_q0064.trm.jsonl
{"exact_positive": 0, "near_miss": 0, "weak_positive": 0, "negative": 1}
Wrote 1 TRM rows to C:\projects\Hermes Skills\data\primehub_trm_autoresearch\cycle_09\stage\qwen35_27b_psycho_bench_q0065.trm.jsonl
{"exact_positive": 0, "near_miss": 0, "weak_positive": 0, "negative": 1}
Wrote 1 TRM rows to C:\projects\Hermes Skills\data\primehub_trm_autoresearch\cycle_09\stage\qwen35_27b_pydantic_adherence_q0066.trm.jsonl
{"exact_positive": 0, "near_miss": 0, "weak_positive": 0, "negative": 1}
Wrote 1 TRM rows to C:\projects\Hermes Skills\data\primehub_trm_autoresearch\cycle_09\stage\qwen35_27b_reward_bench_q0067.trm.jsonl
{"exact_positive": 0, "near_miss": 0, "weak_positive": 1, "negative": 0}
Wrote 1 TRM rows to C:\projects\Hermes Skills\data\primehub_trm_autoresearch\cycle_09\stage\qwen35_27b_rust_cargo_q0068.trm.jsonl
{"exact_positive": 0, "near_miss": 0, "weak_positive": 0, "negative": 1}
Wrote 1 TRM rows to C:\projects\Hermes Skills\data\primehub_trm_autoresearch\cycle_09\stage\qwen35_27b_simple_bench_q0069.trm.jsonl
{"exact_positive": 0, "near_miss": 0, "weak_positive": 0, "negative": 1}
Wrote 1 TRM rows to C:\projects\Hermes Skills\data\primehub_trm_autoresearch\cycle_09\stage\qwen35_27b_simpleqa_verified_2_q0070.trm.jsonl
{"exact_positive": 0, "near_miss": 0, "weak_positive": 0, "negative": 1}
Wrote 1 TRM rows to C:\projects\Hermes Skills\data\primehub_trm_autoresearch\cycle_09\stage\qwen35_27b_truthfulqa_q0071.trm.jsonl
{"exact_positive": 0, "near_miss": 0, "weak_positive": 0, "negative": 1}
Wrote 1 TRM rows to C:\projects\Hermes Skills\data\primehub_trm_autoresearch\cycle_09\stage\qwen35_27b_uq_project_q0073.trm.jsonl
{"exact_positive": 0, "near_miss": 0, "weak_positive": 0, "negative": 1}
Wrote 1 TRM rows to C:\projects\Hermes Skills\data\primehub_trm_autoresearch\cycle_09\stage\qwen35_27b_uq_q0072.trm.jsonl
{"exact_positive": 0, "near_miss": 0, "weak_positive": 0, "negative": 1}
Wrote 1 TRM rows to C:\projects\Hermes Skills\data\primehub_trm_autoresearch\cycle_09\stage\qwen35_27b_vpct_1_q0074.trm.jsonl
{"exact_positive": 0, "near_miss": 0, "weak_positive": 0, "negative": 1}
Wrote 1 TRM rows to C:\projects\Hermes Skills\data\primehub_trm_autoresearch\cycle_09\stage\qwen35_27b_winogrande_q0075.trm.jsonl
{"exact_positive": 1, "near_miss": 0, "weak_positive": 0, "negative": 0}
Wrote 1 TRM rows to C:\projects\Hermes Skills\data\primehub_trm_autoresearch\cycle_09\stage\qwen35_27b_wmdp_q0076.trm.jsonl
{"exact_positive": 0, "near_miss": 0, "weak_positive": 0, "negative": 1}
Wrote 0 TRM rows to C:\projects\Hermes Skills\data\primehub_trm_autoresearch\cycle_09\stage\qwen35_27b_writing_bench_q0077.trm.jsonl
{"exact_positive": 0, "near_miss": 0, "weak_positive": 0, "negative": 0}
Wrote 1 TRM rows to C:\projects\Hermes Skills\data\primehub_trm_autoresearch\cycle_09\stage\qwen35_9b_agency_bench_q0001.trm.jsonl
{"exact_positive": 0, "near_miss": 0, "weak_positive": 0, "negative": 1}
Wrote 1 TRM rows to C:\projects\Hermes Skills\data\primehub_trm_autoresearch\cycle_09\stage\qwen35_9b_aime2024_q0033.trm.jsonl
{"exact_positive": 0, "near_miss": 0, "weak_positive": 0, "negative": 1}
Wrote 1 TRM rows to C:\projects\Hermes Skills\data\primehub_trm_autoresearch\cycle_09\stage\qwen35_9b_aime2025_q0034.trm.jsonl
{"exact_positive": 0, "near_miss": 0, "weak_positive": 0, "negative": 1}
Wrote 1 TRM rows to C:\projects\Hermes Skills\data\primehub_trm_autoresearch\cycle_09\stage\qwen35_9b_aime2026_q0035.trm.jsonl
{"exact_positive": 0, "near_miss": 0, "weak_positive": 0, "negative": 1}
Wrote 1 TRM rows to C:\projects\Hermes Skills\data\primehub_trm_autoresearch\cycle_09\stage\qwen35_9b_allenai_ifeval_q0002.trm.jsonl
{"exact_positive": 0, "near_miss": 0, "weak_positive": 0, "negative": 1}
Wrote 1 TRM rows to C:\projects\Hermes Skills\data\primehub_trm_autoresearch\cycle_09\stage\qwen35_9b_antislop_q0003.trm.jsonl
{"exact_positive": 1, "near_miss": 0, "weak_positive": 0, "negative": 0}
Wrote 1 TRM rows to C:\projects\Hermes Skills\data\primehub_trm_autoresearch\cycle_09\stage\qwen35_9b_arc_q0004.trm.jsonl
{"exact_positive": 1, "near_miss": 0, "weak_positive": 0, "negative": 0}
Wrote 1 TRM rows to C:\projects\Hermes Skills\data\primehub_trm_autoresearch\cycle_09\stage\qwen35_9b_ascii_tree_q0005.trm.jsonl
{"exact_positive": 0, "near_miss": 0, "weak_positive": 1, "negative": 0}
Wrote 1 TRM rows to C:\projects\Hermes Skills\data\primehub_trm_autoresearch\cycle_09\stage\qwen35_9b_bixbench_q0006.trm.jsonl
{"exact_positive": 0, "near_miss": 0, "weak_positive": 0, "negative": 1}
Wrote 1 TRM rows to C:\projects\Hermes Skills\data\primehub_trm_autoresearch\cycle_09\stage\qwen35_9b_boolq_q0007.trm.jsonl
{"exact_positive": 1, "near_miss": 0, "weak_positive": 0, "negative": 0}
Wrote 1 TRM rows to C:\projects\Hermes Skills\data\primehub_trm_autoresearch\cycle_09\stage\qwen35_9b_clbench_q0036.trm.jsonl
{"exact_positive": 0, "near_miss": 0, "weak_positive": 0, "negative": 1}
Wrote 1 TRM rows to C:\projects\Hermes Skills\data\primehub_trm_autoresearch\cycle_09\stage\qwen35_9b_coconot_q0008.trm.jsonl
{"exact_positive": 0, "near_miss": 0, "weak_positive": 0, "negative": 1}
Wrote 1 TRM rows to C:\projects\Hermes Skills\data\primehub_trm_autoresearch\cycle_09\stage\qwen35_9b_colf_q0009.trm.jsonl
{"exact_positive": 0, "near_miss": 0, "weak_positive": 0, "negative": 1}
Wrote 1 TRM rows to C:\projects\Hermes Skills\data\primehub_trm_autoresearch\cycle_09\stage\qwen35_9b_deep_consult_q0010.trm.jsonl
{"exact_positive": 0, "near_miss": 0, "weak_positive": 0, "negative": 1}
Wrote 1 TRM rows to C:\projects\Hermes Skills\data\primehub_trm_autoresearch\cycle_09\stage\qwen35_9b_gauss_q0011.trm.jsonl
{"exact_positive": 0, "near_miss": 0, "weak_positive": 0, "negative": 1}
Wrote 1 TRM rows to C:\projects\Hermes Skills\data\primehub_trm_autoresearch\cycle_09\stage\qwen35_9b_hellaswag_q0012.trm.jsonl
{"exact_positive": 1, "near_miss": 0, "weak_positive": 0, "negative": 0}
Wrote 1 TRM rows to C:\projects\Hermes Skills\data\primehub_trm_autoresearch\cycle_09\stage\qwen35_9b_if_summarize_judge_q0037.trm.jsonl
{"exact_positive": 0, "near_miss": 0, "weak_positive": 0, "negative": 1}
Wrote 1 TRM rows to C:\projects\Hermes Skills\data\primehub_trm_autoresearch\cycle_09\stage\qwen35_9b_jailbreak_bench_q0013.trm.jsonl
{"exact_positive": 0, "near_miss": 0, "weak_positive": 0, "negative": 1}
Wrote 1 TRM rows to C:\projects\Hermes Skills\data\primehub_trm_autoresearch\cycle_09\stage\qwen35_9b_lisanbench_q0014.trm.jsonl
{"exact_positive": 1, "near_miss": 0, "weak_positive": 0, "negative": 0}
Wrote 1 TRM rows to C:\projects\Hermes Skills\data\primehub_trm_autoresearch\cycle_09\stage\qwen35_9b_llm_writing_detection_q0015.trm.jsonl
{"exact_positive": 0, "near_miss": 0, "weak_positive": 0, "negative": 1}
Wrote 1 TRM rows to C:\projects\Hermes Skills\data\primehub_trm_autoresearch\cycle_09\stage\qwen35_9b_logic_env_q0038.trm.jsonl
{"exact_positive": 0, "near_miss": 0, "weak_positive": 0, "negative": 1}
Wrote 1 TRM rows to C:\projects\Hermes Skills\data\primehub_trm_autoresearch\cycle_09\stage\qwen35_9b_longbench_v2_q0016.trm.jsonl
{"exact_positive": 0, "near_miss": 0, "weak_positive": 0, "negative": 1}
Wrote 1 TRM rows to C:\projects\Hermes Skills\data\primehub_trm_autoresearch\cycle_09\stage\qwen35_9b_math500_q0039.trm.jsonl
{"exact_positive": 0, "near_miss": 0, "weak_positive": 0, "negative": 1}
Wrote 1 TRM rows to C:\projects\Hermes Skills\data\primehub_trm_autoresearch\cycle_09\stage\qwen35_9b_math_env_q0040.trm.jsonl
{"exact_positive": 1, "near_miss": 0, "weak_positive": 0, "negative": 0}
Wrote 1 TRM rows to C:\projects\Hermes Skills\data\primehub_trm_autoresearch\cycle_09\stage\qwen35_9b_medsafetybench_q0017.trm.jsonl
{"exact_positive": 0, "near_miss": 0, "weak_positive": 0, "negative": 1}
Wrote 1 TRM rows to C:\projects\Hermes Skills\data\primehub_trm_autoresearch\cycle_09\stage\qwen35_9b_misguided_attn_q0018.trm.jsonl
{"exact_positive": 0, "near_miss": 0, "weak_positive": 0, "negative": 1}
Wrote 1 TRM rows to C:\projects\Hermes Skills\data\primehub_trm_autoresearch\cycle_09\stage\qwen35_9b_mmlu_pro_q0041.trm.jsonl
{"exact_positive": 0, "near_miss": 0, "weak_positive": 0, "negative": 1}
Wrote 1 TRM rows to C:\projects\Hermes Skills\data\primehub_trm_autoresearch\cycle_09\stage\qwen35_9b_mmlu_q0019.trm.jsonl
{"exact_positive": 0, "near_miss": 0, "weak_positive": 0, "negative": 1}
Wrote 1 TRM rows to C:\projects\Hermes Skills\data\primehub_trm_autoresearch\cycle_09\stage\qwen35_9b_psycho_bench_q0020.trm.jsonl
{"exact_positive": 1, "near_miss": 0, "weak_positive": 0, "negative": 0}
Wrote 1 TRM rows to C:\projects\Hermes Skills\data\primehub_trm_autoresearch\cycle_09\stage\qwen35_9b_pydantic_adherence_q0021.trm.jsonl
{"exact_positive": 0, "near_miss": 0, "weak_positive": 0, "negative": 1}
Wrote 1 TRM rows to C:\projects\Hermes Skills\data\primehub_trm_autoresearch\cycle_09\stage\qwen35_9b_reward_bench_q0022.trm.jsonl
{"exact_positive": 0, "near_miss": 0, "weak_positive": 1, "negative": 0}
Wrote 1 TRM rows to C:\projects\Hermes Skills\data\primehub_trm_autoresearch\cycle_09\stage\qwen35_9b_rust_cargo_q0023.trm.jsonl
{"exact_positive": 0, "near_miss": 0, "weak_positive": 0, "negative": 1}
Wrote 1 TRM rows to C:\projects\Hermes Skills\data\primehub_trm_autoresearch\cycle_09\stage\qwen35_9b_science_env_q0042.trm.jsonl
{"exact_positive": 0, "near_miss": 0, "weak_positive": 0, "negative": 1}
Wrote 1 TRM rows to C:\projects\Hermes Skills\data\primehub_trm_autoresearch\cycle_09\stage\qwen35_9b_simple_bench_q0024.trm.jsonl
{"exact_positive": 1, "near_miss": 0, "weak_positive": 0, "negative": 0}
Wrote 1 TRM rows to C:\projects\Hermes Skills\data\primehub_trm_autoresearch\cycle_09\stage\qwen35_9b_simpleqa_q0043.trm.jsonl
{"exact_positive": 0, "near_miss": 0, "weak_positive": 0, "negative": 1}
Wrote 1 TRM rows to C:\projects\Hermes Skills\data\primehub_trm_autoresearch\cycle_09\stage\qwen35_9b_simpleqa_verified_2_q0025.trm.jsonl
{"exact_positive": 0, "near_miss": 0, "weak_positive": 0, "negative": 1}
Wrote 1 TRM rows to C:\projects\Hermes Skills\data\primehub_trm_autoresearch\cycle_09\stage\qwen35_9b_simpleqa_verified_q0044.trm.jsonl
{"exact_positive": 0, "near_miss": 0, "weak_positive": 0, "negative": 1}
Wrote 1 TRM rows to C:\projects\Hermes Skills\data\primehub_trm_autoresearch\cycle_09\stage\qwen35_9b_truthfulqa_q0026.trm.jsonl
{"exact_positive": 1, "near_miss": 0, "weak_positive": 0, "negative": 0}
Wrote 1 TRM rows to C:\projects\Hermes Skills\data\primehub_trm_autoresearch\cycle_09\stage\qwen35_9b_unscramble_q0045.trm.jsonl
{"exact_positive": 0, "near_miss": 0, "weak_positive": 0, "negative": 1}
Wrote 1 TRM rows to C:\projects\Hermes Skills\data\primehub_trm_autoresearch\cycle_09\stage\qwen35_9b_uq_project_q0028.trm.jsonl
{"exact_positive": 0, "near_miss": 0, "weak_positive": 0, "negative": 1}
Wrote 1 TRM rows to C:\projects\Hermes Skills\data\primehub_trm_autoresearch\cycle_09\stage\qwen35_9b_uq_q0027.trm.jsonl
{"exact_positive": 0, "near_miss": 0, "weak_positive": 0, "negative": 1}
Wrote 1 TRM rows to C:\projects\Hermes Skills\data\primehub_trm_autoresearch\cycle_09\stage\qwen35_9b_vpct_1_q0029.trm.jsonl
{"exact_positive": 0, "near_miss": 0, "weak_positive": 0, "negative": 1}
Wrote 1 TRM rows to C:\projects\Hermes Skills\data\primehub_trm_autoresearch\cycle_09\stage\qwen35_9b_winogrande_q0030.trm.jsonl
{"exact_positive": 1, "near_miss": 0, "weak_positive": 0, "negative": 0}
Wrote 1 TRM rows to C:\projects\Hermes Skills\data\primehub_trm_autoresearch\cycle_09\stage\qwen35_9b_wmdp_q0031.trm.jsonl
{"exact_positive": 0, "near_miss": 0, "weak_positive": 0, "negative": 1}
Wrote 1 TRM rows to C:\projects\Hermes Skills\data\primehub_trm_autoresearch\cycle_09\stage\qwen35_9b_writing_bench_q0032.trm.jsonl
{"exact_positive": 0, "near_miss": 0, "weak_positive": 0, "negative": 1}
Wrote 181 merged TRM rows to C:\projects\Hermes Skills\data\primehub_trm_autoresearch\cycle_09\primehub_trm_merged.jsonl
{"negative": 152, "exact_positive": 24, "weak_positive": 5}
Wrote critic model with 181 examples to C:\projects\Hermes Skills\data\primehub_trm_autoresearch\cycle_09\models\trm_critic.json
{'negative': 152, 'exact_positive': 24, 'weak_positive': 5}
Wrote benchmark summary to C:\projects\Hermes Skills\data\primehub_trm_autoresearch\cycle_09\bench\trm_critic_bench.summary.json
{"eval_rows": 31, "bucket_accuracy": 0.7419, "per_family": {"primehub": {"rows": 31, "bucket_accuracy": 0.7419, "avg_bucket_abs_error": 0.7742, "visible_output_accuracy": 0.4839, "avg_grid_cell_accuracy_abs_error": null}}}
Wrote retriever model with 24 examples to C:\projects\Hermes Skills\data\primehub_trm_autoresearch\cycle_09\models\trm_retriever.json
{"exact_positive": 24}
Wrote benchmark summary to C:\projects\Hermes Skills\data\primehub_trm_autoresearch\cycle_09\bench\trm_retriever_bench.summary.json
{"eval_rows": 31, "exact_match_rate": 0.0645, "per_family": {"primehub": {"rows": 31, "exact_match_rate": 0.0645, "nonempty_prediction_rate": 1.0, "avg_similarity": 0.3639, "avg_grid_cell_accuracy": null}}}
Wrote router benchmark summary to C:\projects\Hermes Skills\data\primehub_trm_autoresearch\cycle_09\bench\trm_router_bench.summary.json
{"eval_rows": 31, "retrieval_only": {"exact_match_rate": 0.0645, "nonempty_prediction_rate": 1.0, "avg_grid_cell_accuracy": null}, "critic_gated": {"exact_match_rate": 0.0, "nonempty_prediction_rate": 0.0968, "route_abstain_rate": 0.9032, "avg_grid_cell_accuracy": null}}
{
  "manifest": "C:\\projects\\Hermes Skills\\data\\primehub_trm_autoresearch\\cycle_09\\primehub_trm_rollup.manifest.json",
  "merged_rows": 181,
  "bucket_counts": {
    "negative": 152,
    "exact_positive": 24,
    "weak_positive": 5
  }
}
{
  "output_json": "C:\\projects\\Hermes Skills\\data\\primehub_trm_autoresearch\\cycle_09\\imprint\\primehub_skill_imprint.json",
  "output_md": "C:\\projects\\Hermes Skills\\data\\primehub_trm_autoresearch\\cycle_09\\imprint\\primehub_skill_imprint.md",
  "rows": 181
}
Wrote 1 TRM rows to C:\projects\Hermes Skills\data\primehub_trm_autoresearch\cycle_10\stage\qwen35_27b_aime2024_q0016.trm.jsonl
{"exact_positive": 0, "near_miss": 0, "weak_positive": 0, "negative": 1}
Wrote 1 TRM rows to C:\projects\Hermes Skills\data\primehub_trm_autoresearch\cycle_10\stage\qwen35_27b_aime2025_q0017.trm.jsonl
{"exact_positive": 0, "near_miss": 0, "weak_positive": 0, "negative": 1}
Wrote 1 TRM rows to C:\projects\Hermes Skills\data\primehub_trm_autoresearch\cycle_10\stage\qwen35_27b_aime2026_q0018.trm.jsonl
{"exact_positive": 0, "near_miss": 0, "weak_positive": 0, "negative": 1}
Wrote 1 TRM rows to C:\projects\Hermes Skills\data\primehub_trm_autoresearch\cycle_10\stage\qwen35_27b_clbench_q0019.trm.jsonl
{"exact_positive": 0, "near_miss": 0, "weak_positive": 0, "negative": 1}
Wrote 1 TRM rows to C:\projects\Hermes Skills\data\primehub_trm_autoresearch\cycle_10\stage\qwen35_27b_if_summarize_judge_q0020.trm.jsonl
{"exact_positive": 0, "near_miss": 0, "weak_positive": 0, "negative": 1}
Wrote 1 TRM rows to C:\projects\Hermes Skills\data\primehub_trm_autoresearch\cycle_10\stage\qwen35_27b_lisanbench_q0013.trm.jsonl
{"exact_positive": 0, "near_miss": 0, "weak_positive": 0, "negative": 1}
Wrote 1 TRM rows to C:\projects\Hermes Skills\data\primehub_trm_autoresearch\cycle_10\stage\qwen35_27b_logic_env_q0021.trm.jsonl
{"exact_positive": 0, "near_miss": 0, "weak_positive": 0, "negative": 1}
Wrote 1 TRM rows to C:\projects\Hermes Skills\data\primehub_trm_autoresearch\cycle_10\stage\qwen35_27b_math500_q0022.trm.jsonl
{"exact_positive": 0, "near_miss": 0, "weak_positive": 0, "negative": 1}
Wrote 1 TRM rows to C:\projects\Hermes Skills\data\primehub_trm_autoresearch\cycle_10\stage\qwen35_27b_math_env_q0023.trm.jsonl
{"exact_positive": 0, "near_miss": 0, "weak_positive": 0, "negative": 1}
Wrote 1 TRM rows to C:\projects\Hermes Skills\data\primehub_trm_autoresearch\cycle_10\stage\qwen35_27b_misguided_attn_q0014.trm.jsonl
{"exact_positive": 0, "near_miss": 0, "weak_positive": 0, "negative": 1}
Wrote 1 TRM rows to C:\projects\Hermes Skills\data\primehub_trm_autoresearch\cycle_10\stage\qwen35_27b_mmlu_pro_q0024.trm.jsonl
{"exact_positive": 0, "near_miss": 0, "weak_positive": 0, "negative": 1}
Wrote 1 TRM rows to C:\projects\Hermes Skills\data\primehub_trm_autoresearch\cycle_10\stage\qwen35_27b_psycho_bench_q0015.trm.jsonl
{"exact_positive": 0, "near_miss": 0, "weak_positive": 0, "negative": 1}
Wrote 1 TRM rows to C:\projects\Hermes Skills\data\primehub_trm_autoresearch\cycle_10\stage\qwen35_9b_aime2024_q0004.trm.jsonl
{"exact_positive": 0, "near_miss": 0, "weak_positive": 0, "negative": 1}
Wrote 1 TRM rows to C:\projects\Hermes Skills\data\primehub_trm_autoresearch\cycle_10\stage\qwen35_9b_aime2025_q0005.trm.jsonl
{"exact_positive": 0, "near_miss": 0, "weak_positive": 0, "negative": 1}
Wrote 1 TRM rows to C:\projects\Hermes Skills\data\primehub_trm_autoresearch\cycle_10\stage\qwen35_9b_aime2026_q0006.trm.jsonl
{"exact_positive": 0, "near_miss": 0, "weak_positive": 0, "negative": 1}
Wrote 1 TRM rows to C:\projects\Hermes Skills\data\primehub_trm_autoresearch\cycle_10\stage\qwen35_9b_clbench_q0007.trm.jsonl
{"exact_positive": 0, "near_miss": 0, "weak_positive": 0, "negative": 1}
Wrote 1 TRM rows to C:\projects\Hermes Skills\data\primehub_trm_autoresearch\cycle_10\stage\qwen35_9b_if_summarize_judge_q0008.trm.jsonl
{"exact_positive": 0, "near_miss": 0, "weak_positive": 0, "negative": 1}
Wrote 1 TRM rows to C:\projects\Hermes Skills\data\primehub_trm_autoresearch\cycle_10\stage\qwen35_9b_lisanbench_q0001.trm.jsonl
{"exact_positive": 1, "near_miss": 0, "weak_positive": 0, "negative": 0}
Wrote 1 TRM rows to C:\projects\Hermes Skills\data\primehub_trm_autoresearch\cycle_10\stage\qwen35_9b_logic_env_q0009.trm.jsonl
{"exact_positive": 0, "near_miss": 0, "weak_positive": 0, "negative": 1}
Wrote 1 TRM rows to C:\projects\Hermes Skills\data\primehub_trm_autoresearch\cycle_10\stage\qwen35_9b_math500_q0010.trm.jsonl
{"exact_positive": 0, "near_miss": 0, "weak_positive": 0, "negative": 1}
Wrote 1 TRM rows to C:\projects\Hermes Skills\data\primehub_trm_autoresearch\cycle_10\stage\qwen35_9b_math_env_q0011.trm.jsonl
{"exact_positive": 1, "near_miss": 0, "weak_positive": 0, "negative": 0}
Wrote 1 TRM rows to C:\projects\Hermes Skills\data\primehub_trm_autoresearch\cycle_10\stage\qwen35_9b_misguided_attn_q0002.trm.jsonl
{"exact_positive": 0, "near_miss": 0, "weak_positive": 0, "negative": 1}
Wrote 1 TRM rows to C:\projects\Hermes Skills\data\primehub_trm_autoresearch\cycle_10\stage\qwen35_9b_mmlu_pro_q0012.trm.jsonl
{"exact_positive": 0, "near_miss": 0, "weak_positive": 0, "negative": 1}
Wrote 1 TRM rows to C:\projects\Hermes Skills\data\primehub_trm_autoresearch\cycle_10\stage\qwen35_9b_psycho_bench_q0003.trm.jsonl
{"exact_positive": 1, "near_miss": 0, "weak_positive": 0, "negative": 0}
Wrote 1 TRM rows to C:\projects\Hermes Skills\data\primehub_trm_autoresearch\cycle_10\stage\qwen35_27b_math_env_q0001.trm.jsonl
{"exact_positive": 0, "near_miss": 0, "weak_positive": 0, "negative": 1}
Wrote 1 TRM rows to C:\projects\Hermes Skills\data\primehub_trm_autoresearch\cycle_10\stage\qwen35_27b_mmlu_pro_q0002.trm.jsonl
{"exact_positive": 0, "near_miss": 0, "weak_positive": 0, "negative": 1}
Wrote 1 TRM rows to C:\projects\Hermes Skills\data\primehub_trm_autoresearch\cycle_10\stage\qwen35_27b_agency_bench_q0029.trm.jsonl
{"exact_positive": 0, "near_miss": 0, "weak_positive": 0, "negative": 1}
Wrote 1 TRM rows to C:\projects\Hermes Skills\data\primehub_trm_autoresearch\cycle_10\stage\qwen35_27b_aime2024_q0009.trm.jsonl
{"exact_positive": 0, "near_miss": 0, "weak_positive": 0, "negative": 1}
Wrote 1 TRM rows to C:\projects\Hermes Skills\data\primehub_trm_autoresearch\cycle_10\stage\qwen35_27b_aime2025_q0010.trm.jsonl
{"exact_positive": 0, "near_miss": 0, "weak_positive": 0, "negative": 1}
Wrote 1 TRM rows to C:\projects\Hermes Skills\data\primehub_trm_autoresearch\cycle_10\stage\qwen35_27b_aime2026_q0011.trm.jsonl
{"exact_positive": 0, "near_miss": 0, "weak_positive": 0, "negative": 1}
Wrote 1 TRM rows to C:\projects\Hermes Skills\data\primehub_trm_autoresearch\cycle_10\stage\qwen35_27b_allenai_ifeval_q0030.trm.jsonl
{"exact_positive": 0, "near_miss": 0, "weak_positive": 0, "negative": 1}
Wrote 1 TRM rows to C:\projects\Hermes Skills\data\primehub_trm_autoresearch\cycle_10\stage\qwen35_27b_antislop_q0031.trm.jsonl
{"exact_positive": 1, "near_miss": 0, "weak_positive": 0, "negative": 0}
Wrote 1 TRM rows to C:\projects\Hermes Skills\data\primehub_trm_autoresearch\cycle_10\stage\qwen35_27b_arc_q0032.trm.jsonl
{"exact_positive": 0, "near_miss": 0, "weak_positive": 0, "negative": 1}
Wrote 1 TRM rows to C:\projects\Hermes Skills\data\primehub_trm_autoresearch\cycle_10\stage\qwen35_27b_ascii_tree_q0033.trm.jsonl
{"exact_positive": 0, "near_miss": 0, "weak_positive": 0, "negative": 1}
Wrote 1 TRM rows to C:\projects\Hermes Skills\data\primehub_trm_autoresearch\cycle_10\stage\qwen35_27b_bixbench_q0034.trm.jsonl
{"exact_positive": 0, "near_miss": 0, "weak_positive": 0, "negative": 1}
Wrote 1 TRM rows to C:\projects\Hermes Skills\data\primehub_trm_autoresearch\cycle_10\stage\qwen35_27b_boolq_q0035.trm.jsonl
{"exact_positive": 0, "near_miss": 0, "weak_positive": 0, "negative": 1}
Wrote 1 TRM rows to C:\projects\Hermes Skills\data\primehub_trm_autoresearch\cycle_10\stage\qwen35_27b_clbench_q0012.trm.jsonl
{"exact_positive": 0, "near_miss": 0, "weak_positive": 0, "negative": 1}
Wrote 1 TRM rows to C:\projects\Hermes Skills\data\primehub_trm_autoresearch\cycle_10\stage\qwen35_27b_coconot_q0036.trm.jsonl
{"exact_positive": 0, "near_miss": 0, "weak_positive": 0, "negative": 1}
Wrote 1 TRM rows to C:\projects\Hermes Skills\data\primehub_trm_autoresearch\cycle_10\stage\qwen35_27b_colf_q0037.trm.jsonl
{"exact_positive": 0, "near_miss": 0, "weak_positive": 0, "negative": 1}
Wrote 1 TRM rows to C:\projects\Hermes Skills\data\primehub_trm_autoresearch\cycle_10\stage\qwen35_27b_deep_consult_q0038.trm.jsonl
{"exact_positive": 0, "near_miss": 0, "weak_positive": 0, "negative": 1}
Wrote 1 TRM rows to C:\projects\Hermes Skills\data\primehub_trm_autoresearch\cycle_10\stage\qwen35_27b_gauss_q0039.trm.jsonl
{"exact_positive": 0, "near_miss": 0, "weak_positive": 0, "negative": 1}
Wrote 1 TRM rows to C:\projects\Hermes Skills\data\primehub_trm_autoresearch\cycle_10\stage\qwen35_27b_hellaswag_q0040.trm.jsonl
{"exact_positive": 0, "near_miss": 0, "weak_positive": 0, "negative": 1}
Wrote 1 TRM rows to C:\projects\Hermes Skills\data\primehub_trm_autoresearch\cycle_10\stage\qwen35_27b_if_summarize_judge_q0013.trm.jsonl
{"exact_positive": 0, "near_miss": 0, "weak_positive": 0, "negative": 1}
Wrote 1 TRM rows to C:\projects\Hermes Skills\data\primehub_trm_autoresearch\cycle_10\stage\qwen35_27b_jailbreak_bench_q0041.trm.jsonl
{"exact_positive": 0, "near_miss": 0, "weak_positive": 0, "negative": 1}
Wrote 1 TRM rows to C:\projects\Hermes Skills\data\primehub_trm_autoresearch\cycle_10\stage\qwen35_27b_lisanbench_q0042.trm.jsonl
{"exact_positive": 0, "near_miss": 0, "weak_positive": 0, "negative": 1}
Wrote 1 TRM rows to C:\projects\Hermes Skills\data\primehub_trm_autoresearch\cycle_10\stage\qwen35_27b_llm_writing_detection_q0043.trm.jsonl
{"exact_positive": 0, "near_miss": 0, "weak_positive": 0, "negative": 1}
Wrote 1 TRM rows to C:\projects\Hermes Skills\data\primehub_trm_autoresearch\cycle_10\stage\qwen35_27b_logic_env_q0014.trm.jsonl
{"exact_positive": 0, "near_miss": 0, "weak_positive": 0, "negative": 1}
Wrote 1 TRM rows to C:\projects\Hermes Skills\data\primehub_trm_autoresearch\cycle_10\stage\qwen35_27b_longbench_v2_q0044.trm.jsonl
{"exact_positive": 0, "near_miss": 0, "weak_positive": 0, "negative": 1}
Wrote 1 TRM rows to C:\projects\Hermes Skills\data\primehub_trm_autoresearch\cycle_10\stage\qwen35_27b_math500_q0015.trm.jsonl
{"exact_positive": 0, "near_miss": 0, "weak_positive": 0, "negative": 1}
Wrote 1 TRM rows to C:\projects\Hermes Skills\data\primehub_trm_autoresearch\cycle_10\stage\qwen35_27b_math_env_q0016.trm.jsonl
{"exact_positive": 0, "near_miss": 0, "weak_positive": 0, "negative": 1}
Wrote 1 TRM rows to C:\projects\Hermes Skills\data\primehub_trm_autoresearch\cycle_10\stage\qwen35_27b_medsafetybench_q0045.trm.jsonl
{"exact_positive": 0, "near_miss": 0, "weak_positive": 0, "negative": 1}
Wrote 1 TRM rows to C:\projects\Hermes Skills\data\primehub_trm_autoresearch\cycle_10\stage\qwen35_27b_misguided_attn_q0046.trm.jsonl
{"exact_positive": 0, "near_miss": 0, "weak_positive": 0, "negative": 1}
Wrote 1 TRM rows to C:\projects\Hermes Skills\data\primehub_trm_autoresearch\cycle_10\stage\qwen35_27b_mmlu_pro_q0017.trm.jsonl
{"exact_positive": 0, "near_miss": 0, "weak_positive": 0, "negative": 1}
Wrote 1 TRM rows to C:\projects\Hermes Skills\data\primehub_trm_autoresearch\cycle_10\stage\qwen35_27b_mmlu_q0047.trm.jsonl
{"exact_positive": 0, "near_miss": 0, "weak_positive": 0, "negative": 1}
Wrote 1 TRM rows to C:\projects\Hermes Skills\data\primehub_trm_autoresearch\cycle_10\stage\qwen35_27b_passthrough_q0018.trm.jsonl
{"exact_positive": 0, "near_miss": 0, "weak_positive": 0, "negative": 1}
Wrote 1 TRM rows to C:\projects\Hermes Skills\data\primehub_trm_autoresearch\cycle_10\stage\qwen35_27b_psycho_bench_q0048.trm.jsonl
{"exact_positive": 0, "near_miss": 0, "weak_positive": 0, "negative": 1}
Wrote 1 TRM rows to C:\projects\Hermes Skills\data\primehub_trm_autoresearch\cycle_10\stage\qwen35_27b_pydantic_adherence_q0049.trm.jsonl
{"exact_positive": 0, "near_miss": 0, "weak_positive": 0, "negative": 1}
Wrote 1 TRM rows to C:\projects\Hermes Skills\data\primehub_trm_autoresearch\cycle_10\stage\qwen35_27b_reward_bench_q0050.trm.jsonl
{"exact_positive": 0, "near_miss": 0, "weak_positive": 1, "negative": 0}
Wrote 1 TRM rows to C:\projects\Hermes Skills\data\primehub_trm_autoresearch\cycle_10\stage\qwen35_27b_rust_cargo_q0051.trm.jsonl
{"exact_positive": 0, "near_miss": 0, "weak_positive": 0, "negative": 1}
Wrote 1 TRM rows to C:\projects\Hermes Skills\data\primehub_trm_autoresearch\cycle_10\stage\qwen35_27b_science_env_q0019.trm.jsonl
{"exact_positive": 0, "near_miss": 0, "weak_positive": 0, "negative": 1}
Wrote 1 TRM rows to C:\projects\Hermes Skills\data\primehub_trm_autoresearch\cycle_10\stage\qwen35_27b_simple_bench_q0052.trm.jsonl
{"exact_positive": 0, "near_miss": 0, "weak_positive": 0, "negative": 1}
Wrote 1 TRM rows to C:\projects\Hermes Skills\data\primehub_trm_autoresearch\cycle_10\stage\qwen35_27b_simpleqa_q0020.trm.jsonl
{"exact_positive": 0, "near_miss": 0, "weak_positive": 0, "negative": 1}
Wrote 1 TRM rows to C:\projects\Hermes Skills\data\primehub_trm_autoresearch\cycle_10\stage\qwen35_27b_simpleqa_verified_2_q0053.trm.jsonl
{"exact_positive": 0, "near_miss": 0, "weak_positive": 0, "negative": 1}
Wrote 1 TRM rows to C:\projects\Hermes Skills\data\primehub_trm_autoresearch\cycle_10\stage\qwen35_27b_simpleqa_verified_q0021.trm.jsonl
{"exact_positive": 0, "near_miss": 0, "weak_positive": 0, "negative": 1}
Wrote 1 TRM rows to C:\projects\Hermes Skills\data\primehub_trm_autoresearch\cycle_10\stage\qwen35_27b_truthfulqa_q0002.trm.jsonl
{"exact_positive": 0, "near_miss": 0, "weak_positive": 0, "negative": 1}
Wrote 1 TRM rows to C:\projects\Hermes Skills\data\primehub_trm_autoresearch\cycle_10\stage\qwen35_27b_truthfulqa_q0054.trm.jsonl
{"exact_positive": 0, "near_miss": 0, "weak_positive": 0, "negative": 1}
Wrote 1 TRM rows to C:\projects\Hermes Skills\data\primehub_trm_autoresearch\cycle_10\stage\qwen35_27b_unscramble_q0022.trm.jsonl
{"exact_positive": 0, "near_miss": 0, "weak_positive": 0, "negative": 1}
Wrote 1 TRM rows to C:\projects\Hermes Skills\data\primehub_trm_autoresearch\cycle_10\stage\qwen35_27b_uq_project_q0004.trm.jsonl
{"exact_positive": 0, "near_miss": 0, "weak_positive": 0, "negative": 1}
Wrote 1 TRM rows to C:\projects\Hermes Skills\data\primehub_trm_autoresearch\cycle_10\stage\qwen35_27b_uq_q0003.trm.jsonl
{"exact_positive": 0, "near_miss": 0, "weak_positive": 0, "negative": 1}
Wrote 1 TRM rows to C:\projects\Hermes Skills\data\primehub_trm_autoresearch\cycle_10\stage\qwen35_27b_verbatim_copy_q0023.trm.jsonl
{"exact_positive": 0, "near_miss": 0, "weak_positive": 0, "negative": 1}
Wrote 1 TRM rows to C:\projects\Hermes Skills\data\primehub_trm_autoresearch\cycle_10\stage\qwen35_27b_vpct_1_q0005.trm.jsonl
{"exact_positive": 0, "near_miss": 0, "weak_positive": 0, "negative": 1}
Wrote 1 TRM rows to C:\projects\Hermes Skills\data\primehub_trm_autoresearch\cycle_10\stage\qwen35_27b_winogrande_q0006.trm.jsonl
{"exact_positive": 1, "near_miss": 0, "weak_positive": 0, "negative": 0}
Wrote 1 TRM rows to C:\projects\Hermes Skills\data\primehub_trm_autoresearch\cycle_10\stage\qwen35_27b_wmdp_q0007.trm.jsonl
{"exact_positive": 0, "near_miss": 0, "weak_positive": 0, "negative": 1}
Wrote 1 TRM rows to C:\projects\Hermes Skills\data\primehub_trm_autoresearch\cycle_10\stage\qwen35_27b_writing_bench_q0008.trm.jsonl
{"exact_positive": 0, "near_miss": 0, "weak_positive": 0, "negative": 1}
Wrote 1 TRM rows to C:\projects\Hermes Skills\data\primehub_trm_autoresearch\cycle_10\stage\qwen35_9b_agency_bench_q0001.trm.jsonl
{"exact_positive": 0, "near_miss": 0, "weak_positive": 0, "negative": 1}
Wrote 1 TRM rows to C:\projects\Hermes Skills\data\primehub_trm_autoresearch\cycle_10\stage\qwen35_9b_aime2024_q0014.trm.jsonl
{"exact_positive": 0, "near_miss": 0, "weak_positive": 0, "negative": 1}
Wrote 1 TRM rows to C:\projects\Hermes Skills\data\primehub_trm_autoresearch\cycle_10\stage\qwen35_9b_aime2025_q0015.trm.jsonl
{"exact_positive": 0, "near_miss": 0, "weak_positive": 0, "negative": 1}
Wrote 1 TRM rows to C:\projects\Hermes Skills\data\primehub_trm_autoresearch\cycle_10\stage\qwen35_9b_aime2026_q0016.trm.jsonl
{"exact_positive": 0, "near_miss": 0, "weak_positive": 0, "negative": 1}
Wrote 1 TRM rows to C:\projects\Hermes Skills\data\primehub_trm_autoresearch\cycle_10\stage\qwen35_9b_allenai_ifeval_q0002.trm.jsonl
{"exact_positive": 0, "near_miss": 0, "weak_positive": 0, "negative": 1}
Wrote 1 TRM rows to C:\projects\Hermes Skills\data\primehub_trm_autoresearch\cycle_10\stage\qwen35_9b_antislop_q0003.trm.jsonl
{"exact_positive": 1, "near_miss": 0, "weak_positive": 0, "negative": 0}
Wrote 1 TRM rows to C:\projects\Hermes Skills\data\primehub_trm_autoresearch\cycle_10\stage\qwen35_9b_arc_q0004.trm.jsonl
{"exact_positive": 1, "near_miss": 0, "weak_positive": 0, "negative": 0}
Wrote 1 TRM rows to C:\projects\Hermes Skills\data\primehub_trm_autoresearch\cycle_10\stage\qwen35_9b_ascii_tree_q0005.trm.jsonl
{"exact_positive": 0, "near_miss": 0, "weak_positive": 1, "negative": 0}
Wrote 1 TRM rows to C:\projects\Hermes Skills\data\primehub_trm_autoresearch\cycle_10\stage\qwen35_9b_bixbench_q0006.trm.jsonl
{"exact_positive": 0, "near_miss": 0, "weak_positive": 0, "negative": 1}
Wrote 1 TRM rows to C:\projects\Hermes Skills\data\primehub_trm_autoresearch\cycle_10\stage\qwen35_9b_boolq_q0007.trm.jsonl
{"exact_positive": 1, "near_miss": 0, "weak_positive": 0, "negative": 0}
Wrote 1 TRM rows to C:\projects\Hermes Skills\data\primehub_trm_autoresearch\cycle_10\stage\qwen35_9b_clbench_q0017.trm.jsonl
{"exact_positive": 0, "near_miss": 0, "weak_positive": 0, "negative": 1}
Wrote 1 TRM rows to C:\projects\Hermes Skills\data\primehub_trm_autoresearch\cycle_10\stage\qwen35_9b_coconot_q0008.trm.jsonl
{"exact_positive": 0, "near_miss": 0, "weak_positive": 0, "negative": 1}
Wrote 1 TRM rows to C:\projects\Hermes Skills\data\primehub_trm_autoresearch\cycle_10\stage\qwen35_9b_colf_q0009.trm.jsonl
{"exact_positive": 0, "near_miss": 0, "weak_positive": 0, "negative": 1}
Wrote 1 TRM rows to C:\projects\Hermes Skills\data\primehub_trm_autoresearch\cycle_10\stage\qwen35_9b_deep_consult_q0010.trm.jsonl
{"exact_positive": 0, "near_miss": 0, "weak_positive": 0, "negative": 1}
Wrote 1 TRM rows to C:\projects\Hermes Skills\data\primehub_trm_autoresearch\cycle_10\stage\qwen35_9b_gauss_q0011.trm.jsonl
{"exact_positive": 0, "near_miss": 0, "weak_positive": 0, "negative": 1}
Wrote 1 TRM rows to C:\projects\Hermes Skills\data\primehub_trm_autoresearch\cycle_10\stage\qwen35_9b_hellaswag_q0012.trm.jsonl
{"exact_positive": 1, "near_miss": 0, "weak_positive": 0, "negative": 0}
Wrote 1 TRM rows to C:\projects\Hermes Skills\data\primehub_trm_autoresearch\cycle_10\stage\qwen35_9b_if_summarize_judge_q0018.trm.jsonl
{"exact_positive": 0, "near_miss": 0, "weak_positive": 0, "negative": 1}
Wrote 1 TRM rows to C:\projects\Hermes Skills\data\primehub_trm_autoresearch\cycle_10\stage\qwen35_9b_jailbreak_bench_q0013.trm.jsonl
{"exact_positive": 0, "near_miss": 0, "weak_positive": 0, "negative": 1}
Wrote 1 TRM rows to C:\projects\Hermes Skills\data\primehub_trm_autoresearch\cycle_10\stage\qwen35_9b_lisanbench_q0014.trm.jsonl
{"exact_positive": 1, "near_miss": 0, "weak_positive": 0, "negative": 0}
Wrote 1 TRM rows to C:\projects\Hermes Skills\data\primehub_trm_autoresearch\cycle_10\stage\qwen35_9b_llm_writing_detection_q0015.trm.jsonl
{"exact_positive": 0, "near_miss": 0, "weak_positive": 0, "negative": 1}
Wrote 1 TRM rows to C:\projects\Hermes Skills\data\primehub_trm_autoresearch\cycle_10\stage\qwen35_9b_logic_env_q0019.trm.jsonl
{"exact_positive": 0, "near_miss": 0, "weak_positive": 0, "negative": 1}
Wrote 1 TRM rows to C:\projects\Hermes Skills\data\primehub_trm_autoresearch\cycle_10\stage\qwen35_9b_longbench_v2_q0016.trm.jsonl
{"exact_positive": 0, "near_miss": 0, "weak_positive": 0, "negative": 1}
Wrote 1 TRM rows to C:\projects\Hermes Skills\data\primehub_trm_autoresearch\cycle_10\stage\qwen35_9b_math500_q0020.trm.jsonl
{"exact_positive": 0, "near_miss": 0, "weak_positive": 0, "negative": 1}
Wrote 1 TRM rows to C:\projects\Hermes Skills\data\primehub_trm_autoresearch\cycle_10\stage\qwen35_9b_math_env_q0021.trm.jsonl
{"exact_positive": 1, "near_miss": 0, "weak_positive": 0, "negative": 0}
Wrote 1 TRM rows to C:\projects\Hermes Skills\data\primehub_trm_autoresearch\cycle_10\stage\qwen35_9b_medsafetybench_q0017.trm.jsonl
{"exact_positive": 0, "near_miss": 0, "weak_positive": 0, "negative": 1}
Wrote 1 TRM rows to C:\projects\Hermes Skills\data\primehub_trm_autoresearch\cycle_10\stage\qwen35_9b_misguided_attn_q0018.trm.jsonl
{"exact_positive": 0, "near_miss": 0, "weak_positive": 0, "negative": 1}
Wrote 1 TRM rows to C:\projects\Hermes Skills\data\primehub_trm_autoresearch\cycle_10\stage\qwen35_9b_mmlu_pro_q0022.trm.jsonl
{"exact_positive": 0, "near_miss": 0, "weak_positive": 0, "negative": 1}
Wrote 1 TRM rows to C:\projects\Hermes Skills\data\primehub_trm_autoresearch\cycle_10\stage\qwen35_9b_mmlu_q0019.trm.jsonl
{"exact_positive": 0, "near_miss": 0, "weak_positive": 0, "negative": 1}
Wrote 1 TRM rows to C:\projects\Hermes Skills\data\primehub_trm_autoresearch\cycle_10\stage\qwen35_9b_passthrough_q0001.trm.jsonl
{"exact_positive": 0, "near_miss": 0, "weak_positive": 0, "negative": 1}
Wrote 1 TRM rows to C:\projects\Hermes Skills\data\primehub_trm_autoresearch\cycle_10\stage\qwen35_9b_passthrough_q0023.trm.jsonl
{"exact_positive": 0, "near_miss": 0, "weak_positive": 0, "negative": 1}
Wrote 2 TRM rows to C:\projects\Hermes Skills\data\primehub_trm_autoresearch\cycle_10\stage\qwen35_9b_psycho_bench_q0001.trm.jsonl
{"exact_positive": 2, "near_miss": 0, "weak_positive": 0, "negative": 0}
Wrote 0 TRM rows to C:\projects\Hermes Skills\data\primehub_trm_autoresearch\cycle_10\stage\qwen35_9b_psycho_bench_q0020.trm.jsonl
{"exact_positive": 0, "near_miss": 0, "weak_positive": 0, "negative": 0}
Wrote 2 TRM rows to C:\projects\Hermes Skills\data\primehub_trm_autoresearch\cycle_10\stage\qwen35_9b_pydantic_adherence_q0002.trm.jsonl
{"exact_positive": 0, "near_miss": 0, "weak_positive": 0, "negative": 2}
Wrote 1 TRM rows to C:\projects\Hermes Skills\data\primehub_trm_autoresearch\cycle_10\stage\qwen35_9b_reward_bench_q0003.trm.jsonl
{"exact_positive": 0, "near_miss": 0, "weak_positive": 1, "negative": 0}
Wrote 1 TRM rows to C:\projects\Hermes Skills\data\primehub_trm_autoresearch\cycle_10\stage\qwen35_9b_rust_cargo_q0004.trm.jsonl
{"exact_positive": 0, "near_miss": 0, "weak_positive": 0, "negative": 1}
Wrote 1 TRM rows to C:\projects\Hermes Skills\data\primehub_trm_autoresearch\cycle_10\stage\qwen35_9b_science_env_q0024.trm.jsonl
{"exact_positive": 0, "near_miss": 0, "weak_positive": 0, "negative": 1}
Wrote 1 TRM rows to C:\projects\Hermes Skills\data\primehub_trm_autoresearch\cycle_10\stage\qwen35_9b_simple_bench_q0005.trm.jsonl
{"exact_positive": 1, "near_miss": 0, "weak_positive": 0, "negative": 0}
Wrote 1 TRM rows to C:\projects\Hermes Skills\data\primehub_trm_autoresearch\cycle_10\stage\qwen35_9b_simpleqa_q0025.trm.jsonl
{"exact_positive": 0, "near_miss": 0, "weak_positive": 0, "negative": 1}
Wrote 1 TRM rows to C:\projects\Hermes Skills\data\primehub_trm_autoresearch\cycle_10\stage\qwen35_9b_simpleqa_verified_2_q0006.trm.jsonl
{"exact_positive": 0, "near_miss": 0, "weak_positive": 0, "negative": 1}
Wrote 1 TRM rows to C:\projects\Hermes Skills\data\primehub_trm_autoresearch\cycle_10\stage\qwen35_9b_simpleqa_verified_q0026.trm.jsonl
{"exact_positive": 0, "near_miss": 0, "weak_positive": 0, "negative": 1}
Wrote 1 TRM rows to C:\projects\Hermes Skills\data\primehub_trm_autoresearch\cycle_10\stage\qwen35_9b_truthfulqa_q0007.trm.jsonl
{"exact_positive": 1, "near_miss": 0, "weak_positive": 0, "negative": 0}
Wrote 1 TRM rows to C:\projects\Hermes Skills\data\primehub_trm_autoresearch\cycle_10\stage\qwen35_9b_unscramble_q0027.trm.jsonl
{"exact_positive": 0, "near_miss": 0, "weak_positive": 0, "negative": 1}
Wrote 1 TRM rows to C:\projects\Hermes Skills\data\primehub_trm_autoresearch\cycle_10\stage\qwen35_9b_uq_project_q0009.trm.jsonl
{"exact_positive": 0, "near_miss": 0, "weak_positive": 0, "negative": 1}
Wrote 1 TRM rows to C:\projects\Hermes Skills\data\primehub_trm_autoresearch\cycle_10\stage\qwen35_9b_uq_q0008.trm.jsonl
{"exact_positive": 0, "near_miss": 0, "weak_positive": 0, "negative": 1}
Wrote 1 TRM rows to C:\projects\Hermes Skills\data\primehub_trm_autoresearch\cycle_10\stage\qwen35_9b_verbatim_copy_q0028.trm.jsonl
{"exact_positive": 0, "near_miss": 0, "weak_positive": 0, "negative": 1}
Wrote 1 TRM rows to C:\projects\Hermes Skills\data\primehub_trm_autoresearch\cycle_10\stage\qwen35_9b_vpct_1_q0010.trm.jsonl
{"exact_positive": 0, "near_miss": 0, "weak_positive": 0, "negative": 1}
Wrote 1 TRM rows to C:\projects\Hermes Skills\data\primehub_trm_autoresearch\cycle_10\stage\qwen35_9b_winogrande_q0011.trm.jsonl
{"exact_positive": 1, "near_miss": 0, "weak_positive": 0, "negative": 0}
Wrote 1 TRM rows to C:\projects\Hermes Skills\data\primehub_trm_autoresearch\cycle_10\stage\qwen35_9b_wmdp_q0012.trm.jsonl
{"exact_positive": 0, "near_miss": 0, "weak_positive": 0, "negative": 1}
Wrote 1 TRM rows to C:\projects\Hermes Skills\data\primehub_trm_autoresearch\cycle_10\stage\qwen35_9b_writing_bench_q0013.trm.jsonl
{"exact_positive": 0, "near_miss": 0, "weak_positive": 0, "negative": 1}
Wrote 1 TRM rows to C:\projects\Hermes Skills\data\primehub_trm_autoresearch\cycle_10\stage\qwen35_27b_agency_bench_q0046.trm.jsonl
{"exact_positive": 0, "near_miss": 0, "weak_positive": 0, "negative": 1}
Wrote 1 TRM rows to C:\projects\Hermes Skills\data\primehub_trm_autoresearch\cycle_10\stage\qwen35_27b_aime2024_q0078.trm.jsonl
{"exact_positive": 0, "near_miss": 0, "weak_positive": 0, "negative": 1}
Wrote 1 TRM rows to C:\projects\Hermes Skills\data\primehub_trm_autoresearch\cycle_10\stage\qwen35_27b_aime2025_q0079.trm.jsonl
{"exact_positive": 0, "near_miss": 0, "weak_positive": 0, "negative": 1}
Wrote 1 TRM rows to C:\projects\Hermes Skills\data\primehub_trm_autoresearch\cycle_10\stage\qwen35_27b_aime2026_q0080.trm.jsonl
{"exact_positive": 0, "near_miss": 0, "weak_positive": 0, "negative": 1}
Wrote 1 TRM rows to C:\projects\Hermes Skills\data\primehub_trm_autoresearch\cycle_10\stage\qwen35_27b_allenai_ifeval_q0047.trm.jsonl
{"exact_positive": 0, "near_miss": 0, "weak_positive": 0, "negative": 1}
Wrote 1 TRM rows to C:\projects\Hermes Skills\data\primehub_trm_autoresearch\cycle_10\stage\qwen35_27b_antislop_q0048.trm.jsonl
{"exact_positive": 1, "near_miss": 0, "weak_positive": 0, "negative": 0}
Wrote 1 TRM rows to C:\projects\Hermes Skills\data\primehub_trm_autoresearch\cycle_10\stage\qwen35_27b_arc_q0049.trm.jsonl
{"exact_positive": 0, "near_miss": 0, "weak_positive": 0, "negative": 1}
Wrote 1 TRM rows to C:\projects\Hermes Skills\data\primehub_trm_autoresearch\cycle_10\stage\qwen35_27b_ascii_tree_q0050.trm.jsonl
{"exact_positive": 0, "near_miss": 0, "weak_positive": 0, "negative": 1}
Wrote 1 TRM rows to C:\projects\Hermes Skills\data\primehub_trm_autoresearch\cycle_10\stage\qwen35_27b_bixbench_q0051.trm.jsonl
{"exact_positive": 0, "near_miss": 0, "weak_positive": 0, "negative": 1}
Wrote 1 TRM rows to C:\projects\Hermes Skills\data\primehub_trm_autoresearch\cycle_10\stage\qwen35_27b_boolq_q0052.trm.jsonl
{"exact_positive": 1, "near_miss": 0, "weak_positive": 0, "negative": 0}
Wrote 1 TRM rows to C:\projects\Hermes Skills\data\primehub_trm_autoresearch\cycle_10\stage\qwen35_27b_clbench_q0081.trm.jsonl
{"exact_positive": 0, "near_miss": 0, "weak_positive": 0, "negative": 1}
Wrote 1 TRM rows to C:\projects\Hermes Skills\data\primehub_trm_autoresearch\cycle_10\stage\qwen35_27b_coconot_q0053.trm.jsonl
{"exact_positive": 0, "near_miss": 0, "weak_positive": 0, "negative": 1}
Wrote 1 TRM rows to C:\projects\Hermes Skills\data\primehub_trm_autoresearch\cycle_10\stage\qwen35_27b_colf_q0054.trm.jsonl
{"exact_positive": 0, "near_miss": 0, "weak_positive": 0, "negative": 1}
Wrote 1 TRM rows to C:\projects\Hermes Skills\data\primehub_trm_autoresearch\cycle_10\stage\qwen35_27b_deep_consult_q0055.trm.jsonl
{"exact_positive": 0, "near_miss": 0, "weak_positive": 0, "negative": 1}
Wrote 1 TRM rows to C:\projects\Hermes Skills\data\primehub_trm_autoresearch\cycle_10\stage\qwen35_27b_gauss_q0056.trm.jsonl
{"exact_positive": 0, "near_miss": 0, "weak_positive": 0, "negative": 1}
Wrote 1 TRM rows to C:\projects\Hermes Skills\data\primehub_trm_autoresearch\cycle_10\stage\qwen35_27b_hellaswag_q0057.trm.jsonl
{"exact_positive": 0, "near_miss": 0, "weak_positive": 0, "negative": 1}
Wrote 1 TRM rows to C:\projects\Hermes Skills\data\primehub_trm_autoresearch\cycle_10\stage\qwen35_27b_if_summarize_judge_q0082.trm.jsonl
{"exact_positive": 0, "near_miss": 0, "weak_positive": 0, "negative": 1}
Wrote 1 TRM rows to C:\projects\Hermes Skills\data\primehub_trm_autoresearch\cycle_10\stage\qwen35_27b_jailbreak_bench_q0058.trm.jsonl
{"exact_positive": 0, "near_miss": 0, "weak_positive": 0, "negative": 1}
Wrote 1 TRM rows to C:\projects\Hermes Skills\data\primehub_trm_autoresearch\cycle_10\stage\qwen35_27b_lisanbench_q0059.trm.jsonl
{"exact_positive": 0, "near_miss": 0, "weak_positive": 0, "negative": 1}
Wrote 1 TRM rows to C:\projects\Hermes Skills\data\primehub_trm_autoresearch\cycle_10\stage\qwen35_27b_llm_writing_detection_q0060.trm.jsonl
{"exact_positive": 0, "near_miss": 0, "weak_positive": 0, "negative": 1}
Wrote 0 TRM rows to C:\projects\Hermes Skills\data\primehub_trm_autoresearch\cycle_10\stage\qwen35_27b_logic_env_q0083.trm.jsonl
{"exact_positive": 0, "near_miss": 0, "weak_positive": 0, "negative": 0}
Wrote 1 TRM rows to C:\projects\Hermes Skills\data\primehub_trm_autoresearch\cycle_10\stage\qwen35_27b_longbench_v2_q0061.trm.jsonl
{"exact_positive": 0, "near_miss": 0, "weak_positive": 0, "negative": 1}
Wrote 1 TRM rows to C:\projects\Hermes Skills\data\primehub_trm_autoresearch\cycle_10\stage\qwen35_27b_medsafetybench_q0062.trm.jsonl
{"exact_positive": 0, "near_miss": 0, "weak_positive": 0, "negative": 1}
Wrote 1 TRM rows to C:\projects\Hermes Skills\data\primehub_trm_autoresearch\cycle_10\stage\qwen35_27b_misguided_attn_q0063.trm.jsonl
{"exact_positive": 0, "near_miss": 0, "weak_positive": 0, "negative": 1}
Wrote 1 TRM rows to C:\projects\Hermes Skills\data\primehub_trm_autoresearch\cycle_10\stage\qwen35_27b_mmlu_q0064.trm.jsonl
{"exact_positive": 0, "near_miss": 0, "weak_positive": 0, "negative": 1}
Wrote 1 TRM rows to C:\projects\Hermes Skills\data\primehub_trm_autoresearch\cycle_10\stage\qwen35_27b_psycho_bench_q0065.trm.jsonl
{"exact_positive": 0, "near_miss": 0, "weak_positive": 0, "negative": 1}
Wrote 1 TRM rows to C:\projects\Hermes Skills\data\primehub_trm_autoresearch\cycle_10\stage\qwen35_27b_pydantic_adherence_q0066.trm.jsonl
{"exact_positive": 0, "near_miss": 0, "weak_positive": 0, "negative": 1}
Wrote 1 TRM rows to C:\projects\Hermes Skills\data\primehub_trm_autoresearch\cycle_10\stage\qwen35_27b_reward_bench_q0067.trm.jsonl
{"exact_positive": 0, "near_miss": 0, "weak_positive": 1, "negative": 0}
Wrote 1 TRM rows to C:\projects\Hermes Skills\data\primehub_trm_autoresearch\cycle_10\stage\qwen35_27b_rust_cargo_q0068.trm.jsonl
{"exact_positive": 0, "near_miss": 0, "weak_positive": 0, "negative": 1}
Wrote 1 TRM rows to C:\projects\Hermes Skills\data\primehub_trm_autoresearch\cycle_10\stage\qwen35_27b_simple_bench_q0069.trm.jsonl
{"exact_positive": 0, "near_miss": 0, "weak_positive": 0, "negative": 1}
Wrote 1 TRM rows to C:\projects\Hermes Skills\data\primehub_trm_autoresearch\cycle_10\stage\qwen35_27b_simpleqa_verified_2_q0070.trm.jsonl
{"exact_positive": 0, "near_miss": 0, "weak_positive": 0, "negative": 1}
Wrote 1 TRM rows to C:\projects\Hermes Skills\data\primehub_trm_autoresearch\cycle_10\stage\qwen35_27b_truthfulqa_q0071.trm.jsonl
{"exact_positive": 0, "near_miss": 0, "weak_positive": 0, "negative": 1}
Wrote 1 TRM rows to C:\projects\Hermes Skills\data\primehub_trm_autoresearch\cycle_10\stage\qwen35_27b_uq_project_q0073.trm.jsonl
{"exact_positive": 0, "near_miss": 0, "weak_positive": 0, "negative": 1}
Wrote 1 TRM rows to C:\projects\Hermes Skills\data\primehub_trm_autoresearch\cycle_10\stage\qwen35_27b_uq_q0072.trm.jsonl
{"exact_positive": 0, "near_miss": 0, "weak_positive": 0, "negative": 1}
Wrote 1 TRM rows to C:\projects\Hermes Skills\data\primehub_trm_autoresearch\cycle_10\stage\qwen35_27b_vpct_1_q0074.trm.jsonl
{"exact_positive": 0, "near_miss": 0, "weak_positive": 0, "negative": 1}
Wrote 1 TRM rows to C:\projects\Hermes Skills\data\primehub_trm_autoresearch\cycle_10\stage\qwen35_27b_winogrande_q0075.trm.jsonl
{"exact_positive": 1, "near_miss": 0, "weak_positive": 0, "negative": 0}
Wrote 1 TRM rows to C:\projects\Hermes Skills\data\primehub_trm_autoresearch\cycle_10\stage\qwen35_27b_wmdp_q0076.trm.jsonl
{"exact_positive": 0, "near_miss": 0, "weak_positive": 0, "negative": 1}
Wrote 1 TRM rows to C:\projects\Hermes Skills\data\primehub_trm_autoresearch\cycle_10\stage\qwen35_27b_writing_bench_q0077.trm.jsonl
{"exact_positive": 0, "near_miss": 0, "weak_positive": 0, "negative": 1}
Wrote 1 TRM rows to C:\projects\Hermes Skills\data\primehub_trm_autoresearch\cycle_10\stage\qwen35_9b_agency_bench_q0001.trm.jsonl
{"exact_positive": 0, "near_miss": 0, "weak_positive": 0, "negative": 1}
Wrote 1 TRM rows to C:\projects\Hermes Skills\data\primehub_trm_autoresearch\cycle_10\stage\qwen35_9b_aime2024_q0033.trm.jsonl
{"exact_positive": 0, "near_miss": 0, "weak_positive": 0, "negative": 1}
Wrote 1 TRM rows to C:\projects\Hermes Skills\data\primehub_trm_autoresearch\cycle_10\stage\qwen35_9b_aime2025_q0034.trm.jsonl
{"exact_positive": 0, "near_miss": 0, "weak_positive": 0, "negative": 1}
Wrote 1 TRM rows to C:\projects\Hermes Skills\data\primehub_trm_autoresearch\cycle_10\stage\qwen35_9b_aime2026_q0035.trm.jsonl
{"exact_positive": 0, "near_miss": 0, "weak_positive": 0, "negative": 1}
Wrote 1 TRM rows to C:\projects\Hermes Skills\data\primehub_trm_autoresearch\cycle_10\stage\qwen35_9b_allenai_ifeval_q0002.trm.jsonl
{"exact_positive": 0, "near_miss": 0, "weak_positive": 0, "negative": 1}
Wrote 1 TRM rows to C:\projects\Hermes Skills\data\primehub_trm_autoresearch\cycle_10\stage\qwen35_9b_antislop_q0003.trm.jsonl
{"exact_positive": 1, "near_miss": 0, "weak_positive": 0, "negative": 0}
Wrote 1 TRM rows to C:\projects\Hermes Skills\data\primehub_trm_autoresearch\cycle_10\stage\qwen35_9b_arc_q0004.trm.jsonl
{"exact_positive": 1, "near_miss": 0, "weak_positive": 0, "negative": 0}
Wrote 1 TRM rows to C:\projects\Hermes Skills\data\primehub_trm_autoresearch\cycle_10\stage\qwen35_9b_ascii_tree_q0005.trm.jsonl
{"exact_positive": 0, "near_miss": 0, "weak_positive": 1, "negative": 0}
Wrote 1 TRM rows to C:\projects\Hermes Skills\data\primehub_trm_autoresearch\cycle_10\stage\qwen35_9b_bixbench_q0006.trm.jsonl
{"exact_positive": 0, "near_miss": 0, "weak_positive": 0, "negative": 1}
Wrote 1 TRM rows to C:\projects\Hermes Skills\data\primehub_trm_autoresearch\cycle_10\stage\qwen35_9b_boolq_q0007.trm.jsonl
{"exact_positive": 1, "near_miss": 0, "weak_positive": 0, "negative": 0}
Wrote 1 TRM rows to C:\projects\Hermes Skills\data\primehub_trm_autoresearch\cycle_10\stage\qwen35_9b_clbench_q0036.trm.jsonl
{"exact_positive": 0, "near_miss": 0, "weak_positive": 0, "negative": 1}
Wrote 1 TRM rows to C:\projects\Hermes Skills\data\primehub_trm_autoresearch\cycle_10\stage\qwen35_9b_coconot_q0008.trm.jsonl
{"exact_positive": 0, "near_miss": 0, "weak_positive": 0, "negative": 1}
Wrote 1 TRM rows to C:\projects\Hermes Skills\data\primehub_trm_autoresearch\cycle_10\stage\qwen35_9b_colf_q0009.trm.jsonl
{"exact_positive": 0, "near_miss": 0, "weak_positive": 0, "negative": 1}
Wrote 1 TRM rows to C:\projects\Hermes Skills\data\primehub_trm_autoresearch\cycle_10\stage\qwen35_9b_deep_consult_q0010.trm.jsonl
{"exact_positive": 0, "near_miss": 0, "weak_positive": 0, "negative": 1}
Wrote 1 TRM rows to C:\projects\Hermes Skills\data\primehub_trm_autoresearch\cycle_10\stage\qwen35_9b_gauss_q0011.trm.jsonl
{"exact_positive": 0, "near_miss": 0, "weak_positive": 0, "negative": 1}
Wrote 1 TRM rows to C:\projects\Hermes Skills\data\primehub_trm_autoresearch\cycle_10\stage\qwen35_9b_hellaswag_q0012.trm.jsonl
{"exact_positive": 1, "near_miss": 0, "weak_positive": 0, "negative": 0}
Wrote 1 TRM rows to C:\projects\Hermes Skills\data\primehub_trm_autoresearch\cycle_10\stage\qwen35_9b_if_summarize_judge_q0037.trm.jsonl
{"exact_positive": 0, "near_miss": 0, "weak_positive": 0, "negative": 1}
Wrote 1 TRM rows to C:\projects\Hermes Skills\data\primehub_trm_autoresearch\cycle_10\stage\qwen35_9b_jailbreak_bench_q0013.trm.jsonl
{"exact_positive": 0, "near_miss": 0, "weak_positive": 0, "negative": 1}
Wrote 1 TRM rows to C:\projects\Hermes Skills\data\primehub_trm_autoresearch\cycle_10\stage\qwen35_9b_lisanbench_q0014.trm.jsonl
{"exact_positive": 1, "near_miss": 0, "weak_positive": 0, "negative": 0}
Wrote 1 TRM rows to C:\projects\Hermes Skills\data\primehub_trm_autoresearch\cycle_10\stage\qwen35_9b_llm_writing_detection_q0015.trm.jsonl
{"exact_positive": 0, "near_miss": 0, "weak_positive": 0, "negative": 1}
Wrote 1 TRM rows to C:\projects\Hermes Skills\data\primehub_trm_autoresearch\cycle_10\stage\qwen35_9b_logic_env_q0038.trm.jsonl
{"exact_positive": 0, "near_miss": 0, "weak_positive": 0, "negative": 1}
Wrote 1 TRM rows to C:\projects\Hermes Skills\data\primehub_trm_autoresearch\cycle_10\stage\qwen35_9b_longbench_v2_q0016.trm.jsonl
{"exact_positive": 0, "near_miss": 0, "weak_positive": 0, "negative": 1}
Wrote 1 TRM rows to C:\projects\Hermes Skills\data\primehub_trm_autoresearch\cycle_10\stage\qwen35_9b_math500_q0039.trm.jsonl
{"exact_positive": 0, "near_miss": 0, "weak_positive": 0, "negative": 1}
Wrote 1 TRM rows to C:\projects\Hermes Skills\data\primehub_trm_autoresearch\cycle_10\stage\qwen35_9b_math_env_q0040.trm.jsonl
{"exact_positive": 1, "near_miss": 0, "weak_positive": 0, "negative": 0}
Wrote 1 TRM rows to C:\projects\Hermes Skills\data\primehub_trm_autoresearch\cycle_10\stage\qwen35_9b_medsafetybench_q0017.trm.jsonl
{"exact_positive": 0, "near_miss": 0, "weak_positive": 0, "negative": 1}
Wrote 1 TRM rows to C:\projects\Hermes Skills\data\primehub_trm_autoresearch\cycle_10\stage\qwen35_9b_misguided_attn_q0018.trm.jsonl
{"exact_positive": 0, "near_miss": 0, "weak_positive": 0, "negative": 1}
Wrote 1 TRM rows to C:\projects\Hermes Skills\data\primehub_trm_autoresearch\cycle_10\stage\qwen35_9b_mmlu_pro_q0041.trm.jsonl
{"exact_positive": 0, "near_miss": 0, "weak_positive": 0, "negative": 1}
Wrote 1 TRM rows to C:\projects\Hermes Skills\data\primehub_trm_autoresearch\cycle_10\stage\qwen35_9b_mmlu_q0019.trm.jsonl
{"exact_positive": 0, "near_miss": 0, "weak_positive": 0, "negative": 1}
Wrote 1 TRM rows to C:\projects\Hermes Skills\data\primehub_trm_autoresearch\cycle_10\stage\qwen35_9b_psycho_bench_q0020.trm.jsonl
{"exact_positive": 1, "near_miss": 0, "weak_positive": 0, "negative": 0}
Wrote 1 TRM rows to C:\projects\Hermes Skills\data\primehub_trm_autoresearch\cycle_10\stage\qwen35_9b_pydantic_adherence_q0021.trm.jsonl
{"exact_positive": 0, "near_miss": 0, "weak_positive": 0, "negative": 1}
Wrote 1 TRM rows to C:\projects\Hermes Skills\data\primehub_trm_autoresearch\cycle_10\stage\qwen35_9b_reward_bench_q0022.trm.jsonl
{"exact_positive": 0, "near_miss": 0, "weak_positive": 1, "negative": 0}
Wrote 1 TRM rows to C:\projects\Hermes Skills\data\primehub_trm_autoresearch\cycle_10\stage\qwen35_9b_rust_cargo_q0023.trm.jsonl
{"exact_positive": 0, "near_miss": 0, "weak_positive": 0, "negative": 1}
Wrote 1 TRM rows to C:\projects\Hermes Skills\data\primehub_trm_autoresearch\cycle_10\stage\qwen35_9b_science_env_q0042.trm.jsonl
{"exact_positive": 0, "near_miss": 0, "weak_positive": 0, "negative": 1}
Wrote 1 TRM rows to C:\projects\Hermes Skills\data\primehub_trm_autoresearch\cycle_10\stage\qwen35_9b_simple_bench_q0024.trm.jsonl
{"exact_positive": 1, "near_miss": 0, "weak_positive": 0, "negative": 0}
Wrote 1 TRM rows to C:\projects\Hermes Skills\data\primehub_trm_autoresearch\cycle_10\stage\qwen35_9b_simpleqa_q0043.trm.jsonl
{"exact_positive": 0, "near_miss": 0, "weak_positive": 0, "negative": 1}
Wrote 1 TRM rows to C:\projects\Hermes Skills\data\primehub_trm_autoresearch\cycle_10\stage\qwen35_9b_simpleqa_verified_2_q0025.trm.jsonl
{"exact_positive": 0, "near_miss": 0, "weak_positive": 0, "negative": 1}
Wrote 1 TRM rows to C:\projects\Hermes Skills\data\primehub_trm_autoresearch\cycle_10\stage\qwen35_9b_simpleqa_verified_q0044.trm.jsonl
{"exact_positive": 0, "near_miss": 0, "weak_positive": 0, "negative": 1}
Wrote 1 TRM rows to C:\projects\Hermes Skills\data\primehub_trm_autoresearch\cycle_10\stage\qwen35_9b_truthfulqa_q0026.trm.jsonl
{"exact_positive": 1, "near_miss": 0, "weak_positive": 0, "negative": 0}
Wrote 1 TRM rows to C:\projects\Hermes Skills\data\primehub_trm_autoresearch\cycle_10\stage\qwen35_9b_unscramble_q0045.trm.jsonl
{"exact_positive": 0, "near_miss": 0, "weak_positive": 0, "negative": 1}
Wrote 1 TRM rows to C:\projects\Hermes Skills\data\primehub_trm_autoresearch\cycle_10\stage\qwen35_9b_uq_project_q0028.trm.jsonl
{"exact_positive": 0, "near_miss": 0, "weak_positive": 0, "negative": 1}
Wrote 1 TRM rows to C:\projects\Hermes Skills\data\primehub_trm_autoresearch\cycle_10\stage\qwen35_9b_uq_q0027.trm.jsonl
{"exact_positive": 0, "near_miss": 0, "weak_positive": 0, "negative": 1}
Wrote 1 TRM rows to C:\projects\Hermes Skills\data\primehub_trm_autoresearch\cycle_10\stage\qwen35_9b_vpct_1_q0029.trm.jsonl
{"exact_positive": 0, "near_miss": 0, "weak_positive": 0, "negative": 1}
Wrote 1 TRM rows to C:\projects\Hermes Skills\data\primehub_trm_autoresearch\cycle_10\stage\qwen35_9b_winogrande_q0030.trm.jsonl
{"exact_positive": 1, "near_miss": 0, "weak_positive": 0, "negative": 0}
Wrote 1 TRM rows to C:\projects\Hermes Skills\data\primehub_trm_autoresearch\cycle_10\stage\qwen35_9b_wmdp_q0031.trm.jsonl
{"exact_positive": 0, "near_miss": 0, "weak_positive": 0, "negative": 1}
Wrote 1 TRM rows to C:\projects\Hermes Skills\data\primehub_trm_autoresearch\cycle_10\stage\qwen35_9b_writing_bench_q0032.trm.jsonl
{"exact_positive": 0, "near_miss": 0, "weak_positive": 0, "negative": 1}
Wrote 187 merged TRM rows to C:\projects\Hermes Skills\data\primehub_trm_autoresearch\cycle_10\primehub_trm_merged.jsonl
{"negative": 158, "exact_positive": 24, "weak_positive": 5}
Wrote critic model with 187 examples to C:\projects\Hermes Skills\data\primehub_trm_autoresearch\cycle_10\models\trm_critic.json
{'negative': 158, 'exact_positive': 24, 'weak_positive': 5}
Wrote benchmark summary to C:\projects\Hermes Skills\data\primehub_trm_autoresearch\cycle_10\bench\trm_critic_bench.summary.json
{"eval_rows": 32, "bucket_accuracy": 0.75, "per_family": {"primehub": {"rows": 32, "bucket_accuracy": 0.75, "avg_bucket_abs_error": 0.75, "visible_output_accuracy": 0.4688, "avg_grid_cell_accuracy_abs_error": null}}}
Wrote retriever model with 24 examples to C:\projects\Hermes Skills\data\primehub_trm_autoresearch\cycle_10\models\trm_retriever.json
{"exact_positive": 24}
Wrote benchmark summary to C:\projects\Hermes Skills\data\primehub_trm_autoresearch\cycle_10\bench\trm_retriever_bench.summary.json
{"eval_rows": 32, "exact_match_rate": 0.0625, "per_family": {"primehub": {"rows": 32, "exact_match_rate": 0.0625, "nonempty_prediction_rate": 1.0, "avg_similarity": 0.3618, "avg_grid_cell_accuracy": null}}}
Wrote router benchmark summary to C:\projects\Hermes Skills\data\primehub_trm_autoresearch\cycle_10\bench\trm_router_bench.summary.json
{"eval_rows": 32, "retrieval_only": {"exact_match_rate": 0.0625, "nonempty_prediction_rate": 1.0, "avg_grid_cell_accuracy": null}, "critic_gated": {"exact_match_rate": 0.0, "nonempty_prediction_rate": 0.0938, "route_abstain_rate": 0.9062, "avg_grid_cell_accuracy": null}}
{
  "manifest": "C:\\projects\\Hermes Skills\\data\\primehub_trm_autoresearch\\cycle_10\\primehub_trm_rollup.manifest.json",
  "merged_rows": 187,
  "bucket_counts": {
    "negative": 158,
    "exact_positive": 24,
    "weak_positive": 5
  }
}
{
  "output_json": "C:\\projects\\Hermes Skills\\data\\primehub_trm_autoresearch\\cycle_10\\imprint\\primehub_skill_imprint.json",
  "output_md": "C:\\projects\\Hermes Skills\\data\\primehub_trm_autoresearch\\cycle_10\\imprint\\primehub_skill_imprint.md",
  "rows": 187
}
Wrote 1 TRM rows to C:\projects\Hermes Skills\data\primehub_trm_autoresearch\cycle_11\stage\qwen35_27b_aime2024_q0016.trm.jsonl
{"exact_positive": 0, "near_miss": 0, "weak_positive": 0, "negative": 1}
Wrote 1 TRM rows to C:\projects\Hermes Skills\data\primehub_trm_autoresearch\cycle_11\stage\qwen35_27b_aime2025_q0017.trm.jsonl
{"exact_positive": 0, "near_miss": 0, "weak_positive": 0, "negative": 1}
Wrote 1 TRM rows to C:\projects\Hermes Skills\data\primehub_trm_autoresearch\cycle_11\stage\qwen35_27b_aime2026_q0018.trm.jsonl
{"exact_positive": 0, "near_miss": 0, "weak_positive": 0, "negative": 1}
Wrote 1 TRM rows to C:\projects\Hermes Skills\data\primehub_trm_autoresearch\cycle_11\stage\qwen35_27b_clbench_q0019.trm.jsonl
{"exact_positive": 0, "near_miss": 0, "weak_positive": 0, "negative": 1}
Wrote 1 TRM rows to C:\projects\Hermes Skills\data\primehub_trm_autoresearch\cycle_11\stage\qwen35_27b_if_summarize_judge_q0020.trm.jsonl
{"exact_positive": 0, "near_miss": 0, "weak_positive": 0, "negative": 1}
Wrote 1 TRM rows to C:\projects\Hermes Skills\data\primehub_trm_autoresearch\cycle_11\stage\qwen35_27b_lisanbench_q0013.trm.jsonl
{"exact_positive": 0, "near_miss": 0, "weak_positive": 0, "negative": 1}
Wrote 1 TRM rows to C:\projects\Hermes Skills\data\primehub_trm_autoresearch\cycle_11\stage\qwen35_27b_logic_env_q0021.trm.jsonl
{"exact_positive": 0, "near_miss": 0, "weak_positive": 0, "negative": 1}
Wrote 1 TRM rows to C:\projects\Hermes Skills\data\primehub_trm_autoresearch\cycle_11\stage\qwen35_27b_math500_q0022.trm.jsonl
{"exact_positive": 0, "near_miss": 0, "weak_positive": 0, "negative": 1}
Wrote 1 TRM rows to C:\projects\Hermes Skills\data\primehub_trm_autoresearch\cycle_11\stage\qwen35_27b_math_env_q0023.trm.jsonl
{"exact_positive": 0, "near_miss": 0, "weak_positive": 0, "negative": 1}
Wrote 1 TRM rows to C:\projects\Hermes Skills\data\primehub_trm_autoresearch\cycle_11\stage\qwen35_27b_misguided_attn_q0014.trm.jsonl
{"exact_positive": 0, "near_miss": 0, "weak_positive": 0, "negative": 1}
Wrote 1 TRM rows to C:\projects\Hermes Skills\data\primehub_trm_autoresearch\cycle_11\stage\qwen35_27b_mmlu_pro_q0024.trm.jsonl
{"exact_positive": 0, "near_miss": 0, "weak_positive": 0, "negative": 1}
Wrote 1 TRM rows to C:\projects\Hermes Skills\data\primehub_trm_autoresearch\cycle_11\stage\qwen35_27b_psycho_bench_q0015.trm.jsonl
{"exact_positive": 0, "near_miss": 0, "weak_positive": 0, "negative": 1}
Wrote 1 TRM rows to C:\projects\Hermes Skills\data\primehub_trm_autoresearch\cycle_11\stage\qwen35_9b_aime2024_q0004.trm.jsonl
{"exact_positive": 0, "near_miss": 0, "weak_positive": 0, "negative": 1}
Wrote 1 TRM rows to C:\projects\Hermes Skills\data\primehub_trm_autoresearch\cycle_11\stage\qwen35_9b_aime2025_q0005.trm.jsonl
{"exact_positive": 0, "near_miss": 0, "weak_positive": 0, "negative": 1}
Wrote 1 TRM rows to C:\projects\Hermes Skills\data\primehub_trm_autoresearch\cycle_11\stage\qwen35_9b_aime2026_q0006.trm.jsonl
{"exact_positive": 0, "near_miss": 0, "weak_positive": 0, "negative": 1}
Wrote 1 TRM rows to C:\projects\Hermes Skills\data\primehub_trm_autoresearch\cycle_11\stage\qwen35_9b_clbench_q0007.trm.jsonl
{"exact_positive": 0, "near_miss": 0, "weak_positive": 0, "negative": 1}
Wrote 1 TRM rows to C:\projects\Hermes Skills\data\primehub_trm_autoresearch\cycle_11\stage\qwen35_9b_if_summarize_judge_q0008.trm.jsonl
{"exact_positive": 0, "near_miss": 0, "weak_positive": 0, "negative": 1}
Wrote 1 TRM rows to C:\projects\Hermes Skills\data\primehub_trm_autoresearch\cycle_11\stage\qwen35_9b_lisanbench_q0001.trm.jsonl
{"exact_positive": 1, "near_miss": 0, "weak_positive": 0, "negative": 0}
Wrote 1 TRM rows to C:\projects\Hermes Skills\data\primehub_trm_autoresearch\cycle_11\stage\qwen35_9b_logic_env_q0009.trm.jsonl
{"exact_positive": 0, "near_miss": 0, "weak_positive": 0, "negative": 1}
Wrote 1 TRM rows to C:\projects\Hermes Skills\data\primehub_trm_autoresearch\cycle_11\stage\qwen35_9b_math500_q0010.trm.jsonl
{"exact_positive": 0, "near_miss": 0, "weak_positive": 0, "negative": 1}
Wrote 1 TRM rows to C:\projects\Hermes Skills\data\primehub_trm_autoresearch\cycle_11\stage\qwen35_9b_math_env_q0011.trm.jsonl
{"exact_positive": 1, "near_miss": 0, "weak_positive": 0, "negative": 0}
Wrote 1 TRM rows to C:\projects\Hermes Skills\data\primehub_trm_autoresearch\cycle_11\stage\qwen35_9b_misguided_attn_q0002.trm.jsonl
{"exact_positive": 0, "near_miss": 0, "weak_positive": 0, "negative": 1}
Wrote 1 TRM rows to C:\projects\Hermes Skills\data\primehub_trm_autoresearch\cycle_11\stage\qwen35_9b_mmlu_pro_q0012.trm.jsonl
{"exact_positive": 0, "near_miss": 0, "weak_positive": 0, "negative": 1}
Wrote 1 TRM rows to C:\projects\Hermes Skills\data\primehub_trm_autoresearch\cycle_11\stage\qwen35_9b_psycho_bench_q0003.trm.jsonl
{"exact_positive": 1, "near_miss": 0, "weak_positive": 0, "negative": 0}
Wrote 1 TRM rows to C:\projects\Hermes Skills\data\primehub_trm_autoresearch\cycle_11\stage\qwen35_27b_math_env_q0001.trm.jsonl
{"exact_positive": 0, "near_miss": 0, "weak_positive": 0, "negative": 1}
Wrote 1 TRM rows to C:\projects\Hermes Skills\data\primehub_trm_autoresearch\cycle_11\stage\qwen35_27b_mmlu_pro_q0002.trm.jsonl
{"exact_positive": 0, "near_miss": 0, "weak_positive": 0, "negative": 1}
Wrote 1 TRM rows to C:\projects\Hermes Skills\data\primehub_trm_autoresearch\cycle_11\stage\qwen35_27b_agency_bench_q0029.trm.jsonl
{"exact_positive": 0, "near_miss": 0, "weak_positive": 0, "negative": 1}
Wrote 1 TRM rows to C:\projects\Hermes Skills\data\primehub_trm_autoresearch\cycle_11\stage\qwen35_27b_aime2024_q0009.trm.jsonl
{"exact_positive": 0, "near_miss": 0, "weak_positive": 0, "negative": 1}
Wrote 1 TRM rows to C:\projects\Hermes Skills\data\primehub_trm_autoresearch\cycle_11\stage\qwen35_27b_aime2025_q0010.trm.jsonl
{"exact_positive": 0, "near_miss": 0, "weak_positive": 0, "negative": 1}
Wrote 1 TRM rows to C:\projects\Hermes Skills\data\primehub_trm_autoresearch\cycle_11\stage\qwen35_27b_aime2026_q0011.trm.jsonl
{"exact_positive": 0, "near_miss": 0, "weak_positive": 0, "negative": 1}
Wrote 1 TRM rows to C:\projects\Hermes Skills\data\primehub_trm_autoresearch\cycle_11\stage\qwen35_27b_allenai_ifeval_q0030.trm.jsonl
{"exact_positive": 0, "near_miss": 0, "weak_positive": 0, "negative": 1}
Wrote 1 TRM rows to C:\projects\Hermes Skills\data\primehub_trm_autoresearch\cycle_11\stage\qwen35_27b_antislop_q0031.trm.jsonl
{"exact_positive": 1, "near_miss": 0, "weak_positive": 0, "negative": 0}
Wrote 1 TRM rows to C:\projects\Hermes Skills\data\primehub_trm_autoresearch\cycle_11\stage\qwen35_27b_arc_q0032.trm.jsonl
{"exact_positive": 0, "near_miss": 0, "weak_positive": 0, "negative": 1}
Wrote 1 TRM rows to C:\projects\Hermes Skills\data\primehub_trm_autoresearch\cycle_11\stage\qwen35_27b_ascii_tree_q0033.trm.jsonl
{"exact_positive": 0, "near_miss": 0, "weak_positive": 0, "negative": 1}
Wrote 1 TRM rows to C:\projects\Hermes Skills\data\primehub_trm_autoresearch\cycle_11\stage\qwen35_27b_bixbench_q0034.trm.jsonl
{"exact_positive": 0, "near_miss": 0, "weak_positive": 0, "negative": 1}
Wrote 1 TRM rows to C:\projects\Hermes Skills\data\primehub_trm_autoresearch\cycle_11\stage\qwen35_27b_boolq_q0035.trm.jsonl
{"exact_positive": 0, "near_miss": 0, "weak_positive": 0, "negative": 1}
Wrote 1 TRM rows to C:\projects\Hermes Skills\data\primehub_trm_autoresearch\cycle_11\stage\qwen35_27b_clbench_q0012.trm.jsonl
{"exact_positive": 0, "near_miss": 0, "weak_positive": 0, "negative": 1}
Wrote 1 TRM rows to C:\projects\Hermes Skills\data\primehub_trm_autoresearch\cycle_11\stage\qwen35_27b_coconot_q0036.trm.jsonl
{"exact_positive": 0, "near_miss": 0, "weak_positive": 0, "negative": 1}
Wrote 1 TRM rows to C:\projects\Hermes Skills\data\primehub_trm_autoresearch\cycle_11\stage\qwen35_27b_colf_q0037.trm.jsonl
{"exact_positive": 0, "near_miss": 0, "weak_positive": 0, "negative": 1}
Wrote 1 TRM rows to C:\projects\Hermes Skills\data\primehub_trm_autoresearch\cycle_11\stage\qwen35_27b_deep_consult_q0038.trm.jsonl
{"exact_positive": 0, "near_miss": 0, "weak_positive": 0, "negative": 1}
Wrote 1 TRM rows to C:\projects\Hermes Skills\data\primehub_trm_autoresearch\cycle_11\stage\qwen35_27b_gauss_q0039.trm.jsonl
{"exact_positive": 0, "near_miss": 0, "weak_positive": 0, "negative": 1}
Wrote 1 TRM rows to C:\projects\Hermes Skills\data\primehub_trm_autoresearch\cycle_11\stage\qwen35_27b_hellaswag_q0040.trm.jsonl
{"exact_positive": 0, "near_miss": 0, "weak_positive": 0, "negative": 1}
Wrote 1 TRM rows to C:\projects\Hermes Skills\data\primehub_trm_autoresearch\cycle_11\stage\qwen35_27b_if_summarize_judge_q0013.trm.jsonl
{"exact_positive": 0, "near_miss": 0, "weak_positive": 0, "negative": 1}
Wrote 1 TRM rows to C:\projects\Hermes Skills\data\primehub_trm_autoresearch\cycle_11\stage\qwen35_27b_jailbreak_bench_q0041.trm.jsonl
{"exact_positive": 0, "near_miss": 0, "weak_positive": 0, "negative": 1}
Wrote 1 TRM rows to C:\projects\Hermes Skills\data\primehub_trm_autoresearch\cycle_11\stage\qwen35_27b_lisanbench_q0042.trm.jsonl
{"exact_positive": 0, "near_miss": 0, "weak_positive": 0, "negative": 1}
Wrote 1 TRM rows to C:\projects\Hermes Skills\data\primehub_trm_autoresearch\cycle_11\stage\qwen35_27b_llm_writing_detection_q0043.trm.jsonl
{"exact_positive": 0, "near_miss": 0, "weak_positive": 0, "negative": 1}
Wrote 1 TRM rows to C:\projects\Hermes Skills\data\primehub_trm_autoresearch\cycle_11\stage\qwen35_27b_logic_env_q0014.trm.jsonl
{"exact_positive": 0, "near_miss": 0, "weak_positive": 0, "negative": 1}
Wrote 1 TRM rows to C:\projects\Hermes Skills\data\primehub_trm_autoresearch\cycle_11\stage\qwen35_27b_longbench_v2_q0044.trm.jsonl
{"exact_positive": 0, "near_miss": 0, "weak_positive": 0, "negative": 1}
Wrote 1 TRM rows to C:\projects\Hermes Skills\data\primehub_trm_autoresearch\cycle_11\stage\qwen35_27b_math500_q0015.trm.jsonl
{"exact_positive": 0, "near_miss": 0, "weak_positive": 0, "negative": 1}
Wrote 1 TRM rows to C:\projects\Hermes Skills\data\primehub_trm_autoresearch\cycle_11\stage\qwen35_27b_math_env_q0016.trm.jsonl
{"exact_positive": 0, "near_miss": 0, "weak_positive": 0, "negative": 1}
Wrote 1 TRM rows to C:\projects\Hermes Skills\data\primehub_trm_autoresearch\cycle_11\stage\qwen35_27b_medsafetybench_q0045.trm.jsonl
{"exact_positive": 0, "near_miss": 0, "weak_positive": 0, "negative": 1}
Wrote 1 TRM rows to C:\projects\Hermes Skills\data\primehub_trm_autoresearch\cycle_11\stage\qwen35_27b_misguided_attn_q0046.trm.jsonl
{"exact_positive": 0, "near_miss": 0, "weak_positive": 0, "negative": 1}
Wrote 1 TRM rows to C:\projects\Hermes Skills\data\primehub_trm_autoresearch\cycle_11\stage\qwen35_27b_mmlu_pro_q0017.trm.jsonl
{"exact_positive": 0, "near_miss": 0, "weak_positive": 0, "negative": 1}
Wrote 1 TRM rows to C:\projects\Hermes Skills\data\primehub_trm_autoresearch\cycle_11\stage\qwen35_27b_mmlu_q0047.trm.jsonl
{"exact_positive": 0, "near_miss": 0, "weak_positive": 0, "negative": 1}
Wrote 1 TRM rows to C:\projects\Hermes Skills\data\primehub_trm_autoresearch\cycle_11\stage\qwen35_27b_passthrough_q0018.trm.jsonl
{"exact_positive": 0, "near_miss": 0, "weak_positive": 0, "negative": 1}
Wrote 1 TRM rows to C:\projects\Hermes Skills\data\primehub_trm_autoresearch\cycle_11\stage\qwen35_27b_psycho_bench_q0048.trm.jsonl
{"exact_positive": 0, "near_miss": 0, "weak_positive": 0, "negative": 1}
Wrote 1 TRM rows to C:\projects\Hermes Skills\data\primehub_trm_autoresearch\cycle_11\stage\qwen35_27b_pydantic_adherence_q0049.trm.jsonl
{"exact_positive": 0, "near_miss": 0, "weak_positive": 0, "negative": 1}
Wrote 1 TRM rows to C:\projects\Hermes Skills\data\primehub_trm_autoresearch\cycle_11\stage\qwen35_27b_reward_bench_q0050.trm.jsonl
{"exact_positive": 0, "near_miss": 0, "weak_positive": 1, "negative": 0}
Wrote 1 TRM rows to C:\projects\Hermes Skills\data\primehub_trm_autoresearch\cycle_11\stage\qwen35_27b_rust_cargo_q0051.trm.jsonl
{"exact_positive": 0, "near_miss": 0, "weak_positive": 0, "negative": 1}
Wrote 1 TRM rows to C:\projects\Hermes Skills\data\primehub_trm_autoresearch\cycle_11\stage\qwen35_27b_science_env_q0019.trm.jsonl
{"exact_positive": 0, "near_miss": 0, "weak_positive": 0, "negative": 1}
Wrote 1 TRM rows to C:\projects\Hermes Skills\data\primehub_trm_autoresearch\cycle_11\stage\qwen35_27b_simple_bench_q0052.trm.jsonl
{"exact_positive": 0, "near_miss": 0, "weak_positive": 0, "negative": 1}
Wrote 1 TRM rows to C:\projects\Hermes Skills\data\primehub_trm_autoresearch\cycle_11\stage\qwen35_27b_simpleqa_q0020.trm.jsonl
{"exact_positive": 0, "near_miss": 0, "weak_positive": 0, "negative": 1}
Wrote 1 TRM rows to C:\projects\Hermes Skills\data\primehub_trm_autoresearch\cycle_11\stage\qwen35_27b_simpleqa_verified_2_q0053.trm.jsonl
{"exact_positive": 0, "near_miss": 0, "weak_positive": 0, "negative": 1}
Wrote 1 TRM rows to C:\projects\Hermes Skills\data\primehub_trm_autoresearch\cycle_11\stage\qwen35_27b_simpleqa_verified_q0021.trm.jsonl
{"exact_positive": 0, "near_miss": 0, "weak_positive": 0, "negative": 1}
Wrote 1 TRM rows to C:\projects\Hermes Skills\data\primehub_trm_autoresearch\cycle_11\stage\qwen35_27b_truthfulqa_q0002.trm.jsonl
{"exact_positive": 0, "near_miss": 0, "weak_positive": 0, "negative": 1}
Wrote 1 TRM rows to C:\projects\Hermes Skills\data\primehub_trm_autoresearch\cycle_11\stage\qwen35_27b_truthfulqa_q0054.trm.jsonl
{"exact_positive": 0, "near_miss": 0, "weak_positive": 0, "negative": 1}
Wrote 1 TRM rows to C:\projects\Hermes Skills\data\primehub_trm_autoresearch\cycle_11\stage\qwen35_27b_unscramble_q0022.trm.jsonl
{"exact_positive": 0, "near_miss": 0, "weak_positive": 0, "negative": 1}
Wrote 1 TRM rows to C:\projects\Hermes Skills\data\primehub_trm_autoresearch\cycle_11\stage\qwen35_27b_uq_project_q0004.trm.jsonl
{"exact_positive": 0, "near_miss": 0, "weak_positive": 0, "negative": 1}
Wrote 1 TRM rows to C:\projects\Hermes Skills\data\primehub_trm_autoresearch\cycle_11\stage\qwen35_27b_uq_q0003.trm.jsonl
{"exact_positive": 0, "near_miss": 0, "weak_positive": 0, "negative": 1}
Wrote 1 TRM rows to C:\projects\Hermes Skills\data\primehub_trm_autoresearch\cycle_11\stage\qwen35_27b_verbatim_copy_q0023.trm.jsonl
{"exact_positive": 0, "near_miss": 0, "weak_positive": 0, "negative": 1}
Wrote 1 TRM rows to C:\projects\Hermes Skills\data\primehub_trm_autoresearch\cycle_11\stage\qwen35_27b_vpct_1_q0005.trm.jsonl
{"exact_positive": 0, "near_miss": 0, "weak_positive": 0, "negative": 1}
Wrote 1 TRM rows to C:\projects\Hermes Skills\data\primehub_trm_autoresearch\cycle_11\stage\qwen35_27b_winogrande_q0006.trm.jsonl
{"exact_positive": 1, "near_miss": 0, "weak_positive": 0, "negative": 0}
Wrote 1 TRM rows to C:\projects\Hermes Skills\data\primehub_trm_autoresearch\cycle_11\stage\qwen35_27b_wmdp_q0007.trm.jsonl
{"exact_positive": 0, "near_miss": 0, "weak_positive": 0, "negative": 1}
Wrote 1 TRM rows to C:\projects\Hermes Skills\data\primehub_trm_autoresearch\cycle_11\stage\qwen35_27b_writing_bench_q0008.trm.jsonl
{"exact_positive": 0, "near_miss": 0, "weak_positive": 0, "negative": 1}
Wrote 1 TRM rows to C:\projects\Hermes Skills\data\primehub_trm_autoresearch\cycle_11\stage\qwen35_9b_agency_bench_q0001.trm.jsonl
{"exact_positive": 0, "near_miss": 0, "weak_positive": 0, "negative": 1}
Wrote 1 TRM rows to C:\projects\Hermes Skills\data\primehub_trm_autoresearch\cycle_11\stage\qwen35_9b_aime2024_q0014.trm.jsonl
{"exact_positive": 0, "near_miss": 0, "weak_positive": 0, "negative": 1}
Wrote 1 TRM rows to C:\projects\Hermes Skills\data\primehub_trm_autoresearch\cycle_11\stage\qwen35_9b_aime2025_q0015.trm.jsonl
{"exact_positive": 0, "near_miss": 0, "weak_positive": 0, "negative": 1}
Wrote 1 TRM rows to C:\projects\Hermes Skills\data\primehub_trm_autoresearch\cycle_11\stage\qwen35_9b_aime2026_q0016.trm.jsonl
{"exact_positive": 0, "near_miss": 0, "weak_positive": 0, "negative": 1}
Wrote 1 TRM rows to C:\projects\Hermes Skills\data\primehub_trm_autoresearch\cycle_11\stage\qwen35_9b_allenai_ifeval_q0002.trm.jsonl
{"exact_positive": 0, "near_miss": 0, "weak_positive": 0, "negative": 1}
Wrote 1 TRM rows to C:\projects\Hermes Skills\data\primehub_trm_autoresearch\cycle_11\stage\qwen35_9b_antislop_q0003.trm.jsonl
{"exact_positive": 1, "near_miss": 0, "weak_positive": 0, "negative": 0}
Wrote 1 TRM rows to C:\projects\Hermes Skills\data\primehub_trm_autoresearch\cycle_11\stage\qwen35_9b_arc_q0004.trm.jsonl
{"exact_positive": 1, "near_miss": 0, "weak_positive": 0, "negative": 0}
Wrote 1 TRM rows to C:\projects\Hermes Skills\data\primehub_trm_autoresearch\cycle_11\stage\qwen35_9b_ascii_tree_q0005.trm.jsonl
{"exact_positive": 0, "near_miss": 0, "weak_positive": 1, "negative": 0}
Wrote 1 TRM rows to C:\projects\Hermes Skills\data\primehub_trm_autoresearch\cycle_11\stage\qwen35_9b_bixbench_q0006.trm.jsonl
{"exact_positive": 0, "near_miss": 0, "weak_positive": 0, "negative": 1}
Wrote 1 TRM rows to C:\projects\Hermes Skills\data\primehub_trm_autoresearch\cycle_11\stage\qwen35_9b_boolq_q0007.trm.jsonl
{"exact_positive": 1, "near_miss": 0, "weak_positive": 0, "negative": 0}
Wrote 1 TRM rows to C:\projects\Hermes Skills\data\primehub_trm_autoresearch\cycle_11\stage\qwen35_9b_clbench_q0017.trm.jsonl
{"exact_positive": 0, "near_miss": 0, "weak_positive": 0, "negative": 1}
Wrote 1 TRM rows to C:\projects\Hermes Skills\data\primehub_trm_autoresearch\cycle_11\stage\qwen35_9b_coconot_q0008.trm.jsonl
{"exact_positive": 0, "near_miss": 0, "weak_positive": 0, "negative": 1}
Wrote 1 TRM rows to C:\projects\Hermes Skills\data\primehub_trm_autoresearch\cycle_11\stage\qwen35_9b_colf_q0009.trm.jsonl
{"exact_positive": 0, "near_miss": 0, "weak_positive": 0, "negative": 1}
Wrote 1 TRM rows to C:\projects\Hermes Skills\data\primehub_trm_autoresearch\cycle_11\stage\qwen35_9b_deep_consult_q0010.trm.jsonl
{"exact_positive": 0, "near_miss": 0, "weak_positive": 0, "negative": 1}
Wrote 1 TRM rows to C:\projects\Hermes Skills\data\primehub_trm_autoresearch\cycle_11\stage\qwen35_9b_gauss_q0011.trm.jsonl
{"exact_positive": 0, "near_miss": 0, "weak_positive": 0, "negative": 1}
Wrote 1 TRM rows to C:\projects\Hermes Skills\data\primehub_trm_autoresearch\cycle_11\stage\qwen35_9b_hellaswag_q0012.trm.jsonl
{"exact_positive": 1, "near_miss": 0, "weak_positive": 0, "negative": 0}
Wrote 1 TRM rows to C:\projects\Hermes Skills\data\primehub_trm_autoresearch\cycle_11\stage\qwen35_9b_if_summarize_judge_q0018.trm.jsonl
{"exact_positive": 0, "near_miss": 0, "weak_positive": 0, "negative": 1}
Wrote 1 TRM rows to C:\projects\Hermes Skills\data\primehub_trm_autoresearch\cycle_11\stage\qwen35_9b_jailbreak_bench_q0013.trm.jsonl
{"exact_positive": 0, "near_miss": 0, "weak_positive": 0, "negative": 1}
Wrote 1 TRM rows to C:\projects\Hermes Skills\data\primehub_trm_autoresearch\cycle_11\stage\qwen35_9b_lisanbench_q0014.trm.jsonl
{"exact_positive": 1, "near_miss": 0, "weak_positive": 0, "negative": 0}
Wrote 1 TRM rows to C:\projects\Hermes Skills\data\primehub_trm_autoresearch\cycle_11\stage\qwen35_9b_llm_writing_detection_q0015.trm.jsonl
{"exact_positive": 0, "near_miss": 0, "weak_positive": 0, "negative": 1}
Wrote 1 TRM rows to C:\projects\Hermes Skills\data\primehub_trm_autoresearch\cycle_11\stage\qwen35_9b_logic_env_q0019.trm.jsonl
{"exact_positive": 0, "near_miss": 0, "weak_positive": 0, "negative": 1}
Wrote 1 TRM rows to C:\projects\Hermes Skills\data\primehub_trm_autoresearch\cycle_11\stage\qwen35_9b_longbench_v2_q0016.trm.jsonl
{"exact_positive": 0, "near_miss": 0, "weak_positive": 0, "negative": 1}
Wrote 1 TRM rows to C:\projects\Hermes Skills\data\primehub_trm_autoresearch\cycle_11\stage\qwen35_9b_math500_q0020.trm.jsonl
{"exact_positive": 0, "near_miss": 0, "weak_positive": 0, "negative": 1}
Wrote 1 TRM rows to C:\projects\Hermes Skills\data\primehub_trm_autoresearch\cycle_11\stage\qwen35_9b_math_env_q0021.trm.jsonl
{"exact_positive": 1, "near_miss": 0, "weak_positive": 0, "negative": 0}
Wrote 1 TRM rows to C:\projects\Hermes Skills\data\primehub_trm_autoresearch\cycle_11\stage\qwen35_9b_medsafetybench_q0017.trm.jsonl
{"exact_positive": 0, "near_miss": 0, "weak_positive": 0, "negative": 1}
Wrote 1 TRM rows to C:\projects\Hermes Skills\data\primehub_trm_autoresearch\cycle_11\stage\qwen35_9b_misguided_attn_q0018.trm.jsonl
{"exact_positive": 0, "near_miss": 0, "weak_positive": 0, "negative": 1}
Wrote 1 TRM rows to C:\projects\Hermes Skills\data\primehub_trm_autoresearch\cycle_11\stage\qwen35_9b_mmlu_pro_q0022.trm.jsonl
{"exact_positive": 0, "near_miss": 0, "weak_positive": 0, "negative": 1}
Wrote 1 TRM rows to C:\projects\Hermes Skills\data\primehub_trm_autoresearch\cycle_11\stage\qwen35_9b_mmlu_q0019.trm.jsonl
{"exact_positive": 0, "near_miss": 0, "weak_positive": 0, "negative": 1}
Wrote 1 TRM rows to C:\projects\Hermes Skills\data\primehub_trm_autoresearch\cycle_11\stage\qwen35_9b_passthrough_q0001.trm.jsonl
{"exact_positive": 0, "near_miss": 0, "weak_positive": 0, "negative": 1}
Wrote 1 TRM rows to C:\projects\Hermes Skills\data\primehub_trm_autoresearch\cycle_11\stage\qwen35_9b_passthrough_q0023.trm.jsonl
{"exact_positive": 0, "near_miss": 0, "weak_positive": 0, "negative": 1}
Wrote 2 TRM rows to C:\projects\Hermes Skills\data\primehub_trm_autoresearch\cycle_11\stage\qwen35_9b_psycho_bench_q0001.trm.jsonl
{"exact_positive": 2, "near_miss": 0, "weak_positive": 0, "negative": 0}
Wrote 0 TRM rows to C:\projects\Hermes Skills\data\primehub_trm_autoresearch\cycle_11\stage\qwen35_9b_psycho_bench_q0020.trm.jsonl
{"exact_positive": 0, "near_miss": 0, "weak_positive": 0, "negative": 0}
Wrote 2 TRM rows to C:\projects\Hermes Skills\data\primehub_trm_autoresearch\cycle_11\stage\qwen35_9b_pydantic_adherence_q0002.trm.jsonl
{"exact_positive": 0, "near_miss": 0, "weak_positive": 0, "negative": 2}
Wrote 1 TRM rows to C:\projects\Hermes Skills\data\primehub_trm_autoresearch\cycle_11\stage\qwen35_9b_reward_bench_q0003.trm.jsonl
{"exact_positive": 0, "near_miss": 0, "weak_positive": 1, "negative": 0}
Wrote 1 TRM rows to C:\projects\Hermes Skills\data\primehub_trm_autoresearch\cycle_11\stage\qwen35_9b_rust_cargo_q0004.trm.jsonl
{"exact_positive": 0, "near_miss": 0, "weak_positive": 0, "negative": 1}
Wrote 1 TRM rows to C:\projects\Hermes Skills\data\primehub_trm_autoresearch\cycle_11\stage\qwen35_9b_science_env_q0024.trm.jsonl
{"exact_positive": 0, "near_miss": 0, "weak_positive": 0, "negative": 1}
Wrote 1 TRM rows to C:\projects\Hermes Skills\data\primehub_trm_autoresearch\cycle_11\stage\qwen35_9b_simple_bench_q0005.trm.jsonl
{"exact_positive": 1, "near_miss": 0, "weak_positive": 0, "negative": 0}
Wrote 1 TRM rows to C:\projects\Hermes Skills\data\primehub_trm_autoresearch\cycle_11\stage\qwen35_9b_simpleqa_q0025.trm.jsonl
{"exact_positive": 0, "near_miss": 0, "weak_positive": 0, "negative": 1}
Wrote 1 TRM rows to C:\projects\Hermes Skills\data\primehub_trm_autoresearch\cycle_11\stage\qwen35_9b_simpleqa_verified_2_q0006.trm.jsonl
{"exact_positive": 0, "near_miss": 0, "weak_positive": 0, "negative": 1}
Wrote 1 TRM rows to C:\projects\Hermes Skills\data\primehub_trm_autoresearch\cycle_11\stage\qwen35_9b_simpleqa_verified_q0026.trm.jsonl
{"exact_positive": 0, "near_miss": 0, "weak_positive": 0, "negative": 1}
Wrote 1 TRM rows to C:\projects\Hermes Skills\data\primehub_trm_autoresearch\cycle_11\stage\qwen35_9b_truthfulqa_q0007.trm.jsonl
{"exact_positive": 1, "near_miss": 0, "weak_positive": 0, "negative": 0}
Wrote 1 TRM rows to C:\projects\Hermes Skills\data\primehub_trm_autoresearch\cycle_11\stage\qwen35_9b_unscramble_q0027.trm.jsonl
{"exact_positive": 0, "near_miss": 0, "weak_positive": 0, "negative": 1}
Wrote 1 TRM rows to C:\projects\Hermes Skills\data\primehub_trm_autoresearch\cycle_11\stage\qwen35_9b_uq_project_q0009.trm.jsonl
{"exact_positive": 0, "near_miss": 0, "weak_positive": 0, "negative": 1}
Wrote 1 TRM rows to C:\projects\Hermes Skills\data\primehub_trm_autoresearch\cycle_11\stage\qwen35_9b_uq_q0008.trm.jsonl
{"exact_positive": 0, "near_miss": 0, "weak_positive": 0, "negative": 1}
Wrote 1 TRM rows to C:\projects\Hermes Skills\data\primehub_trm_autoresearch\cycle_11\stage\qwen35_9b_verbatim_copy_q0028.trm.jsonl
{"exact_positive": 0, "near_miss": 0, "weak_positive": 0, "negative": 1}
Wrote 1 TRM rows to C:\projects\Hermes Skills\data\primehub_trm_autoresearch\cycle_11\stage\qwen35_9b_vpct_1_q0010.trm.jsonl
{"exact_positive": 0, "near_miss": 0, "weak_positive": 0, "negative": 1}
Wrote 1 TRM rows to C:\projects\Hermes Skills\data\primehub_trm_autoresearch\cycle_11\stage\qwen35_9b_winogrande_q0011.trm.jsonl
{"exact_positive": 1, "near_miss": 0, "weak_positive": 0, "negative": 0}
Wrote 1 TRM rows to C:\projects\Hermes Skills\data\primehub_trm_autoresearch\cycle_11\stage\qwen35_9b_wmdp_q0012.trm.jsonl
{"exact_positive": 0, "near_miss": 0, "weak_positive": 0, "negative": 1}
Wrote 1 TRM rows to C:\projects\Hermes Skills\data\primehub_trm_autoresearch\cycle_11\stage\qwen35_9b_writing_bench_q0013.trm.jsonl
{"exact_positive": 0, "near_miss": 0, "weak_positive": 0, "negative": 1}
Wrote 1 TRM rows to C:\projects\Hermes Skills\data\primehub_trm_autoresearch\cycle_11\stage\qwen35_27b_agency_bench_q0046.trm.jsonl
{"exact_positive": 0, "near_miss": 0, "weak_positive": 0, "negative": 1}
Wrote 1 TRM rows to C:\projects\Hermes Skills\data\primehub_trm_autoresearch\cycle_11\stage\qwen35_27b_aime2024_q0078.trm.jsonl
{"exact_positive": 0, "near_miss": 0, "weak_positive": 0, "negative": 1}
Wrote 1 TRM rows to C:\projects\Hermes Skills\data\primehub_trm_autoresearch\cycle_11\stage\qwen35_27b_aime2025_q0079.trm.jsonl
{"exact_positive": 0, "near_miss": 0, "weak_positive": 0, "negative": 1}
Wrote 1 TRM rows to C:\projects\Hermes Skills\data\primehub_trm_autoresearch\cycle_11\stage\qwen35_27b_aime2026_q0080.trm.jsonl
{"exact_positive": 0, "near_miss": 0, "weak_positive": 0, "negative": 1}
Wrote 1 TRM rows to C:\projects\Hermes Skills\data\primehub_trm_autoresearch\cycle_11\stage\qwen35_27b_allenai_ifeval_q0047.trm.jsonl
{"exact_positive": 0, "near_miss": 0, "weak_positive": 0, "negative": 1}
Wrote 1 TRM rows to C:\projects\Hermes Skills\data\primehub_trm_autoresearch\cycle_11\stage\qwen35_27b_antislop_q0048.trm.jsonl
{"exact_positive": 1, "near_miss": 0, "weak_positive": 0, "negative": 0}
Wrote 1 TRM rows to C:\projects\Hermes Skills\data\primehub_trm_autoresearch\cycle_11\stage\qwen35_27b_arc_q0049.trm.jsonl
{"exact_positive": 0, "near_miss": 0, "weak_positive": 0, "negative": 1}
Wrote 1 TRM rows to C:\projects\Hermes Skills\data\primehub_trm_autoresearch\cycle_11\stage\qwen35_27b_ascii_tree_q0050.trm.jsonl
{"exact_positive": 0, "near_miss": 0, "weak_positive": 0, "negative": 1}
Wrote 1 TRM rows to C:\projects\Hermes Skills\data\primehub_trm_autoresearch\cycle_11\stage\qwen35_27b_bixbench_q0051.trm.jsonl
{"exact_positive": 0, "near_miss": 0, "weak_positive": 0, "negative": 1}
Wrote 1 TRM rows to C:\projects\Hermes Skills\data\primehub_trm_autoresearch\cycle_11\stage\qwen35_27b_boolq_q0052.trm.jsonl
{"exact_positive": 1, "near_miss": 0, "weak_positive": 0, "negative": 0}
Wrote 1 TRM rows to C:\projects\Hermes Skills\data\primehub_trm_autoresearch\cycle_11\stage\qwen35_27b_clbench_q0081.trm.jsonl
{"exact_positive": 0, "near_miss": 0, "weak_positive": 0, "negative": 1}
Wrote 1 TRM rows to C:\projects\Hermes Skills\data\primehub_trm_autoresearch\cycle_11\stage\qwen35_27b_coconot_q0053.trm.jsonl
{"exact_positive": 0, "near_miss": 0, "weak_positive": 0, "negative": 1}
Wrote 1 TRM rows to C:\projects\Hermes Skills\data\primehub_trm_autoresearch\cycle_11\stage\qwen35_27b_colf_q0054.trm.jsonl
{"exact_positive": 0, "near_miss": 0, "weak_positive": 0, "negative": 1}
Wrote 1 TRM rows to C:\projects\Hermes Skills\data\primehub_trm_autoresearch\cycle_11\stage\qwen35_27b_deep_consult_q0055.trm.jsonl
{"exact_positive": 0, "near_miss": 0, "weak_positive": 0, "negative": 1}
Wrote 1 TRM rows to C:\projects\Hermes Skills\data\primehub_trm_autoresearch\cycle_11\stage\qwen35_27b_gauss_q0056.trm.jsonl
{"exact_positive": 0, "near_miss": 0, "weak_positive": 0, "negative": 1}
Wrote 1 TRM rows to C:\projects\Hermes Skills\data\primehub_trm_autoresearch\cycle_11\stage\qwen35_27b_hellaswag_q0057.trm.jsonl
{"exact_positive": 0, "near_miss": 0, "weak_positive": 0, "negative": 1}
Wrote 1 TRM rows to C:\projects\Hermes Skills\data\primehub_trm_autoresearch\cycle_11\stage\qwen35_27b_if_summarize_judge_q0082.trm.jsonl
{"exact_positive": 0, "near_miss": 0, "weak_positive": 0, "negative": 1}
Wrote 1 TRM rows to C:\projects\Hermes Skills\data\primehub_trm_autoresearch\cycle_11\stage\qwen35_27b_jailbreak_bench_q0058.trm.jsonl
{"exact_positive": 0, "near_miss": 0, "weak_positive": 0, "negative": 1}
Wrote 1 TRM rows to C:\projects\Hermes Skills\data\primehub_trm_autoresearch\cycle_11\stage\qwen35_27b_lisanbench_q0059.trm.jsonl
{"exact_positive": 0, "near_miss": 0, "weak_positive": 0, "negative": 1}
Wrote 1 TRM rows to C:\projects\Hermes Skills\data\primehub_trm_autoresearch\cycle_11\stage\qwen35_27b_llm_writing_detection_q0060.trm.jsonl
{"exact_positive": 0, "near_miss": 0, "weak_positive": 0, "negative": 1}
Wrote 1 TRM rows to C:\projects\Hermes Skills\data\primehub_trm_autoresearch\cycle_11\stage\qwen35_27b_logic_env_q0083.trm.jsonl
{"exact_positive": 0, "near_miss": 0, "weak_positive": 0, "negative": 1}
Wrote 1 TRM rows to C:\projects\Hermes Skills\data\primehub_trm_autoresearch\cycle_11\stage\qwen35_27b_longbench_v2_q0061.trm.jsonl
{"exact_positive": 0, "near_miss": 0, "weak_positive": 0, "negative": 1}
Wrote 1 TRM rows to C:\projects\Hermes Skills\data\primehub_trm_autoresearch\cycle_11\stage\qwen35_27b_math500_q0084.trm.jsonl
{"exact_positive": 0, "near_miss": 0, "weak_positive": 0, "negative": 1}
Wrote 1 TRM rows to C:\projects\Hermes Skills\data\primehub_trm_autoresearch\cycle_11\stage\qwen35_27b_math_env_q0085.trm.jsonl
{"exact_positive": 0, "near_miss": 0, "weak_positive": 0, "negative": 1}
Wrote 1 TRM rows to C:\projects\Hermes Skills\data\primehub_trm_autoresearch\cycle_11\stage\qwen35_27b_medsafetybench_q0062.trm.jsonl
{"exact_positive": 0, "near_miss": 0, "weak_positive": 0, "negative": 1}
Wrote 1 TRM rows to C:\projects\Hermes Skills\data\primehub_trm_autoresearch\cycle_11\stage\qwen35_27b_misguided_attn_q0063.trm.jsonl
{"exact_positive": 0, "near_miss": 0, "weak_positive": 0, "negative": 1}
Wrote 1 TRM rows to C:\projects\Hermes Skills\data\primehub_trm_autoresearch\cycle_11\stage\qwen35_27b_mmlu_pro_q0086.trm.jsonl
{"exact_positive": 0, "near_miss": 0, "weak_positive": 0, "negative": 1}
Wrote 1 TRM rows to C:\projects\Hermes Skills\data\primehub_trm_autoresearch\cycle_11\stage\qwen35_27b_mmlu_q0064.trm.jsonl
{"exact_positive": 0, "near_miss": 0, "weak_positive": 0, "negative": 1}
Wrote 1 TRM rows to C:\projects\Hermes Skills\data\primehub_trm_autoresearch\cycle_11\stage\qwen35_27b_psycho_bench_q0065.trm.jsonl
{"exact_positive": 0, "near_miss": 0, "weak_positive": 0, "negative": 1}
Wrote 1 TRM rows to C:\projects\Hermes Skills\data\primehub_trm_autoresearch\cycle_11\stage\qwen35_27b_pydantic_adherence_q0066.trm.jsonl
{"exact_positive": 0, "near_miss": 0, "weak_positive": 0, "negative": 1}
Wrote 1 TRM rows to C:\projects\Hermes Skills\data\primehub_trm_autoresearch\cycle_11\stage\qwen35_27b_reward_bench_q0067.trm.jsonl
{"exact_positive": 0, "near_miss": 0, "weak_positive": 1, "negative": 0}
Wrote 1 TRM rows to C:\projects\Hermes Skills\data\primehub_trm_autoresearch\cycle_11\stage\qwen35_27b_rust_cargo_q0068.trm.jsonl
{"exact_positive": 0, "near_miss": 0, "weak_positive": 0, "negative": 1}
Wrote 1 TRM rows to C:\projects\Hermes Skills\data\primehub_trm_autoresearch\cycle_11\stage\qwen35_27b_science_env_q0087.trm.jsonl
{"exact_positive": 0, "near_miss": 0, "weak_positive": 0, "negative": 1}
Wrote 1 TRM rows to C:\projects\Hermes Skills\data\primehub_trm_autoresearch\cycle_11\stage\qwen35_27b_simple_bench_q0069.trm.jsonl
{"exact_positive": 0, "near_miss": 0, "weak_positive": 0, "negative": 1}
Wrote 0 TRM rows to C:\projects\Hermes Skills\data\primehub_trm_autoresearch\cycle_11\stage\qwen35_27b_simpleqa_q0088.trm.jsonl
{"exact_positive": 0, "near_miss": 0, "weak_positive": 0, "negative": 0}
Wrote 1 TRM rows to C:\projects\Hermes Skills\data\primehub_trm_autoresearch\cycle_11\stage\qwen35_27b_simpleqa_verified_2_q0070.trm.jsonl
{"exact_positive": 0, "near_miss": 0, "weak_positive": 0, "negative": 1}
Wrote 1 TRM rows to C:\projects\Hermes Skills\data\primehub_trm_autoresearch\cycle_11\stage\qwen35_27b_truthfulqa_q0071.trm.jsonl
{"exact_positive": 0, "near_miss": 0, "weak_positive": 0, "negative": 1}
Wrote 1 TRM rows to C:\projects\Hermes Skills\data\primehub_trm_autoresearch\cycle_11\stage\qwen35_27b_uq_project_q0073.trm.jsonl
{"exact_positive": 0, "near_miss": 0, "weak_positive": 0, "negative": 1}
Wrote 1 TRM rows to C:\projects\Hermes Skills\data\primehub_trm_autoresearch\cycle_11\stage\qwen35_27b_uq_q0072.trm.jsonl
{"exact_positive": 0, "near_miss": 0, "weak_positive": 0, "negative": 1}
Wrote 1 TRM rows to C:\projects\Hermes Skills\data\primehub_trm_autoresearch\cycle_11\stage\qwen35_27b_vpct_1_q0074.trm.jsonl
{"exact_positive": 0, "near_miss": 0, "weak_positive": 0, "negative": 1}
Wrote 1 TRM rows to C:\projects\Hermes Skills\data\primehub_trm_autoresearch\cycle_11\stage\qwen35_27b_winogrande_q0075.trm.jsonl
{"exact_positive": 1, "near_miss": 0, "weak_positive": 0, "negative": 0}
Wrote 1 TRM rows to C:\projects\Hermes Skills\data\primehub_trm_autoresearch\cycle_11\stage\qwen35_27b_wmdp_q0076.trm.jsonl
{"exact_positive": 0, "near_miss": 0, "weak_positive": 0, "negative": 1}
Wrote 1 TRM rows to C:\projects\Hermes Skills\data\primehub_trm_autoresearch\cycle_11\stage\qwen35_27b_writing_bench_q0077.trm.jsonl
{"exact_positive": 0, "near_miss": 0, "weak_positive": 0, "negative": 1}
Wrote 1 TRM rows to C:\projects\Hermes Skills\data\primehub_trm_autoresearch\cycle_11\stage\qwen35_9b_agency_bench_q0001.trm.jsonl
{"exact_positive": 0, "near_miss": 0, "weak_positive": 0, "negative": 1}
Wrote 1 TRM rows to C:\projects\Hermes Skills\data\primehub_trm_autoresearch\cycle_11\stage\qwen35_9b_aime2024_q0033.trm.jsonl
{"exact_positive": 0, "near_miss": 0, "weak_positive": 0, "negative": 1}
Wrote 1 TRM rows to C:\projects\Hermes Skills\data\primehub_trm_autoresearch\cycle_11\stage\qwen35_9b_aime2025_q0034.trm.jsonl
{"exact_positive": 0, "near_miss": 0, "weak_positive": 0, "negative": 1}
Wrote 1 TRM rows to C:\projects\Hermes Skills\data\primehub_trm_autoresearch\cycle_11\stage\qwen35_9b_aime2026_q0035.trm.jsonl
{"exact_positive": 0, "near_miss": 0, "weak_positive": 0, "negative": 1}
Wrote 1 TRM rows to C:\projects\Hermes Skills\data\primehub_trm_autoresearch\cycle_11\stage\qwen35_9b_allenai_ifeval_q0002.trm.jsonl
{"exact_positive": 0, "near_miss": 0, "weak_positive": 0, "negative": 1}
Wrote 1 TRM rows to C:\projects\Hermes Skills\data\primehub_trm_autoresearch\cycle_11\stage\qwen35_9b_antislop_q0003.trm.jsonl
{"exact_positive": 1, "near_miss": 0, "weak_positive": 0, "negative": 0}
Wrote 1 TRM rows to C:\projects\Hermes Skills\data\primehub_trm_autoresearch\cycle_11\stage\qwen35_9b_arc_q0004.trm.jsonl
{"exact_positive": 1, "near_miss": 0, "weak_positive": 0, "negative": 0}
Wrote 1 TRM rows to C:\projects\Hermes Skills\data\primehub_trm_autoresearch\cycle_11\stage\qwen35_9b_ascii_tree_q0005.trm.jsonl
{"exact_positive": 0, "near_miss": 0, "weak_positive": 1, "negative": 0}
Wrote 1 TRM rows to C:\projects\Hermes Skills\data\primehub_trm_autoresearch\cycle_11\stage\qwen35_9b_bixbench_q0006.trm.jsonl
{"exact_positive": 0, "near_miss": 0, "weak_positive": 0, "negative": 1}
Wrote 1 TRM rows to C:\projects\Hermes Skills\data\primehub_trm_autoresearch\cycle_11\stage\qwen35_9b_boolq_q0007.trm.jsonl
{"exact_positive": 1, "near_miss": 0, "weak_positive": 0, "negative": 0}
Wrote 1 TRM rows to C:\projects\Hermes Skills\data\primehub_trm_autoresearch\cycle_11\stage\qwen35_9b_clbench_q0036.trm.jsonl
{"exact_positive": 0, "near_miss": 0, "weak_positive": 0, "negative": 1}
Wrote 1 TRM rows to C:\projects\Hermes Skills\data\primehub_trm_autoresearch\cycle_11\stage\qwen35_9b_coconot_q0008.trm.jsonl
{"exact_positive": 0, "near_miss": 0, "weak_positive": 0, "negative": 1}
Wrote 1 TRM rows to C:\projects\Hermes Skills\data\primehub_trm_autoresearch\cycle_11\stage\qwen35_9b_colf_q0009.trm.jsonl
{"exact_positive": 0, "near_miss": 0, "weak_positive": 0, "negative": 1}
Wrote 1 TRM rows to C:\projects\Hermes Skills\data\primehub_trm_autoresearch\cycle_11\stage\qwen35_9b_deep_consult_q0010.trm.jsonl
{"exact_positive": 0, "near_miss": 0, "weak_positive": 0, "negative": 1}
Wrote 1 TRM rows to C:\projects\Hermes Skills\data\primehub_trm_autoresearch\cycle_11\stage\qwen35_9b_gauss_q0011.trm.jsonl
{"exact_positive": 0, "near_miss": 0, "weak_positive": 0, "negative": 1}
Wrote 1 TRM rows to C:\projects\Hermes Skills\data\primehub_trm_autoresearch\cycle_11\stage\qwen35_9b_hellaswag_q0012.trm.jsonl
{"exact_positive": 1, "near_miss": 0, "weak_positive": 0, "negative": 0}
Wrote 1 TRM rows to C:\projects\Hermes Skills\data\primehub_trm_autoresearch\cycle_11\stage\qwen35_9b_if_summarize_judge_q0037.trm.jsonl
{"exact_positive": 0, "near_miss": 0, "weak_positive": 0, "negative": 1}
Wrote 1 TRM rows to C:\projects\Hermes Skills\data\primehub_trm_autoresearch\cycle_11\stage\qwen35_9b_jailbreak_bench_q0013.trm.jsonl
{"exact_positive": 0, "near_miss": 0, "weak_positive": 0, "negative": 1}
Wrote 1 TRM rows to C:\projects\Hermes Skills\data\primehub_trm_autoresearch\cycle_11\stage\qwen35_9b_lisanbench_q0014.trm.jsonl
{"exact_positive": 1, "near_miss": 0, "weak_positive": 0, "negative": 0}
Wrote 1 TRM rows to C:\projects\Hermes Skills\data\primehub_trm_autoresearch\cycle_11\stage\qwen35_9b_llm_writing_detection_q0015.trm.jsonl
{"exact_positive": 0, "near_miss": 0, "weak_positive": 0, "negative": 1}
Wrote 1 TRM rows to C:\projects\Hermes Skills\data\primehub_trm_autoresearch\cycle_11\stage\qwen35_9b_logic_env_q0038.trm.jsonl
{"exact_positive": 0, "near_miss": 0, "weak_positive": 0, "negative": 1}
Wrote 1 TRM rows to C:\projects\Hermes Skills\data\primehub_trm_autoresearch\cycle_11\stage\qwen35_9b_longbench_v2_q0016.trm.jsonl
{"exact_positive": 0, "near_miss": 0, "weak_positive": 0, "negative": 1}
Wrote 1 TRM rows to C:\projects\Hermes Skills\data\primehub_trm_autoresearch\cycle_11\stage\qwen35_9b_math500_q0039.trm.jsonl
{"exact_positive": 0, "near_miss": 0, "weak_positive": 0, "negative": 1}
Wrote 1 TRM rows to C:\projects\Hermes Skills\data\primehub_trm_autoresearch\cycle_11\stage\qwen35_9b_math_env_q0040.trm.jsonl
{"exact_positive": 1, "near_miss": 0, "weak_positive": 0, "negative": 0}
Wrote 1 TRM rows to C:\projects\Hermes Skills\data\primehub_trm_autoresearch\cycle_11\stage\qwen35_9b_medsafetybench_q0017.trm.jsonl
{"exact_positive": 0, "near_miss": 0, "weak_positive": 0, "negative": 1}
Wrote 1 TRM rows to C:\projects\Hermes Skills\data\primehub_trm_autoresearch\cycle_11\stage\qwen35_9b_misguided_attn_q0018.trm.jsonl
{"exact_positive": 0, "near_miss": 0, "weak_positive": 0, "negative": 1}
Wrote 1 TRM rows to C:\projects\Hermes Skills\data\primehub_trm_autoresearch\cycle_11\stage\qwen35_9b_mmlu_pro_q0041.trm.jsonl
{"exact_positive": 0, "near_miss": 0, "weak_positive": 0, "negative": 1}
Wrote 1 TRM rows to C:\projects\Hermes Skills\data\primehub_trm_autoresearch\cycle_11\stage\qwen35_9b_mmlu_q0019.trm.jsonl
{"exact_positive": 0, "near_miss": 0, "weak_positive": 0, "negative": 1}
Wrote 1 TRM rows to C:\projects\Hermes Skills\data\primehub_trm_autoresearch\cycle_11\stage\qwen35_9b_psycho_bench_q0020.trm.jsonl
{"exact_positive": 1, "near_miss": 0, "weak_positive": 0, "negative": 0}
Wrote 1 TRM rows to C:\projects\Hermes Skills\data\primehub_trm_autoresearch\cycle_11\stage\qwen35_9b_pydantic_adherence_q0021.trm.jsonl
{"exact_positive": 0, "near_miss": 0, "weak_positive": 0, "negative": 1}
Wrote 1 TRM rows to C:\projects\Hermes Skills\data\primehub_trm_autoresearch\cycle_11\stage\qwen35_9b_reward_bench_q0022.trm.jsonl
{"exact_positive": 0, "near_miss": 0, "weak_positive": 1, "negative": 0}
Wrote 1 TRM rows to C:\projects\Hermes Skills\data\primehub_trm_autoresearch\cycle_11\stage\qwen35_9b_rust_cargo_q0023.trm.jsonl
{"exact_positive": 0, "near_miss": 0, "weak_positive": 0, "negative": 1}
Wrote 1 TRM rows to C:\projects\Hermes Skills\data\primehub_trm_autoresearch\cycle_11\stage\qwen35_9b_science_env_q0042.trm.jsonl
{"exact_positive": 0, "near_miss": 0, "weak_positive": 0, "negative": 1}
Wrote 1 TRM rows to C:\projects\Hermes Skills\data\primehub_trm_autoresearch\cycle_11\stage\qwen35_9b_simple_bench_q0024.trm.jsonl
{"exact_positive": 1, "near_miss": 0, "weak_positive": 0, "negative": 0}
Wrote 1 TRM rows to C:\projects\Hermes Skills\data\primehub_trm_autoresearch\cycle_11\stage\qwen35_9b_simpleqa_q0043.trm.jsonl
{"exact_positive": 0, "near_miss": 0, "weak_positive": 0, "negative": 1}
Wrote 1 TRM rows to C:\projects\Hermes Skills\data\primehub_trm_autoresearch\cycle_11\stage\qwen35_9b_simpleqa_verified_2_q0025.trm.jsonl
{"exact_positive": 0, "near_miss": 0, "weak_positive": 0, "negative": 1}
Wrote 1 TRM rows to C:\projects\Hermes Skills\data\primehub_trm_autoresearch\cycle_11\stage\qwen35_9b_simpleqa_verified_q0044.trm.jsonl
{"exact_positive": 0, "near_miss": 0, "weak_positive": 0, "negative": 1}
Wrote 1 TRM rows to C:\projects\Hermes Skills\data\primehub_trm_autoresearch\cycle_11\stage\qwen35_9b_truthfulqa_q0026.trm.jsonl
{"exact_positive": 1, "near_miss": 0, "weak_positive": 0, "negative": 0}
Wrote 1 TRM rows to C:\projects\Hermes Skills\data\primehub_trm_autoresearch\cycle_11\stage\qwen35_9b_unscramble_q0045.trm.jsonl
{"exact_positive": 0, "near_miss": 0, "weak_positive": 0, "negative": 1}
Wrote 1 TRM rows to C:\projects\Hermes Skills\data\primehub_trm_autoresearch\cycle_11\stage\qwen35_9b_uq_project_q0028.trm.jsonl
{"exact_positive": 0, "near_miss": 0, "weak_positive": 0, "negative": 1}
Wrote 1 TRM rows to C:\projects\Hermes Skills\data\primehub_trm_autoresearch\cycle_11\stage\qwen35_9b_uq_q0027.trm.jsonl
{"exact_positive": 0, "near_miss": 0, "weak_positive": 0, "negative": 1}
Wrote 1 TRM rows to C:\projects\Hermes Skills\data\primehub_trm_autoresearch\cycle_11\stage\qwen35_9b_vpct_1_q0029.trm.jsonl
{"exact_positive": 0, "near_miss": 0, "weak_positive": 0, "negative": 1}
Wrote 1 TRM rows to C:\projects\Hermes Skills\data\primehub_trm_autoresearch\cycle_11\stage\qwen35_9b_winogrande_q0030.trm.jsonl
{"exact_positive": 1, "near_miss": 0, "weak_positive": 0, "negative": 0}
Wrote 1 TRM rows to C:\projects\Hermes Skills\data\primehub_trm_autoresearch\cycle_11\stage\qwen35_9b_wmdp_q0031.trm.jsonl
{"exact_positive": 0, "near_miss": 0, "weak_positive": 0, "negative": 1}
Wrote 1 TRM rows to C:\projects\Hermes Skills\data\primehub_trm_autoresearch\cycle_11\stage\qwen35_9b_writing_bench_q0032.trm.jsonl
{"exact_positive": 0, "near_miss": 0, "weak_positive": 0, "negative": 1}
Wrote 192 merged TRM rows to C:\projects\Hermes Skills\data\primehub_trm_autoresearch\cycle_11\primehub_trm_merged.jsonl
{"negative": 163, "exact_positive": 24, "weak_positive": 5}
Wrote critic model with 192 examples to C:\projects\Hermes Skills\data\primehub_trm_autoresearch\cycle_11\models\trm_critic.json
{'negative': 163, 'exact_positive': 24, 'weak_positive': 5}
Wrote benchmark summary to C:\projects\Hermes Skills\data\primehub_trm_autoresearch\cycle_11\bench\trm_critic_bench.summary.json
{"eval_rows": 32, "bucket_accuracy": 0.75, "per_family": {"primehub": {"rows": 32, "bucket_accuracy": 0.75, "avg_bucket_abs_error": 0.75, "visible_output_accuracy": 0.4688, "avg_grid_cell_accuracy_abs_error": null}}}
Wrote retriever model with 24 examples to C:\projects\Hermes Skills\data\primehub_trm_autoresearch\cycle_11\models\trm_retriever.json
{"exact_positive": 24}
Wrote benchmark summary to C:\projects\Hermes Skills\data\primehub_trm_autoresearch\cycle_11\bench\trm_retriever_bench.summary.json
{"eval_rows": 32, "exact_match_rate": 0.0625, "per_family": {"primehub": {"rows": 32, "exact_match_rate": 0.0625, "nonempty_prediction_rate": 1.0, "avg_similarity": 0.3618, "avg_grid_cell_accuracy": null}}}
Wrote router benchmark summary to C:\projects\Hermes Skills\data\primehub_trm_autoresearch\cycle_11\bench\trm_router_bench.summary.json
{"eval_rows": 32, "retrieval_only": {"exact_match_rate": 0.0625, "nonempty_prediction_rate": 1.0, "avg_grid_cell_accuracy": null}, "critic_gated": {"exact_match_rate": 0.0, "nonempty_prediction_rate": 0.0938, "route_abstain_rate": 0.9062, "avg_grid_cell_accuracy": null}}
{
  "manifest": "C:\\projects\\Hermes Skills\\data\\primehub_trm_autoresearch\\cycle_11\\primehub_trm_rollup.manifest.json",
  "merged_rows": 192,
  "bucket_counts": {
    "negative": 163,
    "exact_positive": 24,
    "weak_positive": 5
  }
}
{
  "output_json": "C:\\projects\\Hermes Skills\\data\\primehub_trm_autoresearch\\cycle_11\\imprint\\primehub_skill_imprint.json",
  "output_md": "C:\\projects\\Hermes Skills\\data\\primehub_trm_autoresearch\\cycle_11\\imprint\\primehub_skill_imprint.md",
  "rows": 192
}
Wrote 1 TRM rows to C:\projects\Hermes Skills\data\primehub_trm_autoresearch\cycle_12\stage\qwen35_27b_aime2024_q0016.trm.jsonl
{"exact_positive": 0, "near_miss": 0, "weak_positive": 0, "negative": 1}
Wrote 1 TRM rows to C:\projects\Hermes Skills\data\primehub_trm_autoresearch\cycle_12\stage\qwen35_27b_aime2025_q0017.trm.jsonl
{"exact_positive": 0, "near_miss": 0, "weak_positive": 0, "negative": 1}
Wrote 1 TRM rows to C:\projects\Hermes Skills\data\primehub_trm_autoresearch\cycle_12\stage\qwen35_27b_aime2026_q0018.trm.jsonl
{"exact_positive": 0, "near_miss": 0, "weak_positive": 0, "negative": 1}
Wrote 1 TRM rows to C:\projects\Hermes Skills\data\primehub_trm_autoresearch\cycle_12\stage\qwen35_27b_clbench_q0019.trm.jsonl
{"exact_positive": 0, "near_miss": 0, "weak_positive": 0, "negative": 1}
Wrote 1 TRM rows to C:\projects\Hermes Skills\data\primehub_trm_autoresearch\cycle_12\stage\qwen35_27b_if_summarize_judge_q0020.trm.jsonl
{"exact_positive": 0, "near_miss": 0, "weak_positive": 0, "negative": 1}
Wrote 1 TRM rows to C:\projects\Hermes Skills\data\primehub_trm_autoresearch\cycle_12\stage\qwen35_27b_lisanbench_q0013.trm.jsonl
{"exact_positive": 0, "near_miss": 0, "weak_positive": 0, "negative": 1}
Wrote 1 TRM rows to C:\projects\Hermes Skills\data\primehub_trm_autoresearch\cycle_12\stage\qwen35_27b_logic_env_q0021.trm.jsonl
{"exact_positive": 0, "near_miss": 0, "weak_positive": 0, "negative": 1}
Wrote 1 TRM rows to C:\projects\Hermes Skills\data\primehub_trm_autoresearch\cycle_12\stage\qwen35_27b_math500_q0022.trm.jsonl
{"exact_positive": 0, "near_miss": 0, "weak_positive": 0, "negative": 1}
Wrote 1 TRM rows to C:\projects\Hermes Skills\data\primehub_trm_autoresearch\cycle_12\stage\qwen35_27b_math_env_q0023.trm.jsonl
{"exact_positive": 0, "near_miss": 0, "weak_positive": 0, "negative": 1}
Wrote 1 TRM rows to C:\projects\Hermes Skills\data\primehub_trm_autoresearch\cycle_12\stage\qwen35_27b_misguided_attn_q0014.trm.jsonl
{"exact_positive": 0, "near_miss": 0, "weak_positive": 0, "negative": 1}
Wrote 1 TRM rows to C:\projects\Hermes Skills\data\primehub_trm_autoresearch\cycle_12\stage\qwen35_27b_mmlu_pro_q0024.trm.jsonl
{"exact_positive": 0, "near_miss": 0, "weak_positive": 0, "negative": 1}
Wrote 1 TRM rows to C:\projects\Hermes Skills\data\primehub_trm_autoresearch\cycle_12\stage\qwen35_27b_psycho_bench_q0015.trm.jsonl
{"exact_positive": 0, "near_miss": 0, "weak_positive": 0, "negative": 1}
Wrote 1 TRM rows to C:\projects\Hermes Skills\data\primehub_trm_autoresearch\cycle_12\stage\qwen35_9b_aime2024_q0004.trm.jsonl
{"exact_positive": 0, "near_miss": 0, "weak_positive": 0, "negative": 1}
Wrote 1 TRM rows to C:\projects\Hermes Skills\data\primehub_trm_autoresearch\cycle_12\stage\qwen35_9b_aime2025_q0005.trm.jsonl
{"exact_positive": 0, "near_miss": 0, "weak_positive": 0, "negative": 1}
Wrote 1 TRM rows to C:\projects\Hermes Skills\data\primehub_trm_autoresearch\cycle_12\stage\qwen35_9b_aime2026_q0006.trm.jsonl
{"exact_positive": 0, "near_miss": 0, "weak_positive": 0, "negative": 1}
Wrote 1 TRM rows to C:\projects\Hermes Skills\data\primehub_trm_autoresearch\cycle_12\stage\qwen35_9b_clbench_q0007.trm.jsonl
{"exact_positive": 0, "near_miss": 0, "weak_positive": 0, "negative": 1}
Wrote 1 TRM rows to C:\projects\Hermes Skills\data\primehub_trm_autoresearch\cycle_12\stage\qwen35_9b_if_summarize_judge_q0008.trm.jsonl
{"exact_positive": 0, "near_miss": 0, "weak_positive": 0, "negative": 1}
Wrote 1 TRM rows to C:\projects\Hermes Skills\data\primehub_trm_autoresearch\cycle_12\stage\qwen35_9b_lisanbench_q0001.trm.jsonl
{"exact_positive": 1, "near_miss": 0, "weak_positive": 0, "negative": 0}
Wrote 1 TRM rows to C:\projects\Hermes Skills\data\primehub_trm_autoresearch\cycle_12\stage\qwen35_9b_logic_env_q0009.trm.jsonl
{"exact_positive": 0, "near_miss": 0, "weak_positive": 0, "negative": 1}
Wrote 1 TRM rows to C:\projects\Hermes Skills\data\primehub_trm_autoresearch\cycle_12\stage\qwen35_9b_math500_q0010.trm.jsonl
{"exact_positive": 0, "near_miss": 0, "weak_positive": 0, "negative": 1}
Wrote 1 TRM rows to C:\projects\Hermes Skills\data\primehub_trm_autoresearch\cycle_12\stage\qwen35_9b_math_env_q0011.trm.jsonl
{"exact_positive": 1, "near_miss": 0, "weak_positive": 0, "negative": 0}
Wrote 1 TRM rows to C:\projects\Hermes Skills\data\primehub_trm_autoresearch\cycle_12\stage\qwen35_9b_misguided_attn_q0002.trm.jsonl
{"exact_positive": 0, "near_miss": 0, "weak_positive": 0, "negative": 1}
Wrote 1 TRM rows to C:\projects\Hermes Skills\data\primehub_trm_autoresearch\cycle_12\stage\qwen35_9b_mmlu_pro_q0012.trm.jsonl
{"exact_positive": 0, "near_miss": 0, "weak_positive": 0, "negative": 1}
Wrote 1 TRM rows to C:\projects\Hermes Skills\data\primehub_trm_autoresearch\cycle_12\stage\qwen35_9b_psycho_bench_q0003.trm.jsonl
{"exact_positive": 1, "near_miss": 0, "weak_positive": 0, "negative": 0}
Wrote 1 TRM rows to C:\projects\Hermes Skills\data\primehub_trm_autoresearch\cycle_12\stage\qwen35_27b_math_env_q0001.trm.jsonl
{"exact_positive": 0, "near_miss": 0, "weak_positive": 0, "negative": 1}
Wrote 1 TRM rows to C:\projects\Hermes Skills\data\primehub_trm_autoresearch\cycle_12\stage\qwen35_27b_mmlu_pro_q0002.trm.jsonl
{"exact_positive": 0, "near_miss": 0, "weak_positive": 0, "negative": 1}
Wrote 1 TRM rows to C:\projects\Hermes Skills\data\primehub_trm_autoresearch\cycle_12\stage\qwen35_27b_agency_bench_q0029.trm.jsonl
{"exact_positive": 0, "near_miss": 0, "weak_positive": 0, "negative": 1}
Wrote 1 TRM rows to C:\projects\Hermes Skills\data\primehub_trm_autoresearch\cycle_12\stage\qwen35_27b_aime2024_q0009.trm.jsonl
{"exact_positive": 0, "near_miss": 0, "weak_positive": 0, "negative": 1}
Wrote 1 TRM rows to C:\projects\Hermes Skills\data\primehub_trm_autoresearch\cycle_12\stage\qwen35_27b_aime2025_q0010.trm.jsonl
{"exact_positive": 0, "near_miss": 0, "weak_positive": 0, "negative": 1}
Wrote 1 TRM rows to C:\projects\Hermes Skills\data\primehub_trm_autoresearch\cycle_12\stage\qwen35_27b_aime2026_q0011.trm.jsonl
{"exact_positive": 0, "near_miss": 0, "weak_positive": 0, "negative": 1}
Wrote 1 TRM rows to C:\projects\Hermes Skills\data\primehub_trm_autoresearch\cycle_12\stage\qwen35_27b_allenai_ifeval_q0030.trm.jsonl
{"exact_positive": 0, "near_miss": 0, "weak_positive": 0, "negative": 1}
Wrote 1 TRM rows to C:\projects\Hermes Skills\data\primehub_trm_autoresearch\cycle_12\stage\qwen35_27b_antislop_q0031.trm.jsonl
{"exact_positive": 1, "near_miss": 0, "weak_positive": 0, "negative": 0}
Wrote 1 TRM rows to C:\projects\Hermes Skills\data\primehub_trm_autoresearch\cycle_12\stage\qwen35_27b_arc_q0032.trm.jsonl
{"exact_positive": 0, "near_miss": 0, "weak_positive": 0, "negative": 1}
Wrote 1 TRM rows to C:\projects\Hermes Skills\data\primehub_trm_autoresearch\cycle_12\stage\qwen35_27b_ascii_tree_q0033.trm.jsonl
{"exact_positive": 0, "near_miss": 0, "weak_positive": 0, "negative": 1}
Wrote 1 TRM rows to C:\projects\Hermes Skills\data\primehub_trm_autoresearch\cycle_12\stage\qwen35_27b_bixbench_q0034.trm.jsonl
{"exact_positive": 0, "near_miss": 0, "weak_positive": 0, "negative": 1}
Wrote 1 TRM rows to C:\projects\Hermes Skills\data\primehub_trm_autoresearch\cycle_12\stage\qwen35_27b_boolq_q0035.trm.jsonl
{"exact_positive": 0, "near_miss": 0, "weak_positive": 0, "negative": 1}
Wrote 1 TRM rows to C:\projects\Hermes Skills\data\primehub_trm_autoresearch\cycle_12\stage\qwen35_27b_clbench_q0012.trm.jsonl
{"exact_positive": 0, "near_miss": 0, "weak_positive": 0, "negative": 1}
Wrote 1 TRM rows to C:\projects\Hermes Skills\data\primehub_trm_autoresearch\cycle_12\stage\qwen35_27b_coconot_q0036.trm.jsonl
{"exact_positive": 0, "near_miss": 0, "weak_positive": 0, "negative": 1}
Wrote 1 TRM rows to C:\projects\Hermes Skills\data\primehub_trm_autoresearch\cycle_12\stage\qwen35_27b_colf_q0037.trm.jsonl
{"exact_positive": 0, "near_miss": 0, "weak_positive": 0, "negative": 1}
Wrote 1 TRM rows to C:\projects\Hermes Skills\data\primehub_trm_autoresearch\cycle_12\stage\qwen35_27b_deep_consult_q0038.trm.jsonl
{"exact_positive": 0, "near_miss": 0, "weak_positive": 0, "negative": 1}
Wrote 1 TRM rows to C:\projects\Hermes Skills\data\primehub_trm_autoresearch\cycle_12\stage\qwen35_27b_gauss_q0039.trm.jsonl
{"exact_positive": 0, "near_miss": 0, "weak_positive": 0, "negative": 1}
Wrote 1 TRM rows to C:\projects\Hermes Skills\data\primehub_trm_autoresearch\cycle_12\stage\qwen35_27b_hellaswag_q0040.trm.jsonl
{"exact_positive": 0, "near_miss": 0, "weak_positive": 0, "negative": 1}
Wrote 1 TRM rows to C:\projects\Hermes Skills\data\primehub_trm_autoresearch\cycle_12\stage\qwen35_27b_if_summarize_judge_q0013.trm.jsonl
{"exact_positive": 0, "near_miss": 0, "weak_positive": 0, "negative": 1}
Wrote 1 TRM rows to C:\projects\Hermes Skills\data\primehub_trm_autoresearch\cycle_12\stage\qwen35_27b_jailbreak_bench_q0041.trm.jsonl
{"exact_positive": 0, "near_miss": 0, "weak_positive": 0, "negative": 1}
Wrote 1 TRM rows to C:\projects\Hermes Skills\data\primehub_trm_autoresearch\cycle_12\stage\qwen35_27b_lisanbench_q0042.trm.jsonl
{"exact_positive": 0, "near_miss": 0, "weak_positive": 0, "negative": 1}
Wrote 1 TRM rows to C:\projects\Hermes Skills\data\primehub_trm_autoresearch\cycle_12\stage\qwen35_27b_llm_writing_detection_q0043.trm.jsonl
{"exact_positive": 0, "near_miss": 0, "weak_positive": 0, "negative": 1}
Wrote 1 TRM rows to C:\projects\Hermes Skills\data\primehub_trm_autoresearch\cycle_12\stage\qwen35_27b_logic_env_q0014.trm.jsonl
{"exact_positive": 0, "near_miss": 0, "weak_positive": 0, "negative": 1}
Wrote 1 TRM rows to C:\projects\Hermes Skills\data\primehub_trm_autoresearch\cycle_12\stage\qwen35_27b_longbench_v2_q0044.trm.jsonl
{"exact_positive": 0, "near_miss": 0, "weak_positive": 0, "negative": 1}
Wrote 1 TRM rows to C:\projects\Hermes Skills\data\primehub_trm_autoresearch\cycle_12\stage\qwen35_27b_math500_q0015.trm.jsonl
{"exact_positive": 0, "near_miss": 0, "weak_positive": 0, "negative": 1}
Wrote 1 TRM rows to C:\projects\Hermes Skills\data\primehub_trm_autoresearch\cycle_12\stage\qwen35_27b_math_env_q0016.trm.jsonl
{"exact_positive": 0, "near_miss": 0, "weak_positive": 0, "negative": 1}
Wrote 1 TRM rows to C:\projects\Hermes Skills\data\primehub_trm_autoresearch\cycle_12\stage\qwen35_27b_medsafetybench_q0045.trm.jsonl
{"exact_positive": 0, "near_miss": 0, "weak_positive": 0, "negative": 1}
Wrote 1 TRM rows to C:\projects\Hermes Skills\data\primehub_trm_autoresearch\cycle_12\stage\qwen35_27b_misguided_attn_q0046.trm.jsonl
{"exact_positive": 0, "near_miss": 0, "weak_positive": 0, "negative": 1}
Wrote 1 TRM rows to C:\projects\Hermes Skills\data\primehub_trm_autoresearch\cycle_12\stage\qwen35_27b_mmlu_pro_q0017.trm.jsonl
{"exact_positive": 0, "near_miss": 0, "weak_positive": 0, "negative": 1}
Wrote 1 TRM rows to C:\projects\Hermes Skills\data\primehub_trm_autoresearch\cycle_12\stage\qwen35_27b_mmlu_q0047.trm.jsonl
{"exact_positive": 0, "near_miss": 0, "weak_positive": 0, "negative": 1}
Wrote 1 TRM rows to C:\projects\Hermes Skills\data\primehub_trm_autoresearch\cycle_12\stage\qwen35_27b_passthrough_q0018.trm.jsonl
{"exact_positive": 0, "near_miss": 0, "weak_positive": 0, "negative": 1}
Wrote 1 TRM rows to C:\projects\Hermes Skills\data\primehub_trm_autoresearch\cycle_12\stage\qwen35_27b_psycho_bench_q0048.trm.jsonl
{"exact_positive": 0, "near_miss": 0, "weak_positive": 0, "negative": 1}
Wrote 1 TRM rows to C:\projects\Hermes Skills\data\primehub_trm_autoresearch\cycle_12\stage\qwen35_27b_pydantic_adherence_q0049.trm.jsonl
{"exact_positive": 0, "near_miss": 0, "weak_positive": 0, "negative": 1}
Wrote 1 TRM rows to C:\projects\Hermes Skills\data\primehub_trm_autoresearch\cycle_12\stage\qwen35_27b_reward_bench_q0050.trm.jsonl
{"exact_positive": 0, "near_miss": 0, "weak_positive": 1, "negative": 0}
Wrote 1 TRM rows to C:\projects\Hermes Skills\data\primehub_trm_autoresearch\cycle_12\stage\qwen35_27b_rust_cargo_q0051.trm.jsonl
{"exact_positive": 0, "near_miss": 0, "weak_positive": 0, "negative": 1}
Wrote 1 TRM rows to C:\projects\Hermes Skills\data\primehub_trm_autoresearch\cycle_12\stage\qwen35_27b_science_env_q0019.trm.jsonl
{"exact_positive": 0, "near_miss": 0, "weak_positive": 0, "negative": 1}
Wrote 1 TRM rows to C:\projects\Hermes Skills\data\primehub_trm_autoresearch\cycle_12\stage\qwen35_27b_simple_bench_q0052.trm.jsonl
{"exact_positive": 0, "near_miss": 0, "weak_positive": 0, "negative": 1}
Wrote 1 TRM rows to C:\projects\Hermes Skills\data\primehub_trm_autoresearch\cycle_12\stage\qwen35_27b_simpleqa_q0020.trm.jsonl
{"exact_positive": 0, "near_miss": 0, "weak_positive": 0, "negative": 1}
Wrote 1 TRM rows to C:\projects\Hermes Skills\data\primehub_trm_autoresearch\cycle_12\stage\qwen35_27b_simpleqa_verified_2_q0053.trm.jsonl
{"exact_positive": 0, "near_miss": 0, "weak_positive": 0, "negative": 1}
Wrote 1 TRM rows to C:\projects\Hermes Skills\data\primehub_trm_autoresearch\cycle_12\stage\qwen35_27b_simpleqa_verified_q0021.trm.jsonl
{"exact_positive": 0, "near_miss": 0, "weak_positive": 0, "negative": 1}
Wrote 1 TRM rows to C:\projects\Hermes Skills\data\primehub_trm_autoresearch\cycle_12\stage\qwen35_27b_truthfulqa_q0002.trm.jsonl
{"exact_positive": 0, "near_miss": 0, "weak_positive": 0, "negative": 1}
Wrote 1 TRM rows to C:\projects\Hermes Skills\data\primehub_trm_autoresearch\cycle_12\stage\qwen35_27b_truthfulqa_q0054.trm.jsonl
{"exact_positive": 0, "near_miss": 0, "weak_positive": 0, "negative": 1}
Wrote 1 TRM rows to C:\projects\Hermes Skills\data\primehub_trm_autoresearch\cycle_12\stage\qwen35_27b_unscramble_q0022.trm.jsonl
{"exact_positive": 0, "near_miss": 0, "weak_positive": 0, "negative": 1}
Wrote 1 TRM rows to C:\projects\Hermes Skills\data\primehub_trm_autoresearch\cycle_12\stage\qwen35_27b_uq_project_q0004.trm.jsonl
{"exact_positive": 0, "near_miss": 0, "weak_positive": 0, "negative": 1}
Wrote 1 TRM rows to C:\projects\Hermes Skills\data\primehub_trm_autoresearch\cycle_12\stage\qwen35_27b_uq_q0003.trm.jsonl
{"exact_positive": 0, "near_miss": 0, "weak_positive": 0, "negative": 1}
Wrote 1 TRM rows to C:\projects\Hermes Skills\data\primehub_trm_autoresearch\cycle_12\stage\qwen35_27b_verbatim_copy_q0023.trm.jsonl
{"exact_positive": 0, "near_miss": 0, "weak_positive": 0, "negative": 1}
Wrote 1 TRM rows to C:\projects\Hermes Skills\data\primehub_trm_autoresearch\cycle_12\stage\qwen35_27b_vpct_1_q0005.trm.jsonl
{"exact_positive": 0, "near_miss": 0, "weak_positive": 0, "negative": 1}
Wrote 1 TRM rows to C:\projects\Hermes Skills\data\primehub_trm_autoresearch\cycle_12\stage\qwen35_27b_winogrande_q0006.trm.jsonl
{"exact_positive": 1, "near_miss": 0, "weak_positive": 0, "negative": 0}
Wrote 1 TRM rows to C:\projects\Hermes Skills\data\primehub_trm_autoresearch\cycle_12\stage\qwen35_27b_wmdp_q0007.trm.jsonl
{"exact_positive": 0, "near_miss": 0, "weak_positive": 0, "negative": 1}
Wrote 1 TRM rows to C:\projects\Hermes Skills\data\primehub_trm_autoresearch\cycle_12\stage\qwen35_27b_writing_bench_q0008.trm.jsonl
{"exact_positive": 0, "near_miss": 0, "weak_positive": 0, "negative": 1}
Wrote 1 TRM rows to C:\projects\Hermes Skills\data\primehub_trm_autoresearch\cycle_12\stage\qwen35_9b_agency_bench_q0001.trm.jsonl
{"exact_positive": 0, "near_miss": 0, "weak_positive": 0, "negative": 1}
Wrote 1 TRM rows to C:\projects\Hermes Skills\data\primehub_trm_autoresearch\cycle_12\stage\qwen35_9b_aime2024_q0014.trm.jsonl
{"exact_positive": 0, "near_miss": 0, "weak_positive": 0, "negative": 1}
Wrote 1 TRM rows to C:\projects\Hermes Skills\data\primehub_trm_autoresearch\cycle_12\stage\qwen35_9b_aime2025_q0015.trm.jsonl
{"exact_positive": 0, "near_miss": 0, "weak_positive": 0, "negative": 1}
Wrote 1 TRM rows to C:\projects\Hermes Skills\data\primehub_trm_autoresearch\cycle_12\stage\qwen35_9b_aime2026_q0016.trm.jsonl
{"exact_positive": 0, "near_miss": 0, "weak_positive": 0, "negative": 1}
Wrote 1 TRM rows to C:\projects\Hermes Skills\data\primehub_trm_autoresearch\cycle_12\stage\qwen35_9b_allenai_ifeval_q0002.trm.jsonl
{"exact_positive": 0, "near_miss": 0, "weak_positive": 0, "negative": 1}
Wrote 1 TRM rows to C:\projects\Hermes Skills\data\primehub_trm_autoresearch\cycle_12\stage\qwen35_9b_antislop_q0003.trm.jsonl
{"exact_positive": 1, "near_miss": 0, "weak_positive": 0, "negative": 0}
Wrote 1 TRM rows to C:\projects\Hermes Skills\data\primehub_trm_autoresearch\cycle_12\stage\qwen35_9b_arc_q0004.trm.jsonl
{"exact_positive": 1, "near_miss": 0, "weak_positive": 0, "negative": 0}
Wrote 1 TRM rows to C:\projects\Hermes Skills\data\primehub_trm_autoresearch\cycle_12\stage\qwen35_9b_ascii_tree_q0005.trm.jsonl
{"exact_positive": 0, "near_miss": 0, "weak_positive": 1, "negative": 0}
Wrote 1 TRM rows to C:\projects\Hermes Skills\data\primehub_trm_autoresearch\cycle_12\stage\qwen35_9b_bixbench_q0006.trm.jsonl
{"exact_positive": 0, "near_miss": 0, "weak_positive": 0, "negative": 1}
Wrote 1 TRM rows to C:\projects\Hermes Skills\data\primehub_trm_autoresearch\cycle_12\stage\qwen35_9b_boolq_q0007.trm.jsonl
{"exact_positive": 1, "near_miss": 0, "weak_positive": 0, "negative": 0}
Wrote 1 TRM rows to C:\projects\Hermes Skills\data\primehub_trm_autoresearch\cycle_12\stage\qwen35_9b_clbench_q0017.trm.jsonl
{"exact_positive": 0, "near_miss": 0, "weak_positive": 0, "negative": 1}
Wrote 1 TRM rows to C:\projects\Hermes Skills\data\primehub_trm_autoresearch\cycle_12\stage\qwen35_9b_coconot_q0008.trm.jsonl
{"exact_positive": 0, "near_miss": 0, "weak_positive": 0, "negative": 1}
Wrote 1 TRM rows to C:\projects\Hermes Skills\data\primehub_trm_autoresearch\cycle_12\stage\qwen35_9b_colf_q0009.trm.jsonl
{"exact_positive": 0, "near_miss": 0, "weak_positive": 0, "negative": 1}
Wrote 1 TRM rows to C:\projects\Hermes Skills\data\primehub_trm_autoresearch\cycle_12\stage\qwen35_9b_deep_consult_q0010.trm.jsonl
{"exact_positive": 0, "near_miss": 0, "weak_positive": 0, "negative": 1}
Wrote 1 TRM rows to C:\projects\Hermes Skills\data\primehub_trm_autoresearch\cycle_12\stage\qwen35_9b_gauss_q0011.trm.jsonl
{"exact_positive": 0, "near_miss": 0, "weak_positive": 0, "negative": 1}
Wrote 1 TRM rows to C:\projects\Hermes Skills\data\primehub_trm_autoresearch\cycle_12\stage\qwen35_9b_hellaswag_q0012.trm.jsonl
{"exact_positive": 1, "near_miss": 0, "weak_positive": 0, "negative": 0}
Wrote 1 TRM rows to C:\projects\Hermes Skills\data\primehub_trm_autoresearch\cycle_12\stage\qwen35_9b_if_summarize_judge_q0018.trm.jsonl
{"exact_positive": 0, "near_miss": 0, "weak_positive": 0, "negative": 1}
Wrote 1 TRM rows to C:\projects\Hermes Skills\data\primehub_trm_autoresearch\cycle_12\stage\qwen35_9b_jailbreak_bench_q0013.trm.jsonl
{"exact_positive": 0, "near_miss": 0, "weak_positive": 0, "negative": 1}
Wrote 1 TRM rows to C:\projects\Hermes Skills\data\primehub_trm_autoresearch\cycle_12\stage\qwen35_9b_lisanbench_q0014.trm.jsonl
{"exact_positive": 1, "near_miss": 0, "weak_positive": 0, "negative": 0}
Wrote 1 TRM rows to C:\projects\Hermes Skills\data\primehub_trm_autoresearch\cycle_12\stage\qwen35_9b_llm_writing_detection_q0015.trm.jsonl
{"exact_positive": 0, "near_miss": 0, "weak_positive": 0, "negative": 1}
Wrote 1 TRM rows to C:\projects\Hermes Skills\data\primehub_trm_autoresearch\cycle_12\stage\qwen35_9b_logic_env_q0019.trm.jsonl
{"exact_positive": 0, "near_miss": 0, "weak_positive": 0, "negative": 1}
Wrote 1 TRM rows to C:\projects\Hermes Skills\data\primehub_trm_autoresearch\cycle_12\stage\qwen35_9b_longbench_v2_q0016.trm.jsonl
{"exact_positive": 0, "near_miss": 0, "weak_positive": 0, "negative": 1}
Wrote 1 TRM rows to C:\projects\Hermes Skills\data\primehub_trm_autoresearch\cycle_12\stage\qwen35_9b_math500_q0020.trm.jsonl
{"exact_positive": 0, "near_miss": 0, "weak_positive": 0, "negative": 1}
Wrote 1 TRM rows to C:\projects\Hermes Skills\data\primehub_trm_autoresearch\cycle_12\stage\qwen35_9b_math_env_q0021.trm.jsonl
{"exact_positive": 1, "near_miss": 0, "weak_positive": 0, "negative": 0}
Wrote 1 TRM rows to C:\projects\Hermes Skills\data\primehub_trm_autoresearch\cycle_12\stage\qwen35_9b_medsafetybench_q0017.trm.jsonl
{"exact_positive": 0, "near_miss": 0, "weak_positive": 0, "negative": 1}
Wrote 1 TRM rows to C:\projects\Hermes Skills\data\primehub_trm_autoresearch\cycle_12\stage\qwen35_9b_misguided_attn_q0018.trm.jsonl
{"exact_positive": 0, "near_miss": 0, "weak_positive": 0, "negative": 1}
Wrote 1 TRM rows to C:\projects\Hermes Skills\data\primehub_trm_autoresearch\cycle_12\stage\qwen35_9b_mmlu_pro_q0022.trm.jsonl
{"exact_positive": 0, "near_miss": 0, "weak_positive": 0, "negative": 1}
Wrote 1 TRM rows to C:\projects\Hermes Skills\data\primehub_trm_autoresearch\cycle_12\stage\qwen35_9b_mmlu_q0019.trm.jsonl
{"exact_positive": 0, "near_miss": 0, "weak_positive": 0, "negative": 1}
Wrote 1 TRM rows to C:\projects\Hermes Skills\data\primehub_trm_autoresearch\cycle_12\stage\qwen35_9b_passthrough_q0001.trm.jsonl
{"exact_positive": 0, "near_miss": 0, "weak_positive": 0, "negative": 1}
Wrote 1 TRM rows to C:\projects\Hermes Skills\data\primehub_trm_autoresearch\cycle_12\stage\qwen35_9b_passthrough_q0023.trm.jsonl
{"exact_positive": 0, "near_miss": 0, "weak_positive": 0, "negative": 1}
Wrote 2 TRM rows to C:\projects\Hermes Skills\data\primehub_trm_autoresearch\cycle_12\stage\qwen35_9b_psycho_bench_q0001.trm.jsonl
{"exact_positive": 2, "near_miss": 0, "weak_positive": 0, "negative": 0}
Wrote 0 TRM rows to C:\projects\Hermes Skills\data\primehub_trm_autoresearch\cycle_12\stage\qwen35_9b_psycho_bench_q0020.trm.jsonl
{"exact_positive": 0, "near_miss": 0, "weak_positive": 0, "negative": 0}
Wrote 2 TRM rows to C:\projects\Hermes Skills\data\primehub_trm_autoresearch\cycle_12\stage\qwen35_9b_pydantic_adherence_q0002.trm.jsonl
{"exact_positive": 0, "near_miss": 0, "weak_positive": 0, "negative": 2}
Wrote 1 TRM rows to C:\projects\Hermes Skills\data\primehub_trm_autoresearch\cycle_12\stage\qwen35_9b_reward_bench_q0003.trm.jsonl
{"exact_positive": 0, "near_miss": 0, "weak_positive": 1, "negative": 0}
Wrote 1 TRM rows to C:\projects\Hermes Skills\data\primehub_trm_autoresearch\cycle_12\stage\qwen35_9b_rust_cargo_q0004.trm.jsonl
{"exact_positive": 0, "near_miss": 0, "weak_positive": 0, "negative": 1}
Wrote 1 TRM rows to C:\projects\Hermes Skills\data\primehub_trm_autoresearch\cycle_12\stage\qwen35_9b_science_env_q0024.trm.jsonl
{"exact_positive": 0, "near_miss": 0, "weak_positive": 0, "negative": 1}
Wrote 1 TRM rows to C:\projects\Hermes Skills\data\primehub_trm_autoresearch\cycle_12\stage\qwen35_9b_simple_bench_q0005.trm.jsonl
{"exact_positive": 1, "near_miss": 0, "weak_positive": 0, "negative": 0}
Wrote 1 TRM rows to C:\projects\Hermes Skills\data\primehub_trm_autoresearch\cycle_12\stage\qwen35_9b_simpleqa_q0025.trm.jsonl
{"exact_positive": 0, "near_miss": 0, "weak_positive": 0, "negative": 1}
Wrote 1 TRM rows to C:\projects\Hermes Skills\data\primehub_trm_autoresearch\cycle_12\stage\qwen35_9b_simpleqa_verified_2_q0006.trm.jsonl
{"exact_positive": 0, "near_miss": 0, "weak_positive": 0, "negative": 1}
Wrote 1 TRM rows to C:\projects\Hermes Skills\data\primehub_trm_autoresearch\cycle_12\stage\qwen35_9b_simpleqa_verified_q0026.trm.jsonl
{"exact_positive": 0, "near_miss": 0, "weak_positive": 0, "negative": 1}
Wrote 1 TRM rows to C:\projects\Hermes Skills\data\primehub_trm_autoresearch\cycle_12\stage\qwen35_9b_truthfulqa_q0007.trm.jsonl
{"exact_positive": 1, "near_miss": 0, "weak_positive": 0, "negative": 0}
Wrote 1 TRM rows to C:\projects\Hermes Skills\data\primehub_trm_autoresearch\cycle_12\stage\qwen35_9b_unscramble_q0027.trm.jsonl
{"exact_positive": 0, "near_miss": 0, "weak_positive": 0, "negative": 1}
Wrote 1 TRM rows to C:\projects\Hermes Skills\data\primehub_trm_autoresearch\cycle_12\stage\qwen35_9b_uq_project_q0009.trm.jsonl
{"exact_positive": 0, "near_miss": 0, "weak_positive": 0, "negative": 1}
Wrote 1 TRM rows to C:\projects\Hermes Skills\data\primehub_trm_autoresearch\cycle_12\stage\qwen35_9b_uq_q0008.trm.jsonl
{"exact_positive": 0, "near_miss": 0, "weak_positive": 0, "negative": 1}
Wrote 1 TRM rows to C:\projects\Hermes Skills\data\primehub_trm_autoresearch\cycle_12\stage\qwen35_9b_verbatim_copy_q0028.trm.jsonl
{"exact_positive": 0, "near_miss": 0, "weak_positive": 0, "negative": 1}
Wrote 1 TRM rows to C:\projects\Hermes Skills\data\primehub_trm_autoresearch\cycle_12\stage\qwen35_9b_vpct_1_q0010.trm.jsonl
{"exact_positive": 0, "near_miss": 0, "weak_positive": 0, "negative": 1}
Wrote 1 TRM rows to C:\projects\Hermes Skills\data\primehub_trm_autoresearch\cycle_12\stage\qwen35_9b_winogrande_q0011.trm.jsonl
{"exact_positive": 1, "near_miss": 0, "weak_positive": 0, "negative": 0}
Wrote 1 TRM rows to C:\projects\Hermes Skills\data\primehub_trm_autoresearch\cycle_12\stage\qwen35_9b_wmdp_q0012.trm.jsonl
{"exact_positive": 0, "near_miss": 0, "weak_positive": 0, "negative": 1}
Wrote 1 TRM rows to C:\projects\Hermes Skills\data\primehub_trm_autoresearch\cycle_12\stage\qwen35_9b_writing_bench_q0013.trm.jsonl
{"exact_positive": 0, "near_miss": 0, "weak_positive": 0, "negative": 1}
Wrote 1 TRM rows to C:\projects\Hermes Skills\data\primehub_trm_autoresearch\cycle_12\stage\qwen35_27b_agency_bench_q0046.trm.jsonl
{"exact_positive": 0, "near_miss": 0, "weak_positive": 0, "negative": 1}
Wrote 1 TRM rows to C:\projects\Hermes Skills\data\primehub_trm_autoresearch\cycle_12\stage\qwen35_27b_aime2024_q0078.trm.jsonl
{"exact_positive": 0, "near_miss": 0, "weak_positive": 0, "negative": 1}
Wrote 1 TRM rows to C:\projects\Hermes Skills\data\primehub_trm_autoresearch\cycle_12\stage\qwen35_27b_aime2025_q0079.trm.jsonl
{"exact_positive": 0, "near_miss": 0, "weak_positive": 0, "negative": 1}
Wrote 1 TRM rows to C:\projects\Hermes Skills\data\primehub_trm_autoresearch\cycle_12\stage\qwen35_27b_aime2026_q0080.trm.jsonl
{"exact_positive": 0, "near_miss": 0, "weak_positive": 0, "negative": 1}
Wrote 1 TRM rows to C:\projects\Hermes Skills\data\primehub_trm_autoresearch\cycle_12\stage\qwen35_27b_allenai_ifeval_q0047.trm.jsonl
{"exact_positive": 0, "near_miss": 0, "weak_positive": 0, "negative": 1}
Wrote 1 TRM rows to C:\projects\Hermes Skills\data\primehub_trm_autoresearch\cycle_12\stage\qwen35_27b_antislop_q0048.trm.jsonl
{"exact_positive": 1, "near_miss": 0, "weak_positive": 0, "negative": 0}
Wrote 1 TRM rows to C:\projects\Hermes Skills\data\primehub_trm_autoresearch\cycle_12\stage\qwen35_27b_arc_q0049.trm.jsonl
{"exact_positive": 0, "near_miss": 0, "weak_positive": 0, "negative": 1}
Wrote 1 TRM rows to C:\projects\Hermes Skills\data\primehub_trm_autoresearch\cycle_12\stage\qwen35_27b_ascii_tree_q0050.trm.jsonl
{"exact_positive": 0, "near_miss": 0, "weak_positive": 0, "negative": 1}
Wrote 1 TRM rows to C:\projects\Hermes Skills\data\primehub_trm_autoresearch\cycle_12\stage\qwen35_27b_bixbench_q0051.trm.jsonl
{"exact_positive": 0, "near_miss": 0, "weak_positive": 0, "negative": 1}
Wrote 1 TRM rows to C:\projects\Hermes Skills\data\primehub_trm_autoresearch\cycle_12\stage\qwen35_27b_boolq_q0052.trm.jsonl
{"exact_positive": 1, "near_miss": 0, "weak_positive": 0, "negative": 0}
Wrote 1 TRM rows to C:\projects\Hermes Skills\data\primehub_trm_autoresearch\cycle_12\stage\qwen35_27b_clbench_q0081.trm.jsonl
{"exact_positive": 0, "near_miss": 0, "weak_positive": 0, "negative": 1}
Wrote 1 TRM rows to C:\projects\Hermes Skills\data\primehub_trm_autoresearch\cycle_12\stage\qwen35_27b_coconot_q0053.trm.jsonl
{"exact_positive": 0, "near_miss": 0, "weak_positive": 0, "negative": 1}
Wrote 1 TRM rows to C:\projects\Hermes Skills\data\primehub_trm_autoresearch\cycle_12\stage\qwen35_27b_colf_q0054.trm.jsonl
{"exact_positive": 0, "near_miss": 0, "weak_positive": 0, "negative": 1}
Wrote 1 TRM rows to C:\projects\Hermes Skills\data\primehub_trm_autoresearch\cycle_12\stage\qwen35_27b_deep_consult_q0055.trm.jsonl
{"exact_positive": 0, "near_miss": 0, "weak_positive": 0, "negative": 1}
Wrote 1 TRM rows to C:\projects\Hermes Skills\data\primehub_trm_autoresearch\cycle_12\stage\qwen35_27b_gauss_q0056.trm.jsonl
{"exact_positive": 0, "near_miss": 0, "weak_positive": 0, "negative": 1}
Wrote 1 TRM rows to C:\projects\Hermes Skills\data\primehub_trm_autoresearch\cycle_12\stage\qwen35_27b_hellaswag_q0057.trm.jsonl
{"exact_positive": 0, "near_miss": 0, "weak_positive": 0, "negative": 1}
Wrote 1 TRM rows to C:\projects\Hermes Skills\data\primehub_trm_autoresearch\cycle_12\stage\qwen35_27b_if_summarize_judge_q0082.trm.jsonl
{"exact_positive": 0, "near_miss": 0, "weak_positive": 0, "negative": 1}
Wrote 1 TRM rows to C:\projects\Hermes Skills\data\primehub_trm_autoresearch\cycle_12\stage\qwen35_27b_jailbreak_bench_q0058.trm.jsonl
{"exact_positive": 0, "near_miss": 0, "weak_positive": 0, "negative": 1}
Wrote 1 TRM rows to C:\projects\Hermes Skills\data\primehub_trm_autoresearch\cycle_12\stage\qwen35_27b_lisanbench_q0059.trm.jsonl
{"exact_positive": 0, "near_miss": 0, "weak_positive": 0, "negative": 1}
Wrote 1 TRM rows to C:\projects\Hermes Skills\data\primehub_trm_autoresearch\cycle_12\stage\qwen35_27b_llm_writing_detection_q0060.trm.jsonl
{"exact_positive": 0, "near_miss": 0, "weak_positive": 0, "negative": 1}
Wrote 1 TRM rows to C:\projects\Hermes Skills\data\primehub_trm_autoresearch\cycle_12\stage\qwen35_27b_logic_env_q0083.trm.jsonl
{"exact_positive": 0, "near_miss": 0, "weak_positive": 0, "negative": 1}
Wrote 1 TRM rows to C:\projects\Hermes Skills\data\primehub_trm_autoresearch\cycle_12\stage\qwen35_27b_longbench_v2_q0061.trm.jsonl
{"exact_positive": 0, "near_miss": 0, "weak_positive": 0, "negative": 1}
Wrote 1 TRM rows to C:\projects\Hermes Skills\data\primehub_trm_autoresearch\cycle_12\stage\qwen35_27b_math500_q0084.trm.jsonl
{"exact_positive": 0, "near_miss": 0, "weak_positive": 0, "negative": 1}
Wrote 1 TRM rows to C:\projects\Hermes Skills\data\primehub_trm_autoresearch\cycle_12\stage\qwen35_27b_math_env_q0085.trm.jsonl
{"exact_positive": 0, "near_miss": 0, "weak_positive": 0, "negative": 1}
Wrote 1 TRM rows to C:\projects\Hermes Skills\data\primehub_trm_autoresearch\cycle_12\stage\qwen35_27b_medsafetybench_q0062.trm.jsonl
{"exact_positive": 0, "near_miss": 0, "weak_positive": 0, "negative": 1}
Wrote 1 TRM rows to C:\projects\Hermes Skills\data\primehub_trm_autoresearch\cycle_12\stage\qwen35_27b_misguided_attn_q0063.trm.jsonl
{"exact_positive": 0, "near_miss": 0, "weak_positive": 0, "negative": 1}
Wrote 1 TRM rows to C:\projects\Hermes Skills\data\primehub_trm_autoresearch\cycle_12\stage\qwen35_27b_mmlu_pro_q0086.trm.jsonl
{"exact_positive": 0, "near_miss": 0, "weak_positive": 0, "negative": 1}
Wrote 1 TRM rows to C:\projects\Hermes Skills\data\primehub_trm_autoresearch\cycle_12\stage\qwen35_27b_mmlu_q0064.trm.jsonl
{"exact_positive": 0, "near_miss": 0, "weak_positive": 0, "negative": 1}
Wrote 1 TRM rows to C:\projects\Hermes Skills\data\primehub_trm_autoresearch\cycle_12\stage\qwen35_27b_psycho_bench_q0065.trm.jsonl
{"exact_positive": 0, "near_miss": 0, "weak_positive": 0, "negative": 1}
Wrote 1 TRM rows to C:\projects\Hermes Skills\data\primehub_trm_autoresearch\cycle_12\stage\qwen35_27b_pydantic_adherence_q0066.trm.jsonl
{"exact_positive": 0, "near_miss": 0, "weak_positive": 0, "negative": 1}
Wrote 1 TRM rows to C:\projects\Hermes Skills\data\primehub_trm_autoresearch\cycle_12\stage\qwen35_27b_reward_bench_q0067.trm.jsonl
{"exact_positive": 0, "near_miss": 0, "weak_positive": 1, "negative": 0}
Wrote 1 TRM rows to C:\projects\Hermes Skills\data\primehub_trm_autoresearch\cycle_12\stage\qwen35_27b_rust_cargo_q0068.trm.jsonl
{"exact_positive": 0, "near_miss": 0, "weak_positive": 0, "negative": 1}
Wrote 1 TRM rows to C:\projects\Hermes Skills\data\primehub_trm_autoresearch\cycle_12\stage\qwen35_27b_science_env_q0087.trm.jsonl
{"exact_positive": 0, "near_miss": 0, "weak_positive": 0, "negative": 1}
Wrote 1 TRM rows to C:\projects\Hermes Skills\data\primehub_trm_autoresearch\cycle_12\stage\qwen35_27b_simple_bench_q0069.trm.jsonl
{"exact_positive": 0, "near_miss": 0, "weak_positive": 0, "negative": 1}
Wrote 1 TRM rows to C:\projects\Hermes Skills\data\primehub_trm_autoresearch\cycle_12\stage\qwen35_27b_simpleqa_q0088.trm.jsonl
{"exact_positive": 0, "near_miss": 0, "weak_positive": 0, "negative": 1}
Wrote 1 TRM rows to C:\projects\Hermes Skills\data\primehub_trm_autoresearch\cycle_12\stage\qwen35_27b_simpleqa_verified_2_q0070.trm.jsonl
{"exact_positive": 0, "near_miss": 0, "weak_positive": 0, "negative": 1}
Wrote 1 TRM rows to C:\projects\Hermes Skills\data\primehub_trm_autoresearch\cycle_12\stage\qwen35_27b_simpleqa_verified_q0089.trm.jsonl
{"exact_positive": 0, "near_miss": 0, "weak_positive": 0, "negative": 1}
Wrote 1 TRM rows to C:\projects\Hermes Skills\data\primehub_trm_autoresearch\cycle_12\stage\qwen35_27b_truthfulqa_q0071.trm.jsonl
{"exact_positive": 0, "near_miss": 0, "weak_positive": 0, "negative": 1}
Wrote 1 TRM rows to C:\projects\Hermes Skills\data\primehub_trm_autoresearch\cycle_12\stage\qwen35_27b_unscramble_q0090.trm.jsonl
{"exact_positive": 0, "near_miss": 0, "weak_positive": 0, "negative": 1}
Wrote 1 TRM rows to C:\projects\Hermes Skills\data\primehub_trm_autoresearch\cycle_12\stage\qwen35_27b_uq_project_q0073.trm.jsonl
{"exact_positive": 0, "near_miss": 0, "weak_positive": 0, "negative": 1}
Wrote 1 TRM rows to C:\projects\Hermes Skills\data\primehub_trm_autoresearch\cycle_12\stage\qwen35_27b_uq_q0072.trm.jsonl
{"exact_positive": 0, "near_miss": 0, "weak_positive": 0, "negative": 1}
Wrote 1 TRM rows to C:\projects\Hermes Skills\data\primehub_trm_autoresearch\cycle_12\stage\qwen35_27b_vpct_1_q0074.trm.jsonl
{"exact_positive": 0, "near_miss": 0, "weak_positive": 0, "negative": 1}
Wrote 1 TRM rows to C:\projects\Hermes Skills\data\primehub_trm_autoresearch\cycle_12\stage\qwen35_27b_winogrande_q0075.trm.jsonl
{"exact_positive": 1, "near_miss": 0, "weak_positive": 0, "negative": 0}
Wrote 1 TRM rows to C:\projects\Hermes Skills\data\primehub_trm_autoresearch\cycle_12\stage\qwen35_27b_wmdp_q0076.trm.jsonl
{"exact_positive": 0, "near_miss": 0, "weak_positive": 0, "negative": 1}
Wrote 1 TRM rows to C:\projects\Hermes Skills\data\primehub_trm_autoresearch\cycle_12\stage\qwen35_27b_writing_bench_q0077.trm.jsonl
{"exact_positive": 0, "near_miss": 0, "weak_positive": 0, "negative": 1}
Wrote 1 TRM rows to C:\projects\Hermes Skills\data\primehub_trm_autoresearch\cycle_12\stage\qwen35_9b_agency_bench_q0001.trm.jsonl
{"exact_positive": 0, "near_miss": 0, "weak_positive": 0, "negative": 1}
Wrote 1 TRM rows to C:\projects\Hermes Skills\data\primehub_trm_autoresearch\cycle_12\stage\qwen35_9b_aime2024_q0033.trm.jsonl
{"exact_positive": 0, "near_miss": 0, "weak_positive": 0, "negative": 1}
Wrote 1 TRM rows to C:\projects\Hermes Skills\data\primehub_trm_autoresearch\cycle_12\stage\qwen35_9b_aime2025_q0034.trm.jsonl
{"exact_positive": 0, "near_miss": 0, "weak_positive": 0, "negative": 1}
Wrote 1 TRM rows to C:\projects\Hermes Skills\data\primehub_trm_autoresearch\cycle_12\stage\qwen35_9b_aime2026_q0035.trm.jsonl
{"exact_positive": 0, "near_miss": 0, "weak_positive": 0, "negative": 1}
Wrote 1 TRM rows to C:\projects\Hermes Skills\data\primehub_trm_autoresearch\cycle_12\stage\qwen35_9b_allenai_ifeval_q0002.trm.jsonl
{"exact_positive": 0, "near_miss": 0, "weak_positive": 0, "negative": 1}
Wrote 1 TRM rows to C:\projects\Hermes Skills\data\primehub_trm_autoresearch\cycle_12\stage\qwen35_9b_antislop_q0003.trm.jsonl
{"exact_positive": 1, "near_miss": 0, "weak_positive": 0, "negative": 0}
Wrote 1 TRM rows to C:\projects\Hermes Skills\data\primehub_trm_autoresearch\cycle_12\stage\qwen35_9b_arc_q0004.trm.jsonl
{"exact_positive": 1, "near_miss": 0, "weak_positive": 0, "negative": 0}
Wrote 1 TRM rows to C:\projects\Hermes Skills\data\primehub_trm_autoresearch\cycle_12\stage\qwen35_9b_ascii_tree_q0005.trm.jsonl
{"exact_positive": 0, "near_miss": 0, "weak_positive": 1, "negative": 0}
Wrote 1 TRM rows to C:\projects\Hermes Skills\data\primehub_trm_autoresearch\cycle_12\stage\qwen35_9b_bixbench_q0006.trm.jsonl
{"exact_positive": 0, "near_miss": 0, "weak_positive": 0, "negative": 1}
Wrote 1 TRM rows to C:\projects\Hermes Skills\data\primehub_trm_autoresearch\cycle_12\stage\qwen35_9b_boolq_q0007.trm.jsonl
{"exact_positive": 1, "near_miss": 0, "weak_positive": 0, "negative": 0}
Wrote 1 TRM rows to C:\projects\Hermes Skills\data\primehub_trm_autoresearch\cycle_12\stage\qwen35_9b_clbench_q0036.trm.jsonl
{"exact_positive": 0, "near_miss": 0, "weak_positive": 0, "negative": 1}
Wrote 1 TRM rows to C:\projects\Hermes Skills\data\primehub_trm_autoresearch\cycle_12\stage\qwen35_9b_coconot_q0008.trm.jsonl
{"exact_positive": 0, "near_miss": 0, "weak_positive": 0, "negative": 1}
Wrote 1 TRM rows to C:\projects\Hermes Skills\data\primehub_trm_autoresearch\cycle_12\stage\qwen35_9b_colf_q0009.trm.jsonl
{"exact_positive": 0, "near_miss": 0, "weak_positive": 0, "negative": 1}
Wrote 1 TRM rows to C:\projects\Hermes Skills\data\primehub_trm_autoresearch\cycle_12\stage\qwen35_9b_deep_consult_q0010.trm.jsonl
{"exact_positive": 0, "near_miss": 0, "weak_positive": 0, "negative": 1}
Wrote 1 TRM rows to C:\projects\Hermes Skills\data\primehub_trm_autoresearch\cycle_12\stage\qwen35_9b_gauss_q0011.trm.jsonl
{"exact_positive": 0, "near_miss": 0, "weak_positive": 0, "negative": 1}
Wrote 1 TRM rows to C:\projects\Hermes Skills\data\primehub_trm_autoresearch\cycle_12\stage\qwen35_9b_hellaswag_q0012.trm.jsonl
{"exact_positive": 1, "near_miss": 0, "weak_positive": 0, "negative": 0}
Wrote 1 TRM rows to C:\projects\Hermes Skills\data\primehub_trm_autoresearch\cycle_12\stage\qwen35_9b_if_summarize_judge_q0037.trm.jsonl
{"exact_positive": 0, "near_miss": 0, "weak_positive": 0, "negative": 1}
Wrote 1 TRM rows to C:\projects\Hermes Skills\data\primehub_trm_autoresearch\cycle_12\stage\qwen35_9b_jailbreak_bench_q0013.trm.jsonl
{"exact_positive": 0, "near_miss": 0, "weak_positive": 0, "negative": 1}
Wrote 1 TRM rows to C:\projects\Hermes Skills\data\primehub_trm_autoresearch\cycle_12\stage\qwen35_9b_lisanbench_q0014.trm.jsonl
{"exact_positive": 1, "near_miss": 0, "weak_positive": 0, "negative": 0}
Wrote 1 TRM rows to C:\projects\Hermes Skills\data\primehub_trm_autoresearch\cycle_12\stage\qwen35_9b_llm_writing_detection_q0015.trm.jsonl
{"exact_positive": 0, "near_miss": 0, "weak_positive": 0, "negative": 1}
Wrote 1 TRM rows to C:\projects\Hermes Skills\data\primehub_trm_autoresearch\cycle_12\stage\qwen35_9b_logic_env_q0038.trm.jsonl
{"exact_positive": 0, "near_miss": 0, "weak_positive": 0, "negative": 1}
Wrote 1 TRM rows to C:\projects\Hermes Skills\data\primehub_trm_autoresearch\cycle_12\stage\qwen35_9b_longbench_v2_q0016.trm.jsonl
{"exact_positive": 0, "near_miss": 0, "weak_positive": 0, "negative": 1}
Wrote 1 TRM rows to C:\projects\Hermes Skills\data\primehub_trm_autoresearch\cycle_12\stage\qwen35_9b_math500_q0039.trm.jsonl
{"exact_positive": 0, "near_miss": 0, "weak_positive": 0, "negative": 1}
Wrote 1 TRM rows to C:\projects\Hermes Skills\data\primehub_trm_autoresearch\cycle_12\stage\qwen35_9b_math_env_q0040.trm.jsonl
{"exact_positive": 1, "near_miss": 0, "weak_positive": 0, "negative": 0}
Wrote 1 TRM rows to C:\projects\Hermes Skills\data\primehub_trm_autoresearch\cycle_12\stage\qwen35_9b_medsafetybench_q0017.trm.jsonl
{"exact_positive": 0, "near_miss": 0, "weak_positive": 0, "negative": 1}
Wrote 1 TRM rows to C:\projects\Hermes Skills\data\primehub_trm_autoresearch\cycle_12\stage\qwen35_9b_misguided_attn_q0018.trm.jsonl
{"exact_positive": 0, "near_miss": 0, "weak_positive": 0, "negative": 1}
Wrote 1 TRM rows to C:\projects\Hermes Skills\data\primehub_trm_autoresearch\cycle_12\stage\qwen35_9b_mmlu_pro_q0041.trm.jsonl
{"exact_positive": 0, "near_miss": 0, "weak_positive": 0, "negative": 1}
Wrote 1 TRM rows to C:\projects\Hermes Skills\data\primehub_trm_autoresearch\cycle_12\stage\qwen35_9b_mmlu_q0019.trm.jsonl
{"exact_positive": 0, "near_miss": 0, "weak_positive": 0, "negative": 1}
Wrote 1 TRM rows to C:\projects\Hermes Skills\data\primehub_trm_autoresearch\cycle_12\stage\qwen35_9b_psycho_bench_q0020.trm.jsonl
{"exact_positive": 1, "near_miss": 0, "weak_positive": 0, "negative": 0}
Wrote 1 TRM rows to C:\projects\Hermes Skills\data\primehub_trm_autoresearch\cycle_12\stage\qwen35_9b_pydantic_adherence_q0021.trm.jsonl
{"exact_positive": 0, "near_miss": 0, "weak_positive": 0, "negative": 1}
Wrote 1 TRM rows to C:\projects\Hermes Skills\data\primehub_trm_autoresearch\cycle_12\stage\qwen35_9b_reward_bench_q0022.trm.jsonl
{"exact_positive": 0, "near_miss": 0, "weak_positive": 1, "negative": 0}
Wrote 1 TRM rows to C:\projects\Hermes Skills\data\primehub_trm_autoresearch\cycle_12\stage\qwen35_9b_rust_cargo_q0023.trm.jsonl
{"exact_positive": 0, "near_miss": 0, "weak_positive": 0, "negative": 1}
Wrote 1 TRM rows to C:\projects\Hermes Skills\data\primehub_trm_autoresearch\cycle_12\stage\qwen35_9b_science_env_q0042.trm.jsonl
{"exact_positive": 0, "near_miss": 0, "weak_positive": 0, "negative": 1}
Wrote 1 TRM rows to C:\projects\Hermes Skills\data\primehub_trm_autoresearch\cycle_12\stage\qwen35_9b_simple_bench_q0024.trm.jsonl
{"exact_positive": 1, "near_miss": 0, "weak_positive": 0, "negative": 0}
Wrote 1 TRM rows to C:\projects\Hermes Skills\data\primehub_trm_autoresearch\cycle_12\stage\qwen35_9b_simpleqa_q0043.trm.jsonl
{"exact_positive": 0, "near_miss": 0, "weak_positive": 0, "negative": 1}
Wrote 1 TRM rows to C:\projects\Hermes Skills\data\primehub_trm_autoresearch\cycle_12\stage\qwen35_9b_simpleqa_verified_2_q0025.trm.jsonl
{"exact_positive": 0, "near_miss": 0, "weak_positive": 0, "negative": 1}
Wrote 1 TRM rows to C:\projects\Hermes Skills\data\primehub_trm_autoresearch\cycle_12\stage\qwen35_9b_simpleqa_verified_q0044.trm.jsonl
{"exact_positive": 0, "near_miss": 0, "weak_positive": 0, "negative": 1}
Wrote 1 TRM rows to C:\projects\Hermes Skills\data\primehub_trm_autoresearch\cycle_12\stage\qwen35_9b_truthfulqa_q0026.trm.jsonl
{"exact_positive": 1, "near_miss": 0, "weak_positive": 0, "negative": 0}
Wrote 1 TRM rows to C:\projects\Hermes Skills\data\primehub_trm_autoresearch\cycle_12\stage\qwen35_9b_unscramble_q0045.trm.jsonl
{"exact_positive": 0, "near_miss": 0, "weak_positive": 0, "negative": 1}
Wrote 1 TRM rows to C:\projects\Hermes Skills\data\primehub_trm_autoresearch\cycle_12\stage\qwen35_9b_uq_project_q0028.trm.jsonl
{"exact_positive": 0, "near_miss": 0, "weak_positive": 0, "negative": 1}
Wrote 1 TRM rows to C:\projects\Hermes Skills\data\primehub_trm_autoresearch\cycle_12\stage\qwen35_9b_uq_q0027.trm.jsonl
{"exact_positive": 0, "near_miss": 0, "weak_positive": 0, "negative": 1}
Wrote 1 TRM rows to C:\projects\Hermes Skills\data\primehub_trm_autoresearch\cycle_12\stage\qwen35_9b_vpct_1_q0029.trm.jsonl
{"exact_positive": 0, "near_miss": 0, "weak_positive": 0, "negative": 1}
Wrote 1 TRM rows to C:\projects\Hermes Skills\data\primehub_trm_autoresearch\cycle_12\stage\qwen35_9b_winogrande_q0030.trm.jsonl
{"exact_positive": 1, "near_miss": 0, "weak_positive": 0, "negative": 0}
Wrote 1 TRM rows to C:\projects\Hermes Skills\data\primehub_trm_autoresearch\cycle_12\stage\qwen35_9b_wmdp_q0031.trm.jsonl
{"exact_positive": 0, "near_miss": 0, "weak_positive": 0, "negative": 1}
Wrote 1 TRM rows to C:\projects\Hermes Skills\data\primehub_trm_autoresearch\cycle_12\stage\qwen35_9b_writing_bench_q0032.trm.jsonl
{"exact_positive": 0, "near_miss": 0, "weak_positive": 0, "negative": 1}
Wrote 195 merged TRM rows to C:\projects\Hermes Skills\data\primehub_trm_autoresearch\cycle_12\primehub_trm_merged.jsonl
{"negative": 166, "exact_positive": 24, "weak_positive": 5}
Wrote critic model with 195 examples to C:\projects\Hermes Skills\data\primehub_trm_autoresearch\cycle_12\models\trm_critic.json
{'negative': 166, 'exact_positive': 24, 'weak_positive': 5}
Wrote benchmark summary to C:\projects\Hermes Skills\data\primehub_trm_autoresearch\cycle_12\bench\trm_critic_bench.summary.json
{"eval_rows": 32, "bucket_accuracy": 0.75, "per_family": {"primehub": {"rows": 32, "bucket_accuracy": 0.75, "avg_bucket_abs_error": 0.75, "visible_output_accuracy": 0.4688, "avg_grid_cell_accuracy_abs_error": null}}}
Wrote retriever model with 24 examples to C:\projects\Hermes Skills\data\primehub_trm_autoresearch\cycle_12\models\trm_retriever.json
{"exact_positive": 24}
Wrote benchmark summary to C:\projects\Hermes Skills\data\primehub_trm_autoresearch\cycle_12\bench\trm_retriever_bench.summary.json
{"eval_rows": 32, "exact_match_rate": 0.0625, "per_family": {"primehub": {"rows": 32, "exact_match_rate": 0.0625, "nonempty_prediction_rate": 1.0, "avg_similarity": 0.3618, "avg_grid_cell_accuracy": null}}}
Wrote router benchmark summary to C:\projects\Hermes Skills\data\primehub_trm_autoresearch\cycle_12\bench\trm_router_bench.summary.json
{"eval_rows": 32, "retrieval_only": {"exact_match_rate": 0.0625, "nonempty_prediction_rate": 1.0, "avg_grid_cell_accuracy": null}, "critic_gated": {"exact_match_rate": 0.0, "nonempty_prediction_rate": 0.0938, "route_abstain_rate": 0.9062, "avg_grid_cell_accuracy": null}}
{
  "manifest": "C:\\projects\\Hermes Skills\\data\\primehub_trm_autoresearch\\cycle_12\\primehub_trm_rollup.manifest.json",
  "merged_rows": 195,
  "bucket_counts": {
    "negative": 166,
    "exact_positive": 24,
    "weak_positive": 5
  }
}
{
  "output_json": "C:\\projects\\Hermes Skills\\data\\primehub_trm_autoresearch\\cycle_12\\imprint\\primehub_skill_imprint.json",
  "output_md": "C:\\projects\\Hermes Skills\\data\\primehub_trm_autoresearch\\cycle_12\\imprint\\primehub_skill_imprint.md",
  "rows": 195
}
